class,uid,assigned_type,assigned_key,call_offset,UID,ScriptName,BaseColour,Name,Driver,DefaultLocked,Custom,Package,World,Rookie,Season,InSeasonPass,Date,UnlockCodes,BaseLayerID
LIVERIE_c,12602,,12602,0x129BB,12602,TELEMETRYCHEVROLET,"BaseColour_c(0, 0, 180)",S_LIV_PRIMARY,"DRIVER_c(12601, S_DRIVER_TITLE, None, True, True, , 129106177, False, False)",False,False,DLCPACKAGE_c(7581),None,False,"RACESERIES_c(9670, S_SERIES_SPRINT_CUP, 9671, [], [], 2012, True, None)",False,131858689,,-1
LIVERIE_c,12603,,12603,0x12A03,12603,TELEMETRYDODGE,"BaseColour_c(0, 0, 180)",S_LIV_PRIMARY,"DRIVER_c(12608, S_DRIVER_TITLE, None, True, True, , 129106177, False, False)",False,False,DLCPACKAGE_c(7581),None,False,"RACESERIES_c(9670, S_SERIES_SPRINT_CUP, 9671, [], [], 2012, True, None)",False,131858689,,-1
LIVERIE_c,12604,,12604,0x12A4B,12604,TELEMETRYFORD,"BaseColour_c(0, 0, 180)",S_LIV_PRIMARY,"DRIVER_c(12609, S_DRIVER_TITLE, None, True, True, , 129106177, False, False)",False,False,DLCPACKAGE_c(7581),None,False,"RACESERIES_c(9670, S_SERIES_SPRINT_CUP, 9671, [], [], 2012, True, None)",False,131858689,,-1
LIVERIE_c,12605,,12605,0x12A93,12605,TELEMETRYTOYOTA,"BaseColour_c(0, 0, 180)",S_LIV_PRIMARY,"DRIVER_c(12610, S_DRIVER_TITLE, None, True, True, , 129106177, False, False)",False,False,DLCPACKAGE_c(7581),None,False,"RACESERIES_c(9670, S_SERIES_SPRINT_CUP, 9671, [], [], 2012, True, None)",False,131858689,,-1
LIVERIE_c,18769,,18769,0x12ADB,18769,DLC_LIV_02_KESELOWSKI_2013,"BaseColour_c(106, 181, 0)",,"DRIVER_c(1115, S_DRIVER_B_KESELOWSKI, None, False, True, keselowski, 131793153, True, False)",False,False,DLCPACKAGE_c(7581),"WORLDSCRIPT_c(1180, 1181, S_WORLD_DAYTONA_BEACH, 31.0, 2.5, None, S_WORLD_LOC_DAYTONA_BEACH, None, False, 10, 31, 168000, 128385558, [], 47.567, None, S_HDRIVER_R_PETTY, S_HDRIVER_R_PETTY, S_DRIVER_B_ELLIOT, S_HDRIVER_B_BAKER, False, 15.0, 22.0, 210.364, 177.602, 63, False, None, S_HDRIVER_R_PETTY, [], 52.435, 12.0, 27.0, 56.883, 49.463, 0.985, Daytona)",False,"RACESERIES_c(22538, S_SERIES_SPRINT_CUP, 22539, [], [], 2014, False, None)",False,131924504,,-1
LIVERIE_c,18770,,18770,0x12B23,18770,DLC_LIV_10_PATRICK_2013,"BaseColour_c(106, 181, 0)",,"DRIVER_c(5758, S_DRIVER_D_PATRICK, None, False, False, DanicaPatrick, 129106177, True, False)",False,False,DLCPACKAGE_c(7581),"WORLDSCRIPT_c(1180, 1181, S_WORLD_DAYTONA_BEACH, 31.0, 2.5, None, S_WORLD_LOC_DAYTONA_BEACH, None, False, 10, 31, 168000, 128385558, [], 47.567, None, S_HDRIVER_R_PETTY, S_HDRIVER_R_PETTY, S_DRIVER_B_ELLIOT, S_HDRIVER_B_BAKER, False, 15.0, 22.0, 210.364, 177.602, 63, False, None, S_HDRIVER_R_PETTY, [], 52.435, 12.0, 27.0, 56.883, 49.463, 0.985, Daytona)",False,"RACESERIES_c(22538, S_SERIES_SPRINT_CUP, 22539, [], [], 2014, False, None)",False,131924504,,-1
LIVERIE_c,18771,,18771,0x12B6B,18771,DLC_LIV_11_HAMLIN_2013,"BaseColour_c(106, 181, 0)",,"DRIVER_c(1107, S_DRIVER_D_HAMLIN, None, False, True, dennyhamlin, 131793153, True, True)",False,False,DLCPACKAGE_c(7581),"WORLDSCRIPT_c(1180, 1181, S_WORLD_DAYTONA_BEACH, 31.0, 2.5, None, S_WORLD_LOC_DAYTONA_BEACH, None, False, 10, 31, 168000, 128385558, [], 47.567, None, S_HDRIVER_R_PETTY, S_HDRIVER_R_PETTY, S_DRIVER_B_ELLIOT, S_HDRIVER_B_BAKER, False, 15.0, 22.0, 210.364, 177.602, 63, False, None, S_HDRIVER_R_PETTY, [], 52.435, 12.0, 27.0, 56.883, 49.463, 0.985, Daytona)",False,"RACESERIES_c(22538, S_SERIES_SPRINT_CUP, 22539, [], [], 2014, False, None)",False,131924504,,-1
LIVERIE_c,18773,,18773,0x12BB3,18773,DLC_LIV_13_MEARS_2013,"BaseColour_c(106, 181, 0)",,"DRIVER_c(1124, S_DRIVER_C_MEARS, None, False, True, CaseyMears13, 129106177, False, False)",True,False,DLCPACKAGE_c(7581),"WORLDSCRIPT_c(1180, 1181, S_WORLD_DAYTONA_BEACH, 31.0, 2.5, None, S_WORLD_LOC_DAYTONA_BEACH, None, False, 10, 31, 168000, 128385558, [], 47.567, None, S_HDRIVER_R_PETTY, S_HDRIVER_R_PETTY, S_DRIVER_B_ELLIOT, S_HDRIVER_B_BAKER, False, 15.0, 22.0, 210.364, 177.602, 63, False, None, S_HDRIVER_R_PETTY, [], 52.435, 12.0, 27.0, 56.883, 49.463, 0.985, Daytona)",False,"RACESERIES_c(18306, S_SERIES_SPRINT_CUP, 18307, [], [], 2013, False, None)",False,131924504,,-1
LIVERIE_c,18774,,18774,0x12BFB,18774,DLC_LIV_14_STEWART_2013,"BaseColour_c(106, 181, 0)",,"DRIVER_c(1136, S_DRIVER_T_STEWART, None, False, True, tonystewart, 131793153, False, True)",False,False,DLCPACKAGE_c(7581),"WORLDSCRIPT_c(1180, 1181, S_WORLD_DAYTONA_BEACH, 31.0, 2.5, None, S_WORLD_LOC_DAYTONA_BEACH, None, False, 10, 31, 168000, 128385558, [], 47.567, None, S_HDRIVER_R_PETTY, S_HDRIVER_R_PETTY, S_DRIVER_B_ELLIOT, S_HDRIVER_B_BAKER, False, 15.0, 22.0, 210.364, 177.602, 63, False, None, S_HDRIVER_R_PETTY, [], 52.435, 12.0, 27.0, 56.883, 49.463, 0.985, Daytona)",False,"RACESERIES_c(22538, S_SERIES_SPRINT_CUP, 22539, [], [], 2014, False, None)",False,131924504,,-1
LIVERIE_c,18775,,18775,0x12C43,18775,DLC_LIV_15_BOWYER_2013,"BaseColour_c(106, 181, 0)",,"DRIVER_c(1092, S_DRIVER_C_BOWYER, None, False, True, ClintBowyer, 131727617, False, False)",False,False,DLCPACKAGE_c(7581),"WORLDSCRIPT_c(1180, 1181, S_WORLD_DAYTONA_BEACH, 31.0, 2.5, None, S_WORLD_LOC_DAYTONA_BEACH, None, False, 10, 31, 168000, 128385558, [], 47.567, None, S_HDRIVER_R_PETTY, S_HDRIVER_R_PETTY, S_DRIVER_B_ELLIOT, S_HDRIVER_B_BAKER, False, 15.0, 22.0, 210.364, 177.602, 63, False, None, S_HDRIVER_R_PETTY, [], 52.435, 12.0, 27.0, 56.883, 49.463, 0.985, Daytona)",False,"RACESERIES_c(22538, S_SERIES_SPRINT_CUP, 22539, [], [], 2014, False, None)",False,131924504,,-1
LIVERIE_c,18776,,18776,0x12C8B,18776,DLC_LIV_16_BIFFLE_2013,"BaseColour_c(106, 181, 0)",,"DRIVER_c(1090, S_DRIVER_G_BIFFLE, None, False, True, gbiffle, 131727617, False, False)",False,False,DLCPACKAGE_c(7581),"WORLDSCRIPT_c(1180, 1181, S_WORLD_DAYTONA_BEACH, 31.0, 2.5, None, S_WORLD_LOC_DAYTONA_BEACH, None, False, 10, 31, 168000, 128385558, [], 47.567, None, S_HDRIVER_R_PETTY, S_HDRIVER_R_PETTY, S_DRIVER_B_ELLIOT, S_HDRIVER_B_BAKER, False, 15.0, 22.0, 210.364, 177.602, 63, False, None, S_HDRIVER_R_PETTY, [], 52.435, 12.0, 27.0, 56.883, 49.463, 0.985, Daytona)",False,"RACESERIES_c(22538, S_SERIES_SPRINT_CUP, 22539, [], [], 2014, False, None)",False,131924504,,-1
LIVERIE_c,18778,,18778,0x12CD3,18778,DLC_LIV_18_BUSCH_2013,"BaseColour_c(106, 181, 0)",,"DRIVER_c(1096, S_DRIVER_K_BUSCH_02, None, False, True, kylebusch, 131793153, True, True)",False,False,DLCPACKAGE_c(7581),"WORLDSCRIPT_c(1180, 1181, S_WORLD_DAYTONA_BEACH, 31.0, 2.5, None, S_WORLD_LOC_DAYTONA_BEACH, None, False, 10, 31, 168000, 128385558, [], 47.567, None, S_HDRIVER_R_PETTY, S_HDRIVER_R_PETTY, S_DRIVER_B_ELLIOT, S_HDRIVER_B_BAKER, False, 15.0, 22.0, 210.364, 177.602, 63, False, None, S_HDRIVER_R_PETTY, [], 52.435, 12.0, 27.0, 56.883, 49.463, 0.985, Daytona)",False,"RACESERIES_c(22538, S_SERIES_SPRINT_CUP, 22539, [], [], 2014, False, None)",False,131924504,,-1
LIVERIE_c,18779,,18779,0x12D1B,18779,DLC_LIV_1_MCMURRAY_2013,"BaseColour_c(106, 181, 0)",,"DRIVER_c(1121, S_DRIVER_J_MCMURRAY, None, False, True, JamieMcMurray, 131727617, True, False)",False,False,DLCPACKAGE_c(7581),"WORLDSCRIPT_c(1180, 1181, S_WORLD_DAYTONA_BEACH, 31.0, 2.5, None, S_WORLD_LOC_DAYTONA_BEACH, None, False, 10, 31, 168000, 128385558, [], 47.567, None, S_HDRIVER_R_PETTY, S_HDRIVER_R_PETTY, S_DRIVER_B_ELLIOT, S_HDRIVER_B_BAKER, False, 15.0, 22.0, 210.364, 177.602, 63, False, None, S_HDRIVER_R_PETTY, [], 52.435, 12.0, 27.0, 56.883, 49.463, 0.985, Daytona)",False,"RACESERIES_c(22538, S_SERIES_SPRINT_CUP, 22539, [], [], 2014, False, None)",False,131924504,,-1
LIVERIE_c,18781,,18781,0x12D63,18781,DLC_LIV_21_BAYNE_2013,"BaseColour_c(106, 181, 0)",,"DRIVER_c(5766, S_DRIVER_T_BAYNE, None, False, True, tbayne21, 131793153, False, False)",True,False,DLCPACKAGE_c(7581),"WORLDSCRIPT_c(1180, 1181, S_WORLD_DAYTONA_BEACH, 31.0, 2.5, None, S_WORLD_LOC_DAYTONA_BEACH, None, False, 10, 31, 168000, 128385558, [], 47.567, None, S_HDRIVER_R_PETTY, S_HDRIVER_R_PETTY, S_DRIVER_B_ELLIOT, S_HDRIVER_B_BAKER, False, 15.0, 22.0, 210.364, 177.602, 63, False, None, S_HDRIVER_R_PETTY, [], 52.435, 12.0, 27.0, 56.883, 49.463, 0.985, Daytona)",False,"RACESERIES_c(22538, S_SERIES_SPRINT_CUP, 22539, [], [], 2014, False, None)",False,131924504,,-1
LIVERIE_c,18782,,18782,0x12DAB,18782,DLC_LIV_24_GORDON_2013,"BaseColour_c(106, 181, 0)",,"DRIVER_c(1105, S_DRIVER_J_GORDON, None, False, True, JeffGordonWeb, 131793153, True, True)",False,False,DLCPACKAGE_c(7581),"WORLDSCRIPT_c(1180, 1181, S_WORLD_DAYTONA_BEACH, 31.0, 2.5, None, S_WORLD_LOC_DAYTONA_BEACH, None, False, 10, 31, 168000, 128385558, [], 47.567, None, S_HDRIVER_R_PETTY, S_HDRIVER_R_PETTY, S_DRIVER_B_ELLIOT, S_HDRIVER_B_BAKER, False, 15.0, 22.0, 210.364, 177.602, 63, False, None, S_HDRIVER_R_PETTY, [], 52.435, 12.0, 27.0, 56.883, 49.463, 0.985, Daytona)",False,"RACESERIES_c(22538, S_SERIES_SPRINT_CUP, 22539, [], [], 2014, False, None)",False,131924504,,-1
LIVERIE_c,18783,,18783,0x12DF3,18783,DLC_LIV_26_WISE_2013,"BaseColour_c(106, 181, 0)",,"DRIVER_c(7174, S_DRIVER_J_WISE, None, False, True, Josh_Wise, 129106177, False, False)",True,False,DLCPACKAGE_c(7581),"WORLDSCRIPT_c(1180, 1181, S_WORLD_DAYTONA_BEACH, 31.0, 2.5, None, S_WORLD_LOC_DAYTONA_BEACH, None, False, 10, 31, 168000, 128385558, [], 47.567, None, S_HDRIVER_R_PETTY, S_HDRIVER_R_PETTY, S_DRIVER_B_ELLIOT, S_HDRIVER_B_BAKER, False, 15.0, 22.0, 210.364, 177.602, 63, False, None, S_HDRIVER_R_PETTY, [], 52.435, 12.0, 27.0, 56.883, 49.463, 0.985, Daytona)",False,"RACESERIES_c(18306, S_SERIES_SPRINT_CUP, 18307, [], [], 2013, False, None)",False,131924504,,-1
LIVERIE_c,18784,,18784,0x12E3B,18784,DLC_LIV_27_MENARD_2013,"BaseColour_c(106, 181, 0)",,"DRIVER_c(1123, S_DRIVER_P_MENARD, None, False, True, RCR27PMenard, 131793153, False, False)",True,False,DLCPACKAGE_c(7581),"WORLDSCRIPT_c(1180, 1181, S_WORLD_DAYTONA_BEACH, 31.0, 2.5, None, S_WORLD_LOC_DAYTONA_BEACH, None, False, 10, 31, 168000, 128385558, [], 47.567, None, S_HDRIVER_R_PETTY, S_HDRIVER_R_PETTY, S_DRIVER_B_ELLIOT, S_HDRIVER_B_BAKER, False, 15.0, 22.0, 210.364, 177.602, 63, False, None, S_HDRIVER_R_PETTY, [], 52.435, 12.0, 27.0, 56.883, 49.463, 0.985, Daytona)",False,"RACESERIES_c(22538, S_SERIES_SPRINT_CUP, 22539, [], [], 2014, False, None)",False,131924504,,-1
LIVERIE_c,18785,,18785,0x12E83,18785,DLC_LIV_29_HARVICK_2013,"BaseColour_c(106, 181, 0)",,"DRIVER_c(1108, S_DRIVER_K_HARVICK, None, False, True, KevinHarvick, 131793153, True, True)",True,False,DLCPACKAGE_c(7581),"WORLDSCRIPT_c(1180, 1181, S_WORLD_DAYTONA_BEACH, 31.0, 2.5, None, S_WORLD_LOC_DAYTONA_BEACH, None, False, 10, 31, 168000, 128385558, [], 47.567, None, S_HDRIVER_R_PETTY, S_HDRIVER_R_PETTY, S_DRIVER_B_ELLIOT, S_HDRIVER_B_BAKER, False, 15.0, 22.0, 210.364, 177.602, 63, False, None, S_HDRIVER_R_PETTY, [], 52.435, 12.0, 27.0, 56.883, 49.463, 0.985, Daytona)",False,"RACESERIES_c(18306, S_SERIES_SPRINT_CUP, 18307, [], [], 2013, False, None)",False,131924504,,-1
LIVERIE_c,18786,,18786,0x12ECB,18786,DLC_LIV_30_STREMME_2013,"BaseColour_c(106, 181, 0)",,"DRIVER_c(1137, S_DRIVER_D_STREMME, None, False, True, DavidStremme, 129106177, False, False)",True,False,DLCPACKAGE_c(7581),"WORLDSCRIPT_c(1180, 1181, S_WORLD_DAYTONA_BEACH, 31.0, 2.5, None, S_WORLD_LOC_DAYTONA_BEACH, None, False, 10, 31, 168000, 128385558, [], 47.567, None, S_HDRIVER_R_PETTY, S_HDRIVER_R_PETTY, S_DRIVER_B_ELLIOT, S_HDRIVER_B_BAKER, False, 15.0, 22.0, 210.364, 177.602, 63, False, None, S_HDRIVER_R_PETTY, [], 52.435, 12.0, 27.0, 56.883, 49.463, 0.985, Daytona)",False,"RACESERIES_c(18306, S_SERIES_SPRINT_CUP, 18307, [], [], 2013, False, None)",False,131924504,,-1
LIVERIE_c,18787,,18787,0x12F13,18787,DLC_LIV_31_BURTON_2013,"BaseColour_c(106, 181, 0)",,"DRIVER_c(1094, S_DRIVER_J_BURTON, None, False, True, RCR31JeffBurton, 129106177, False, False)",True,False,DLCPACKAGE_c(7581),"WORLDSCRIPT_c(1180, 1181, S_WORLD_DAYTONA_BEACH, 31.0, 2.5, None, S_WORLD_LOC_DAYTONA_BEACH, None, False, 10, 31, 168000, 128385558, [], 47.567, None, S_HDRIVER_R_PETTY, S_HDRIVER_R_PETTY, S_DRIVER_B_ELLIOT, S_HDRIVER_B_BAKER, False, 15.0, 22.0, 210.364, 177.602, 63, False, None, S_HDRIVER_R_PETTY, [], 52.435, 12.0, 27.0, 56.883, 49.463, 0.985, Daytona)",False,"RACESERIES_c(18306, S_SERIES_SPRINT_CUP, 18307, [], [], 2013, False, None)",False,131924504,,-1
LIVERIE_c,18788,,18788,0x12F5B,18788,DLC_LIV_33_DILLON_2013,"BaseColour_c(106, 181, 0)",,"DRIVER_c(9663, S_DRIVER_A_DILLON, None, False, True, austindillon3, 129106177, False, False)",True,False,DLCPACKAGE_c(7581),"WORLDSCRIPT_c(1180, 1181, S_WORLD_DAYTONA_BEACH, 31.0, 2.5, None, S_WORLD_LOC_DAYTONA_BEACH, None, False, 10, 31, 168000, 128385558, [], 47.567, None, S_HDRIVER_R_PETTY, S_HDRIVER_R_PETTY, S_DRIVER_B_ELLIOT, S_HDRIVER_B_BAKER, False, 15.0, 22.0, 210.364, 177.602, 63, False, None, S_HDRIVER_R_PETTY, [], 52.435, 12.0, 27.0, 56.883, 49.463, 0.985, Daytona)",False,"RACESERIES_c(18306, S_SERIES_SPRINT_CUP, 18307, [], [], 2013, False, None)",False,131924504,,-1
LIVERIE_c,18789,,18789,0x12FA3,18789,DLC_LIV_34_RAGAN_2013,"BaseColour_c(106, 181, 0)",,"DRIVER_c(1129, S_DRIVER_D_RAGAN, None, False, True, DavidRagan, 131793153, False, False)",False,False,DLCPACKAGE_c(7581),"WORLDSCRIPT_c(1180, 1181, S_WORLD_DAYTONA_BEACH, 31.0, 2.5, None, S_WORLD_LOC_DAYTONA_BEACH, None, False, 10, 31, 168000, 128385558, [], 47.567, None, S_HDRIVER_R_PETTY, S_HDRIVER_R_PETTY, S_DRIVER_B_ELLIOT, S_HDRIVER_B_BAKER, False, 15.0, 22.0, 210.364, 177.602, 63, False, None, S_HDRIVER_R_PETTY, [], 52.435, 12.0, 27.0, 56.883, 49.463, 0.985, Daytona)",False,"RACESERIES_c(22538, S_SERIES_SPRINT_CUP, 22539, [], [], 2014, False, None)",False,131924504,,-1
LIVERIE_c,18790,,18790,0x12FEB,18790,DLC_LIV_36_BLANEY_2013,"BaseColour_c(106, 181, 0)",,"DRIVER_c(1091, S_DRIVER_D_BLANEY, None, False, True, BuckeyeBullet10, 129106177, False, False)",True,False,DLCPACKAGE_c(7581),"WORLDSCRIPT_c(1180, 1181, S_WORLD_DAYTONA_BEACH, 31.0, 2.5, None, S_WORLD_LOC_DAYTONA_BEACH, None, False, 10, 31, 168000, 128385558, [], 47.567, None, S_HDRIVER_R_PETTY, S_HDRIVER_R_PETTY, S_DRIVER_B_ELLIOT, S_HDRIVER_B_BAKER, False, 15.0, 22.0, 210.364, 177.602, 63, False, None, S_HDRIVER_R_PETTY, [], 52.435, 12.0, 27.0, 56.883, 49.463, 0.985, Daytona)",False,"RACESERIES_c(18306, S_SERIES_SPRINT_CUP, 18307, [], [], 2013, False, None)",False,131924504,,-1
LIVERIE_c,18791,,18791,0x13033,18791,DLC_LIV_38_GILLILAND_2013,"BaseColour_c(106, 181, 0)",,"DRIVER_c(1104, S_DRIVER_D_GILLILAND, None, False, True, DavidGilliland, 129106177, False, False)",True,False,DLCPACKAGE_c(7581),"WORLDSCRIPT_c(1180, 1181, S_WORLD_DAYTONA_BEACH, 31.0, 2.5, None, S_WORLD_LOC_DAYTONA_BEACH, None, False, 10, 31, 168000, 128385558, [], 47.567, None, S_HDRIVER_R_PETTY, S_HDRIVER_R_PETTY, S_DRIVER_B_ELLIOT, S_HDRIVER_B_BAKER, False, 15.0, 22.0, 210.364, 177.602, 63, False, None, S_HDRIVER_R_PETTY, [], 52.435, 12.0, 27.0, 56.883, 49.463, 0.985, Daytona)",False,"RACESERIES_c(18306, S_SERIES_SPRINT_CUP, 18307, [], [], 2013, False, None)",False,131924504,,-1
LIVERIE_c,18792,,18792,0x1307B,18792,DLC_LIV_39_NEWMAN_2013,"BaseColour_c(106, 181, 0)",,"DRIVER_c(1127, S_DRIVER_R_NEWMAN, None, False, True, RyanJNewman, 131793153, True, False)",True,False,DLCPACKAGE_c(7581),"WORLDSCRIPT_c(1180, 1181, S_WORLD_DAYTONA_BEACH, 31.0, 2.5, None, S_WORLD_LOC_DAYTONA_BEACH, None, False, 10, 31, 168000, 128385558, [], 47.567, None, S_HDRIVER_R_PETTY, S_HDRIVER_R_PETTY, S_DRIVER_B_ELLIOT, S_HDRIVER_B_BAKER, False, 15.0, 22.0, 210.364, 177.602, 63, False, None, S_HDRIVER_R_PETTY, [], 52.435, 12.0, 27.0, 56.883, 49.463, 0.985, Daytona)",False,"RACESERIES_c(18306, S_SERIES_SPRINT_CUP, 18307, [], [], 2013, False, None)",False,131924504,,-1
LIVERIE_c,18793,,18793,0x130C3,18793,DLC_LIV_42_MONTOYA_2013,"BaseColour_c(106, 181, 0)",,"DRIVER_c(1125, S_DRIVER_J_MONTOYA, None, False, True, JPMontoya, 131727617, False, False)",True,False,DLCPACKAGE_c(7581),"WORLDSCRIPT_c(1180, 1181, S_WORLD_DAYTONA_BEACH, 31.0, 2.5, None, S_WORLD_LOC_DAYTONA_BEACH, None, False, 10, 31, 168000, 128385558, [], 47.567, None, S_HDRIVER_R_PETTY, S_HDRIVER_R_PETTY, S_DRIVER_B_ELLIOT, S_HDRIVER_B_BAKER, False, 15.0, 22.0, 210.364, 177.602, 63, False, None, S_HDRIVER_R_PETTY, [], 52.435, 12.0, 27.0, 56.883, 49.463, 0.985, Daytona)",False,"RACESERIES_c(18306, S_SERIES_SPRINT_CUP, 18307, [], [], 2013, False, None)",False,131924504,,-1
LIVERIE_c,18794,,18794,0x1310B,18794,DLC_LIV_43_ALMIROLA_2013,"BaseColour_c(106, 181, 0)",,"DRIVER_c(1084, S_DRIVER_A_ALMIROLA, None, False, True, aric_almirola, 129106177, False, False)",False,False,DLCPACKAGE_c(7581),"WORLDSCRIPT_c(1180, 1181, S_WORLD_DAYTONA_BEACH, 31.0, 2.5, None, S_WORLD_LOC_DAYTONA_BEACH, None, False, 10, 31, 168000, 128385558, [], 47.567, None, S_HDRIVER_R_PETTY, S_HDRIVER_R_PETTY, S_DRIVER_B_ELLIOT, S_HDRIVER_B_BAKER, False, 15.0, 22.0, 210.364, 177.602, 63, False, None, S_HDRIVER_R_PETTY, [], 52.435, 12.0, 27.0, 56.883, 49.463, 0.985, Daytona)",False,"RACESERIES_c(22538, S_SERIES_SPRINT_CUP, 22539, [], [], 2014, False, None)",False,131924504,,-1
LIVERIE_c,18795,,18795,0x13153,18795,DLC_LIV_47_LABONTE_2013,"BaseColour_c(106, 181, 0)",,"DRIVER_c(1116, S_DRIVER_B_LABONTE, None, False, True, Bobby_Labonte, 129106177, False, False)",True,False,DLCPACKAGE_c(7581),"WORLDSCRIPT_c(1180, 1181, S_WORLD_DAYTONA_BEACH, 31.0, 2.5, None, S_WORLD_LOC_DAYTONA_BEACH, None, False, 10, 31, 168000, 128385558, [], 47.567, None, S_HDRIVER_R_PETTY, S_HDRIVER_R_PETTY, S_DRIVER_B_ELLIOT, S_HDRIVER_B_BAKER, False, 15.0, 22.0, 210.364, 177.602, 63, False, None, S_HDRIVER_R_PETTY, [], 52.435, 12.0, 27.0, 56.883, 49.463, 0.985, Daytona)",False,"RACESERIES_c(18306, S_SERIES_SPRINT_CUP, 18307, [], [], 2013, False, None)",False,131924504,,-1
LIVERIE_c,18796,,18796,0x1319B,18796,DLC_LIV_48_JOHNSON_2013,"BaseColour_c(106, 181, 0)",,"DRIVER_c(1111, S_DRIVER_J_JOHNSON, None, False, True, JimmieJohnson, 131793153, True, True)",False,False,DLCPACKAGE_c(7581),"WORLDSCRIPT_c(1180, 1181, S_WORLD_DAYTONA_BEACH, 31.0, 2.5, None, S_WORLD_LOC_DAYTONA_BEACH, None, False, 10, 31, 168000, 128385558, [], 47.567, None, S_HDRIVER_R_PETTY, S_HDRIVER_R_PETTY, S_DRIVER_B_ELLIOT, S_HDRIVER_B_BAKER, False, 15.0, 22.0, 210.364, 177.602, 63, False, None, S_HDRIVER_R_PETTY, [], 52.435, 12.0, 27.0, 56.883, 49.463, 0.985, Daytona)",False,"RACESERIES_c(22538, S_SERIES_SPRINT_CUP, 22539, [], [], 2014, False, None)",False,131924504,,-1
LIVERIE_c,18798,,18798,0x131E3,18798,DLC_LIV_55_MARTIN_2013,"BaseColour_c(106, 181, 0)",,"DRIVER_c(1119, S_DRIVER_M_MARTIN, None, False, True, 55MarkMartin, 131662081, True, True)",True,False,DLCPACKAGE_c(7581),"WORLDSCRIPT_c(1180, 1181, S_WORLD_DAYTONA_BEACH, 31.0, 2.5, None, S_WORLD_LOC_DAYTONA_BEACH, None, False, 10, 31, 168000, 128385558, [], 47.567, None, S_HDRIVER_R_PETTY, S_HDRIVER_R_PETTY, S_DRIVER_B_ELLIOT, S_HDRIVER_B_BAKER, False, 15.0, 22.0, 210.364, 177.602, 63, False, None, S_HDRIVER_R_PETTY, [], 52.435, 12.0, 27.0, 56.883, 49.463, 0.985, Daytona)",False,"RACESERIES_c(18306, S_SERIES_SPRINT_CUP, 18307, [], [], 2013, False, None)",False,131924504,,-1
LIVERIE_c,18799,,18799,0x1322B,18799,DLC_LIV_56_TRUEX_JR_2013,"BaseColour_c(106, 181, 0)",,"DRIVER_c(1138, S_DRIVER_M_TRUEX_JR, None, False, True, MartinTruexJr56, 129106177, False, False)",True,False,DLCPACKAGE_c(7581),"WORLDSCRIPT_c(1180, 1181, S_WORLD_DAYTONA_BEACH, 31.0, 2.5, None, S_WORLD_LOC_DAYTONA_BEACH, None, False, 10, 31, 168000, 128385558, [], 47.567, None, S_HDRIVER_R_PETTY, S_HDRIVER_R_PETTY, S_DRIVER_B_ELLIOT, S_HDRIVER_B_BAKER, False, 15.0, 22.0, 210.364, 177.602, 63, False, None, S_HDRIVER_R_PETTY, [], 52.435, 12.0, 27.0, 56.883, 49.463, 0.985, Daytona)",False,"RACESERIES_c(18306, S_SERIES_SPRINT_CUP, 18307, [], [], 2013, False, None)",False,131924504,,-1
LIVERIE_c,18800,,18800,0x13273,18800,DLC_LIV_5_KAHNE_2013,"BaseColour_c(106, 181, 0)",,"DRIVER_c(1113, S_DRIVER_K_KAHNE, None, False, True, kaseykahne, 131793153, False, False)",False,False,DLCPACKAGE_c(7581),"WORLDSCRIPT_c(1180, 1181, S_WORLD_DAYTONA_BEACH, 31.0, 2.5, None, S_WORLD_LOC_DAYTONA_BEACH, None, False, 10, 31, 168000, 128385558, [], 47.567, None, S_HDRIVER_R_PETTY, S_HDRIVER_R_PETTY, S_DRIVER_B_ELLIOT, S_HDRIVER_B_BAKER, False, 15.0, 22.0, 210.364, 177.602, 63, False, None, S_HDRIVER_R_PETTY, [], 52.435, 12.0, 27.0, 56.883, 49.463, 0.985, Daytona)",False,"RACESERIES_c(22538, S_SERIES_SPRINT_CUP, 22539, [], [], 2014, False, None)",False,131924504,,-1
LIVERIE_c,18803,,18803,0x132BB,18803,DLC_LIV_7_GORDON_2013,"BaseColour_c(106, 181, 0)",,"DRIVER_c(1106, S_DRIVER_R_GORDON, None, False, True, RobbyGordon, 129106177, False, False)",True,False,DLCPACKAGE_c(7581),"WORLDSCRIPT_c(1180, 1181, S_WORLD_DAYTONA_BEACH, 31.0, 2.5, None, S_WORLD_LOC_DAYTONA_BEACH, None, False, 10, 31, 168000, 128385558, [], 47.567, None, S_HDRIVER_R_PETTY, S_HDRIVER_R_PETTY, S_DRIVER_B_ELLIOT, S_HDRIVER_B_BAKER, False, 15.0, 22.0, 210.364, 177.602, 63, False, None, S_HDRIVER_R_PETTY, [], 52.435, 12.0, 27.0, 56.883, 49.463, 0.985, Daytona)",False,"RACESERIES_c(18306, S_SERIES_SPRINT_CUP, 18307, [], [], 2013, False, None)",False,131924504,,-1
LIVERIE_c,18805,,18805,0x13303,18805,DLC_LIV_87_NEMECHEK_2013,"BaseColour_c(106, 181, 0)",,"DRIVER_c(1126, S_DRIVER_J_NEMECHEK, None, False, True, FrontRowJoe87, 129106177, False, False)",True,False,DLCPACKAGE_c(7581),"WORLDSCRIPT_c(1180, 1181, S_WORLD_DAYTONA_BEACH, 31.0, 2.5, None, S_WORLD_LOC_DAYTONA_BEACH, None, False, 10, 31, 168000, 128385558, [], 47.567, None, S_HDRIVER_R_PETTY, S_HDRIVER_R_PETTY, S_DRIVER_B_ELLIOT, S_HDRIVER_B_BAKER, False, 15.0, 22.0, 210.364, 177.602, 63, False, None, S_HDRIVER_R_PETTY, [], 52.435, 12.0, 27.0, 56.883, 49.463, 0.985, Daytona)",False,"RACESERIES_c(18306, S_SERIES_SPRINT_CUP, 18307, [], [], 2013, False, None)",False,131924504,,-1
LIVERIE_c,18806,,18806,0x1334B,18806,DLC_LIV_88_EARNHARDT_JR_2013,"BaseColour_c(106, 181, 0)",,"DRIVER_c(1100, S_DRIVER_D_EARNHARDT_JR, None, False, True, DaleJr, 129106177, True, True)",False,False,DLCPACKAGE_c(7581),"WORLDSCRIPT_c(1180, 1181, S_WORLD_DAYTONA_BEACH, 31.0, 2.5, None, S_WORLD_LOC_DAYTONA_BEACH, None, False, 10, 31, 168000, 128385558, [], 47.567, None, S_HDRIVER_R_PETTY, S_HDRIVER_R_PETTY, S_DRIVER_B_ELLIOT, S_HDRIVER_B_BAKER, False, 15.0, 22.0, 210.364, 177.602, 63, False, None, S_HDRIVER_R_PETTY, [], 52.435, 12.0, 27.0, 56.883, 49.463, 0.985, Daytona)",False,"RACESERIES_c(22538, S_SERIES_SPRINT_CUP, 22539, [], [], 2014, False, None)",False,131924504,,-1
LIVERIE_c,18807,,18807,0x13393,18807,DLC_LIV_93_KVAPIL_2013,"BaseColour_c(106, 181, 0)",,"DRIVER_c(2847, S_DRIVER_T_KVAPIL, None, False, True, TravisKvapil, 129106177, False, False)",True,False,DLCPACKAGE_c(7581),"WORLDSCRIPT_c(1180, 1181, S_WORLD_DAYTONA_BEACH, 31.0, 2.5, None, S_WORLD_LOC_DAYTONA_BEACH, None, False, 10, 31, 168000, 128385558, [], 47.567, None, S_HDRIVER_R_PETTY, S_HDRIVER_R_PETTY, S_DRIVER_B_ELLIOT, S_HDRIVER_B_BAKER, False, 15.0, 22.0, 210.364, 177.602, 63, False, None, S_HDRIVER_R_PETTY, [], 52.435, 12.0, 27.0, 56.883, 49.463, 0.985, Daytona)",False,"RACESERIES_c(18306, S_SERIES_SPRINT_CUP, 18307, [], [], 2013, False, None)",False,131924504,,-1
LIVERIE_c,18808,,18808,0x133DB,18808,DLC_LIV_95_SPEED_2013,"BaseColour_c(106, 181, 0)",,"DRIVER_c(1415, S_DRIVER_S_SPEED, None, False, True, scottspeed, 129106177, False, False)",True,False,DLCPACKAGE_c(7581),"WORLDSCRIPT_c(1180, 1181, S_WORLD_DAYTONA_BEACH, 31.0, 2.5, None, S_WORLD_LOC_DAYTONA_BEACH, None, False, 10, 31, 168000, 128385558, [], 47.567, None, S_HDRIVER_R_PETTY, S_HDRIVER_R_PETTY, S_DRIVER_B_ELLIOT, S_HDRIVER_B_BAKER, False, 15.0, 22.0, 210.364, 177.602, 63, False, None, S_HDRIVER_R_PETTY, [], 52.435, 12.0, 27.0, 56.883, 49.463, 0.985, Daytona)",False,"RACESERIES_c(18306, S_SERIES_SPRINT_CUP, 18307, [], [], 2013, False, None)",False,131924504,,-1
LIVERIE_c,18809,,18809,0x13423,18809,DLC_LIV_98_MCDOWELL_2013,"BaseColour_c(106, 181, 0)",,"DRIVER_c(1400, S_DRIVER_M_MCDOWELL, None, False, True, Mc_Driver, 129106177, False, False)",True,False,DLCPACKAGE_c(7581),"WORLDSCRIPT_c(1180, 1181, S_WORLD_DAYTONA_BEACH, 31.0, 2.5, None, S_WORLD_LOC_DAYTONA_BEACH, None, False, 10, 31, 168000, 128385558, [], 47.567, None, S_HDRIVER_R_PETTY, S_HDRIVER_R_PETTY, S_DRIVER_B_ELLIOT, S_HDRIVER_B_BAKER, False, 15.0, 22.0, 210.364, 177.602, 63, False, None, S_HDRIVER_R_PETTY, [], 52.435, 12.0, 27.0, 56.883, 49.463, 0.985, Daytona)",False,"RACESERIES_c(18306, S_SERIES_SPRINT_CUP, 18307, [], [], 2013, False, None)",False,131924504,,-1
LIVERIE_c,18810,,18810,0x1346B,18810,DLC_LIV_99_EDWARDS_2013,"BaseColour_c(106, 181, 0)",,"DRIVER_c(1101, S_DRIVER_C_EDWARDS, None, False, True, , 131793153, True, False)",False,False,DLCPACKAGE_c(7581),"WORLDSCRIPT_c(1180, 1181, S_WORLD_DAYTONA_BEACH, 31.0, 2.5, None, S_WORLD_LOC_DAYTONA_BEACH, None, False, 10, 31, 168000, 128385558, [], 47.567, None, S_HDRIVER_R_PETTY, S_HDRIVER_R_PETTY, S_DRIVER_B_ELLIOT, S_HDRIVER_B_BAKER, False, 15.0, 22.0, 210.364, 177.602, 63, False, None, S_HDRIVER_R_PETTY, [], 52.435, 12.0, 27.0, 56.883, 49.463, 0.985, Daytona)",False,"RACESERIES_c(22538, S_SERIES_SPRINT_CUP, 22539, [], [], 2014, False, None)",False,131924504,,-1
LIVERIE_c,18811,,18811,0x134B3,18811,DLC_LIV_9_AMBROSE_2013,"BaseColour_c(106, 181, 0)",,"DRIVER_c(1085, S_DRIVER_M_AMBROSE, None, False, True, MarcosAmbrose, 129106177, True, False)",False,False,DLCPACKAGE_c(7581),"WORLDSCRIPT_c(1180, 1181, S_WORLD_DAYTONA_BEACH, 31.0, 2.5, None, S_WORLD_LOC_DAYTONA_BEACH, None, False, 10, 31, 168000, 128385558, [], 47.567, None, S_HDRIVER_R_PETTY, S_HDRIVER_R_PETTY, S_DRIVER_B_ELLIOT, S_HDRIVER_B_BAKER, False, 15.0, 22.0, 210.364, 177.602, 63, False, None, S_HDRIVER_R_PETTY, [], 52.435, 12.0, 27.0, 56.883, 49.463, 0.985, Daytona)",False,"RACESERIES_c(22538, S_SERIES_SPRINT_CUP, 22539, [], [], 2014, False, None)",False,131924504,,-1
LIVERIE_c,21908,,21908,0x134FB,21908,TELEMETRYCHEVROLET2013,"BaseColour_c(0, 0, 180)",S_LIV_PRIMARY,"DRIVER_c(12601, S_DRIVER_TITLE, None, True, True, , 129106177, False, False)",False,False,DLCPACKAGE_c(18812),None,False,"RACESERIES_c(18306, S_SERIES_SPRINT_CUP, 18307, [], [], 2013, False, None)",False,131858689,,-1
LIVERIE_c,21909,,21909,0x13543,21909,TELEMETRYFORD2013,"BaseColour_c(0, 0, 180)",S_LIV_PRIMARY,"DRIVER_c(12609, S_DRIVER_TITLE, None, True, True, , 129106177, False, False)",False,False,DLCPACKAGE_c(18812),None,False,"RACESERIES_c(18306, S_SERIES_SPRINT_CUP, 18307, [], [], 2013, False, None)",False,131858689,,-1
LIVERIE_c,21910,,21910,0x1358B,21910,TELEMETRYTOYOTA2013,"BaseColour_c(0, 0, 180)",S_LIV_PRIMARY,"DRIVER_c(12610, S_DRIVER_TITLE, None, True, True, , 129106177, False, False)",False,False,DLCPACKAGE_c(18812),None,False,"RACESERIES_c(18306, S_SERIES_SPRINT_CUP, 18307, [], [], 2013, False, None)",False,131858689,,-1
LIVERIE_c,21911,,21911,0x135D3,21911,TELEMETRYDODGE2013,"BaseColour_c(0, 0, 180)",S_LIV_PRIMARY,"DRIVER_c(12608, S_DRIVER_TITLE, None, True, True, , 129106177, False, False)",False,False,DLCPACKAGE_c(18812),None,False,"RACESERIES_c(18306, S_SERIES_SPRINT_CUP, 18307, [], [], 2013, False, None)",False,131858689,,-1
LIVERIE_c,21943,,21943,0x1361B,21943,DLC_LIV_17_STENHOUSE_JR_2013,"BaseColour_c(106, 181, 0)",,"DRIVER_c(7175, S_DRIVER_R_STENHOUSE_JR, None, False, True, stenhousejr, 129106177, True, False)",False,False,DLCPACKAGE_c(7581),"WORLDSCRIPT_c(1180, 1181, S_WORLD_DAYTONA_BEACH, 31.0, 2.5, None, S_WORLD_LOC_DAYTONA_BEACH, None, False, 10, 31, 168000, 128385558, [], 47.567, None, S_HDRIVER_R_PETTY, S_HDRIVER_R_PETTY, S_DRIVER_B_ELLIOT, S_HDRIVER_B_BAKER, False, 15.0, 22.0, 210.364, 177.602, 63, False, None, S_HDRIVER_R_PETTY, [], 52.435, 12.0, 27.0, 56.883, 49.463, 0.985, Daytona)",False,"RACESERIES_c(22538, S_SERIES_SPRINT_CUP, 22539, [], [], 2014, False, None)",False,131924504,,-1
LIVERIE_c,21944,,21944,0x13663,21944,DLC_LIV_20_KENSETH_2013,"BaseColour_c(106, 181, 0)",,"DRIVER_c(1114, S_DRIVER_M_KENSETH, None, False, True, mattkenseth, 131793153, True, False)",False,False,DLCPACKAGE_c(7581),"WORLDSCRIPT_c(1180, 1181, S_WORLD_DAYTONA_BEACH, 31.0, 2.5, None, S_WORLD_LOC_DAYTONA_BEACH, None, False, 10, 31, 168000, 128385558, [], 47.567, None, S_HDRIVER_R_PETTY, S_HDRIVER_R_PETTY, S_DRIVER_B_ELLIOT, S_HDRIVER_B_BAKER, False, 15.0, 22.0, 210.364, 177.602, 63, False, None, S_HDRIVER_R_PETTY, [], 52.435, 12.0, 27.0, 56.883, 49.463, 0.985, Daytona)",False,"RACESERIES_c(22538, S_SERIES_SPRINT_CUP, 22539, [], [], 2014, False, None)",False,131924504,,-1
LIVERIE_c,21945,,21945,0x136AB,21945,DLC_LIV_22_LOGANO_2013,"BaseColour_c(106, 181, 0)",,"DRIVER_c(1117, S_DRIVER_J_LOGANO, None, False, True, joeylogano, 129106177, True, False)",False,False,DLCPACKAGE_c(7581),"WORLDSCRIPT_c(1180, 1181, S_WORLD_DAYTONA_BEACH, 31.0, 2.5, None, S_WORLD_LOC_DAYTONA_BEACH, None, False, 10, 31, 168000, 128385558, [], 47.567, None, S_HDRIVER_R_PETTY, S_HDRIVER_R_PETTY, S_DRIVER_B_ELLIOT, S_HDRIVER_B_BAKER, False, 15.0, 22.0, 210.364, 177.602, 63, False, None, S_HDRIVER_R_PETTY, [], 52.435, 12.0, 27.0, 56.883, 49.463, 0.985, Daytona)",False,"RACESERIES_c(22538, S_SERIES_SPRINT_CUP, 22539, [], [], 2014, False, None)",False,131924504,,-1
LIVERIE_c,21946,,21946,0x136F3,21946,DLC_LIV_51_SMITH_2013,"BaseColour_c(106, 181, 0)",,"DRIVER_c(1134, S_DRIVER_R_SMITH, None, False, True, ReganSmith, 131793153, False, False)",True,False,DLCPACKAGE_c(7581),"WORLDSCRIPT_c(1180, 1181, S_WORLD_DAYTONA_BEACH, 31.0, 2.5, None, S_WORLD_LOC_DAYTONA_BEACH, None, False, 10, 31, 168000, 128385558, [], 47.567, None, S_HDRIVER_R_PETTY, S_HDRIVER_R_PETTY, S_DRIVER_B_ELLIOT, S_HDRIVER_B_BAKER, False, 15.0, 22.0, 210.364, 177.602, 63, False, None, S_HDRIVER_R_PETTY, [], 52.435, 12.0, 27.0, 56.883, 49.463, 0.985, Daytona)",False,"RACESERIES_c(18306, S_SERIES_SPRINT_CUP, 18307, [], [], 2013, False, None)",False,131924504,,-1
LIVERIE_c,21947,,21947,0x1373B,21947,DLC_LIV_6_PASTRANA_2013,"BaseColour_c(106, 181, 0)",,"DRIVER_c(21846, S_DRIVER_T_PASTRANA, None, False, True, , 129106177, False, False)",True,False,DLCPACKAGE_c(7581),"WORLDSCRIPT_c(1180, 1181, S_WORLD_DAYTONA_BEACH, 31.0, 2.5, None, S_WORLD_LOC_DAYTONA_BEACH, None, False, 10, 31, 168000, 128385558, [], 47.567, None, S_HDRIVER_R_PETTY, S_HDRIVER_R_PETTY, S_DRIVER_B_ELLIOT, S_HDRIVER_B_BAKER, False, 15.0, 22.0, 210.364, 177.602, 63, False, None, S_HDRIVER_R_PETTY, [], 52.435, 12.0, 27.0, 56.883, 49.463, 0.985, Daytona)",False,"RACESERIES_c(18306, S_SERIES_SPRINT_CUP, 18307, [], [], 2013, False, None)",False,131924504,,-1
LIVERIE_c,21948,,21948,0x13783,21948,DLC_LIV_78_BUSCH_2013,"BaseColour_c(106, 181, 0)",,"DRIVER_c(1095, S_DRIVER_K_BUSCH_01, None, False, True, kurtbusch, 131793153, True, True)",True,False,DLCPACKAGE_c(7581),"WORLDSCRIPT_c(1180, 1181, S_WORLD_DAYTONA_BEACH, 31.0, 2.5, None, S_WORLD_LOC_DAYTONA_BEACH, None, False, 10, 31, 168000, 128385558, [], 47.567, None, S_HDRIVER_R_PETTY, S_HDRIVER_R_PETTY, S_DRIVER_B_ELLIOT, S_HDRIVER_B_BAKER, False, 15.0, 22.0, 210.364, 177.602, 63, False, None, S_HDRIVER_R_PETTY, [], 52.435, 12.0, 27.0, 56.883, 49.463, 0.985, Daytona)",False,"RACESERIES_c(18306, S_SERIES_SPRINT_CUP, 18307, [], [], 2013, False, None)",False,131924504,,-1
LIVERIE_c,21949,,21949,0x137CB,21949,DLC_LIV_83_REUTIMANN_2013,"BaseColour_c(106, 181, 0)",,"DRIVER_c(1131, S_DRIVER_D_REUTIMANN, None, False, True, , 131727617, False, False)",True,False,DLCPACKAGE_c(7581),"WORLDSCRIPT_c(1180, 1181, S_WORLD_DAYTONA_BEACH, 31.0, 2.5, None, S_WORLD_LOC_DAYTONA_BEACH, None, False, 10, 31, 168000, 128385558, [], 47.567, None, S_HDRIVER_R_PETTY, S_HDRIVER_R_PETTY, S_DRIVER_B_ELLIOT, S_HDRIVER_B_BAKER, False, 15.0, 22.0, 210.364, 177.602, 63, False, None, S_HDRIVER_R_PETTY, [], 52.435, 12.0, 27.0, 56.883, 49.463, 0.985, Daytona)",False,"RACESERIES_c(18306, S_SERIES_SPRINT_CUP, 18307, [], [], 2013, False, None)",False,131924504,,-1
LIVERIE_c,21966,,21966,0x13813,21966,DLC_2013_BLANK_CHEVY,"BaseColour_c(106, 181, 0)",,"DRIVER_c(12601, S_DRIVER_TITLE, None, True, True, , 129106177, False, False)",False,False,DLCPACKAGE_c(7581),None,False,"RACESERIES_c(18306, S_SERIES_SPRINT_CUP, 18307, [], [], 2013, False, None)",False,131858689,,-1
LIVERIE_c,21967,,21967,0x1385B,21967,DLC_2013_BLANK_DODGE,"BaseColour_c(106, 181, 0)",,"DRIVER_c(12608, S_DRIVER_TITLE, None, True, True, , 129106177, False, False)",False,False,DLCPACKAGE_c(7581),None,False,"RACESERIES_c(18306, S_SERIES_SPRINT_CUP, 18307, [], [], 2013, False, None)",False,131858689,,-1
LIVERIE_c,21969,,21969,0x138A3,21969,DLC_2013_BLANK_FORD,"BaseColour_c(106, 181, 0)",,"DRIVER_c(12609, S_DRIVER_TITLE, None, True, True, , 129106177, False, False)",False,False,DLCPACKAGE_c(7581),None,False,"RACESERIES_c(18306, S_SERIES_SPRINT_CUP, 18307, [], [], 2013, False, None)",False,131858689,,-1
LIVERIE_c,21970,,21970,0x138EB,21970,DLC_2013_BLANK_TOYOTA,"BaseColour_c(106, 181, 0)",,"DRIVER_c(12610, S_DRIVER_TITLE, None, True, True, , 129106177, False, False)",False,False,DLCPACKAGE_c(7581),None,False,"RACESERIES_c(18306, S_SERIES_SPRINT_CUP, 18307, [], [], 2013, False, None)",False,131858689,,-1
LIVERIE_c,22430,,22430,0x13933,22430,DLC_LIV_88_EARNHARDT_2013_9,"BaseColour_c(106, 181, 0)",,"DRIVER_c(1100, S_DRIVER_D_EARNHARDT_JR, None, False, True, DaleJr, 129106177, True, True)",False,False,DLCPACKAGE_c(7581),"WORLDSCRIPT_c(1635, 1636, S_WORLD_RICHMOND, 14.0, 0.75, None, S_WORLD_LOC_RICHMOND, None, False, 25, 44, 97912, 127992851, [], 20.754, None, S_HDRIVER_R_PETTY, S_HDRIVER_R_PETTY, S_DRIVER_J_GORDON, S_HDRIVER_D_JARRET, False, 18.0, 23.0, 130.599, 109.047, 76, False, None, S_HDRIVER_R_PETTY, [], 23.435, 16.0, 30.0, 26.984, 22.952, 0.98, Richmond)",False,"RACESERIES_c(22538, S_SERIES_SPRINT_CUP, 22539, [], [], 2014, False, None)",False,131926279,,-1
LIVERIE_c,22483,,22483,0x1397B,22483,DLC_LIV_99_EDWARDS_2013_5,"BaseColour_c(106, 181, 0)",,"DRIVER_c(1101, S_DRIVER_C_EDWARDS, None, False, True, , 131793153, True, False)",False,False,DLCPACKAGE_c(7581),"WORLDSCRIPT_c(1858, 1859, S_WORLD_BRISTOL, 30.0, 0.533, None, S_WORLD_LOC_BRISTOL, None, False, 4, 27, 160000, 128517918, [], 14.567, None, S_HDRIVER_D_WALTRIP, S_HDRIVER_R_PETTY, S_DRIVER_K_BUSCH_02, S_HDRIVER_C_GLOTZBACH, False, 22.0, 26.0, 129.535, 101.074, 59, False, None, S_HDRIVER_R_PETTY, [], 17.856, 19.0, 22.0, 21.465, 16.465, 0.98, Bristol Night)",False,"RACESERIES_c(22538, S_SERIES_SPRINT_CUP, 22539, [], [], 2014, False, None)",False,131926040,,-1
LIVERIE_c,22571,,22571,0x139C3,22571,DLC_LIV_18_BUSCH_2013_2,"BaseColour_c(106, 181, 0)",,"DRIVER_c(1096, S_DRIVER_K_BUSCH_02, None, False, True, kylebusch, 131793153, True, True)",False,False,DLCPACKAGE_c(7581),"WORLDSCRIPT_c(1186, 1187, S_WORLD_FONTANA, 14.0, 2.0, None, S_WORLD_LOC_FONTANA, None, False, 5, 35, 90988, 130876949, [], 37.135, None, S_DRIVER_J_JOHNSON, S_DRIVER_J_JOHNSON, S_DRIVER_K_BUSCH_02, S_DRIVER_T_STEWART, False, 15.0, 26.0, 188.425, 160.166, 60, False, None, S_DRIVER_M_KENSETH, [], 42.76, 19.0, 33.0, 46.816, 40.135, 0.99, Auto Club)",False,"RACESERIES_c(22538, S_SERIES_SPRINT_CUP, 22539, [], [], 2014, False, None)",False,131924760,,-1
LIVERIE_c,22572,,22572,0x13A0B,22572,DLC_LIV_39_NEWMAN_2013_6,"BaseColour_c(106, 181, 0)",,"DRIVER_c(1127, S_DRIVER_R_NEWMAN, None, False, True, RyanJNewman, 131793153, True, False)",True,False,DLCPACKAGE_c(7581),"WORLDSCRIPT_c(1635, 1636, S_WORLD_RICHMOND, 14.0, 0.75, None, S_WORLD_LOC_RICHMOND, None, False, 25, 44, 97912, 127992851, [], 20.754, None, S_HDRIVER_R_PETTY, S_HDRIVER_R_PETTY, S_DRIVER_J_GORDON, S_HDRIVER_D_JARRET, False, 18.0, 23.0, 130.599, 109.047, 76, False, None, S_HDRIVER_R_PETTY, [], 23.435, 16.0, 30.0, 26.984, 22.952, 0.98, Richmond)",False,"RACESERIES_c(18306, S_SERIES_SPRINT_CUP, 18307, [], [], 2013, False, None)",False,131926279,,-1
LIVERIE_c,22656,,22656,0x13A53,22656,DLC_LIV_39_NEWMAN_2013_8,"BaseColour_c(106, 181, 0)",,"DRIVER_c(1127, S_DRIVER_R_NEWMAN, None, False, True, RyanJNewman, 131793153, True, False)",True,False,DLCPACKAGE_c(7581),"WORLDSCRIPT_c(1186, 1187, S_WORLD_FONTANA, 14.0, 2.0, None, S_WORLD_LOC_FONTANA, None, False, 5, 35, 90988, 130876949, [], 37.135, None, S_DRIVER_J_JOHNSON, S_DRIVER_J_JOHNSON, S_DRIVER_K_BUSCH_02, S_DRIVER_T_STEWART, False, 15.0, 26.0, 188.425, 160.166, 60, False, None, S_DRIVER_M_KENSETH, [], 42.76, 19.0, 33.0, 46.816, 40.135, 0.99, Auto Club)",False,"RACESERIES_c(18306, S_SERIES_SPRINT_CUP, 18307, [], [], 2013, False, None)",False,131924760,,-1
LIVERIE_c,22830,,22830,0x13A9B,22830,CAREER_CHEVY_4,"BaseColour_c(34, 74, 136)",S_LIV_PRIMARY,None,False,False,DLCPACKAGE_c(7581),"WORLDSCRIPT_c(1180, 1181, S_WORLD_DAYTONA_BEACH, 31.0, 2.5, None, S_WORLD_LOC_DAYTONA_BEACH, None, False, 10, 31, 168000, 128385558, [], 47.567, None, S_HDRIVER_R_PETTY, S_HDRIVER_R_PETTY, S_DRIVER_B_ELLIOT, S_HDRIVER_B_BAKER, False, 15.0, 22.0, 210.364, 177.602, 63, False, None, S_HDRIVER_R_PETTY, [], 52.435, 12.0, 27.0, 56.883, 49.463, 0.985, Daytona)",False,"RACESERIES_c(18306, S_SERIES_SPRINT_CUP, 18307, [], [], 2013, False, None)",False,131924504,,4
LIVERIE_c,22831,,22831,0x13AE3,22831,CAREER_CHEVY_1,"BaseColour_c(55, 69, 125)",S_LIV_PRIMARY,None,False,False,DLCPACKAGE_c(7581),"WORLDSCRIPT_c(1180, 1181, S_WORLD_DAYTONA_BEACH, 31.0, 2.5, None, S_WORLD_LOC_DAYTONA_BEACH, None, False, 10, 31, 168000, 128385558, [], 47.567, None, S_HDRIVER_R_PETTY, S_HDRIVER_R_PETTY, S_DRIVER_B_ELLIOT, S_HDRIVER_B_BAKER, False, 15.0, 22.0, 210.364, 177.602, 63, False, None, S_HDRIVER_R_PETTY, [], 52.435, 12.0, 27.0, 56.883, 49.463, 0.985, Daytona)",False,"RACESERIES_c(18306, S_SERIES_SPRINT_CUP, 18307, [], [], 2013, False, None)",False,131924504,,1
LIVERIE_c,22832,,22832,0x13B2B,22832,CAREER_CHEVY_2,"BaseColour_c(245, 173, 5)",S_LIV_PRIMARY,None,False,False,DLCPACKAGE_c(7581),"WORLDSCRIPT_c(1180, 1181, S_WORLD_DAYTONA_BEACH, 31.0, 2.5, None, S_WORLD_LOC_DAYTONA_BEACH, None, False, 10, 31, 168000, 128385558, [], 47.567, None, S_HDRIVER_R_PETTY, S_HDRIVER_R_PETTY, S_DRIVER_B_ELLIOT, S_HDRIVER_B_BAKER, False, 15.0, 22.0, 210.364, 177.602, 63, False, None, S_HDRIVER_R_PETTY, [], 52.435, 12.0, 27.0, 56.883, 49.463, 0.985, Daytona)",False,"RACESERIES_c(18306, S_SERIES_SPRINT_CUP, 18307, [], [], 2013, False, None)",False,131924504,,2
LIVERIE_c,22833,,22833,0x13B73,22833,CAREER_CHEVY_3,"BaseColour_c(23, 29, 36)",S_LIV_PRIMARY,None,False,False,DLCPACKAGE_c(7581),"WORLDSCRIPT_c(1180, 1181, S_WORLD_DAYTONA_BEACH, 31.0, 2.5, None, S_WORLD_LOC_DAYTONA_BEACH, None, False, 10, 31, 168000, 128385558, [], 47.567, None, S_HDRIVER_R_PETTY, S_HDRIVER_R_PETTY, S_DRIVER_B_ELLIOT, S_HDRIVER_B_BAKER, False, 15.0, 22.0, 210.364, 177.602, 63, False, None, S_HDRIVER_R_PETTY, [], 52.435, 12.0, 27.0, 56.883, 49.463, 0.985, Daytona)",False,"RACESERIES_c(18306, S_SERIES_SPRINT_CUP, 18307, [], [], 2013, False, None)",False,131924504,,3
LIVERIE_c,22834,,22834,0x13BBB,22834,CAREER_CHEVY_5,"BaseColour_c(45, 155, 198)",S_LIV_PRIMARY,None,False,False,DLCPACKAGE_c(7581),"WORLDSCRIPT_c(1180, 1181, S_WORLD_DAYTONA_BEACH, 31.0, 2.5, None, S_WORLD_LOC_DAYTONA_BEACH, None, False, 10, 31, 168000, 128385558, [], 47.567, None, S_HDRIVER_R_PETTY, S_HDRIVER_R_PETTY, S_DRIVER_B_ELLIOT, S_HDRIVER_B_BAKER, False, 15.0, 22.0, 210.364, 177.602, 63, False, None, S_HDRIVER_R_PETTY, [], 52.435, 12.0, 27.0, 56.883, 49.463, 0.985, Daytona)",False,"RACESERIES_c(18306, S_SERIES_SPRINT_CUP, 18307, [], [], 2013, False, None)",False,131924504,,5
LIVERIE_c,22835,,22835,0x13C03,22835,CAREER_CHEVY_6,"BaseColour_c(244, 244, 244)",S_LIV_PRIMARY,None,False,False,DLCPACKAGE_c(7581),"WORLDSCRIPT_c(1180, 1181, S_WORLD_DAYTONA_BEACH, 31.0, 2.5, None, S_WORLD_LOC_DAYTONA_BEACH, None, False, 10, 31, 168000, 128385558, [], 47.567, None, S_HDRIVER_R_PETTY, S_HDRIVER_R_PETTY, S_DRIVER_B_ELLIOT, S_HDRIVER_B_BAKER, False, 15.0, 22.0, 210.364, 177.602, 63, False, None, S_HDRIVER_R_PETTY, [], 52.435, 12.0, 27.0, 56.883, 49.463, 0.985, Daytona)",False,"RACESERIES_c(9670, S_SERIES_SPRINT_CUP, 9671, [], [], 2012, True, None)",False,131924504,,6
LIVERIE_c,22836,,22836,0x13C4B,22836,CAREER_CHEVY_7,"BaseColour_c(74, 124, 255)",S_LIV_PRIMARY,None,False,False,DLCPACKAGE_c(7581),"WORLDSCRIPT_c(1180, 1181, S_WORLD_DAYTONA_BEACH, 31.0, 2.5, None, S_WORLD_LOC_DAYTONA_BEACH, None, False, 10, 31, 168000, 128385558, [], 47.567, None, S_HDRIVER_R_PETTY, S_HDRIVER_R_PETTY, S_DRIVER_B_ELLIOT, S_HDRIVER_B_BAKER, False, 15.0, 22.0, 210.364, 177.602, 63, False, None, S_HDRIVER_R_PETTY, [], 52.435, 12.0, 27.0, 56.883, 49.463, 0.985, Daytona)",False,"RACESERIES_c(9670, S_SERIES_SPRINT_CUP, 9671, [], [], 2012, True, None)",False,131924504,,7
LIVERIE_c,22837,,22837,0x13C93,22837,CAREER_CHEVY_8,"BaseColour_c(210, 21, 21)",S_LIV_PRIMARY,None,False,False,DLCPACKAGE_c(7581),"WORLDSCRIPT_c(1180, 1181, S_WORLD_DAYTONA_BEACH, 31.0, 2.5, None, S_WORLD_LOC_DAYTONA_BEACH, None, False, 10, 31, 168000, 128385558, [], 47.567, None, S_HDRIVER_R_PETTY, S_HDRIVER_R_PETTY, S_DRIVER_B_ELLIOT, S_HDRIVER_B_BAKER, False, 15.0, 22.0, 210.364, 177.602, 63, False, None, S_HDRIVER_R_PETTY, [], 52.435, 12.0, 27.0, 56.883, 49.463, 0.985, Daytona)",False,"RACESERIES_c(9670, S_SERIES_SPRINT_CUP, 9671, [], [], 2012, True, None)",False,131924504,,8
LIVERIE_c,22838,,22838,0x13CDB,22838,CAREER_CHEVY_9,"BaseColour_c(119, 120, 116)",S_LIV_PRIMARY,None,False,False,DLCPACKAGE_c(7581),"WORLDSCRIPT_c(1180, 1181, S_WORLD_DAYTONA_BEACH, 31.0, 2.5, None, S_WORLD_LOC_DAYTONA_BEACH, None, False, 10, 31, 168000, 128385558, [], 47.567, None, S_HDRIVER_R_PETTY, S_HDRIVER_R_PETTY, S_DRIVER_B_ELLIOT, S_HDRIVER_B_BAKER, False, 15.0, 22.0, 210.364, 177.602, 63, False, None, S_HDRIVER_R_PETTY, [], 52.435, 12.0, 27.0, 56.883, 49.463, 0.985, Daytona)",False,"RACESERIES_c(9670, S_SERIES_SPRINT_CUP, 9671, [], [], 2012, True, None)",False,131924504,,9
LIVERIE_c,22839,,22839,0x13D23,22839,CAREER_CHEVY_10,"BaseColour_c(23, 23, 23)",S_LIV_PRIMARY,None,False,False,DLCPACKAGE_c(7581),"WORLDSCRIPT_c(1180, 1181, S_WORLD_DAYTONA_BEACH, 31.0, 2.5, None, S_WORLD_LOC_DAYTONA_BEACH, None, False, 10, 31, 168000, 128385558, [], 47.567, None, S_HDRIVER_R_PETTY, S_HDRIVER_R_PETTY, S_DRIVER_B_ELLIOT, S_HDRIVER_B_BAKER, False, 15.0, 22.0, 210.364, 177.602, 63, False, None, S_HDRIVER_R_PETTY, [], 52.435, 12.0, 27.0, 56.883, 49.463, 0.985, Daytona)",False,"RACESERIES_c(9670, S_SERIES_SPRINT_CUP, 9671, [], [], 2012, True, None)",False,131924504,,10
LIVERIE_c,22840,,22840,0x13D6B,22840,CAREER_CHEVY_11,"BaseColour_c(41, 69, 143)",S_LIV_PRIMARY,None,False,False,DLCPACKAGE_c(7581),"WORLDSCRIPT_c(1180, 1181, S_WORLD_DAYTONA_BEACH, 31.0, 2.5, None, S_WORLD_LOC_DAYTONA_BEACH, None, False, 10, 31, 168000, 128385558, [], 47.567, None, S_HDRIVER_R_PETTY, S_HDRIVER_R_PETTY, S_DRIVER_B_ELLIOT, S_HDRIVER_B_BAKER, False, 15.0, 22.0, 210.364, 177.602, 63, False, None, S_HDRIVER_R_PETTY, [], 52.435, 12.0, 27.0, 56.883, 49.463, 0.985, Daytona)",False,"RACESERIES_c(9670, S_SERIES_SPRINT_CUP, 9671, [], [], 2012, True, None)",False,131924504,,11
LIVERIE_c,22841,,22841,0x13DB3,22841,CAREER_CHEVY_12,"BaseColour_c(46, 91, 167)",S_LIV_PRIMARY,None,False,False,DLCPACKAGE_c(7581),"WORLDSCRIPT_c(1180, 1181, S_WORLD_DAYTONA_BEACH, 31.0, 2.5, None, S_WORLD_LOC_DAYTONA_BEACH, None, False, 10, 31, 168000, 128385558, [], 47.567, None, S_HDRIVER_R_PETTY, S_HDRIVER_R_PETTY, S_DRIVER_B_ELLIOT, S_HDRIVER_B_BAKER, False, 15.0, 22.0, 210.364, 177.602, 63, False, None, S_HDRIVER_R_PETTY, [], 52.435, 12.0, 27.0, 56.883, 49.463, 0.985, Daytona)",False,"RACESERIES_c(9670, S_SERIES_SPRINT_CUP, 9671, [], [], 2012, True, None)",False,131924504,,12
LIVERIE_c,22842,,22842,0x13DFB,22842,CAREER_CHEVY_13,"BaseColour_c(235, 235, 235)",S_LIV_PRIMARY,None,False,False,DLCPACKAGE_c(7581),"WORLDSCRIPT_c(1180, 1181, S_WORLD_DAYTONA_BEACH, 31.0, 2.5, None, S_WORLD_LOC_DAYTONA_BEACH, None, False, 10, 31, 168000, 128385558, [], 47.567, None, S_HDRIVER_R_PETTY, S_HDRIVER_R_PETTY, S_DRIVER_B_ELLIOT, S_HDRIVER_B_BAKER, False, 15.0, 22.0, 210.364, 177.602, 63, False, None, S_HDRIVER_R_PETTY, [], 52.435, 12.0, 27.0, 56.883, 49.463, 0.985, Daytona)",False,"RACESERIES_c(9670, S_SERIES_SPRINT_CUP, 9671, [], [], 2012, True, None)",False,131924504,,13
LIVERIE_c,22843,,22843,0x13E43,22843,CAREER_CHEVY_14,"BaseColour_c(239, 220, 86)",S_LIV_PRIMARY,None,False,False,DLCPACKAGE_c(7581),"WORLDSCRIPT_c(1180, 1181, S_WORLD_DAYTONA_BEACH, 31.0, 2.5, None, S_WORLD_LOC_DAYTONA_BEACH, None, False, 10, 31, 168000, 128385558, [], 47.567, None, S_HDRIVER_R_PETTY, S_HDRIVER_R_PETTY, S_DRIVER_B_ELLIOT, S_HDRIVER_B_BAKER, False, 15.0, 22.0, 210.364, 177.602, 63, False, None, S_HDRIVER_R_PETTY, [], 52.435, 12.0, 27.0, 56.883, 49.463, 0.985, Daytona)",False,"RACESERIES_c(9670, S_SERIES_SPRINT_CUP, 9671, [], [], 2012, True, None)",False,131924504,,14
LIVERIE_c,22844,,22844,0x13E8B,22844,CAREER_CHEVY_15,"BaseColour_c(174, 174, 174)",S_LIV_PRIMARY,None,False,False,DLCPACKAGE_c(7581),"WORLDSCRIPT_c(1180, 1181, S_WORLD_DAYTONA_BEACH, 31.0, 2.5, None, S_WORLD_LOC_DAYTONA_BEACH, None, False, 10, 31, 168000, 128385558, [], 47.567, None, S_HDRIVER_R_PETTY, S_HDRIVER_R_PETTY, S_DRIVER_B_ELLIOT, S_HDRIVER_B_BAKER, False, 15.0, 22.0, 210.364, 177.602, 63, False, None, S_HDRIVER_R_PETTY, [], 52.435, 12.0, 27.0, 56.883, 49.463, 0.985, Daytona)",False,"RACESERIES_c(9670, S_SERIES_SPRINT_CUP, 9671, [], [], 2012, True, None)",False,131924504,,15
LIVERIE_c,22845,,22845,0x13ED3,22845,CAREER_FORD_1,"BaseColour_c(55, 69, 125)",S_LIV_PRIMARY,None,False,False,DLCPACKAGE_c(7581),"WORLDSCRIPT_c(1180, 1181, S_WORLD_DAYTONA_BEACH, 31.0, 2.5, None, S_WORLD_LOC_DAYTONA_BEACH, None, False, 10, 31, 168000, 128385558, [], 47.567, None, S_HDRIVER_R_PETTY, S_HDRIVER_R_PETTY, S_DRIVER_B_ELLIOT, S_HDRIVER_B_BAKER, False, 15.0, 22.0, 210.364, 177.602, 63, False, None, S_HDRIVER_R_PETTY, [], 52.435, 12.0, 27.0, 56.883, 49.463, 0.985, Daytona)",False,"RACESERIES_c(9670, S_SERIES_SPRINT_CUP, 9671, [], [], 2012, True, None)",False,131924504,,1
LIVERIE_c,22846,,22846,0x13F1B,22846,CAREER_FORD_2,"BaseColour_c(245, 173, 5)",S_LIV_PRIMARY,None,False,False,DLCPACKAGE_c(7581),"WORLDSCRIPT_c(1180, 1181, S_WORLD_DAYTONA_BEACH, 31.0, 2.5, None, S_WORLD_LOC_DAYTONA_BEACH, None, False, 10, 31, 168000, 128385558, [], 47.567, None, S_HDRIVER_R_PETTY, S_HDRIVER_R_PETTY, S_DRIVER_B_ELLIOT, S_HDRIVER_B_BAKER, False, 15.0, 22.0, 210.364, 177.602, 63, False, None, S_HDRIVER_R_PETTY, [], 52.435, 12.0, 27.0, 56.883, 49.463, 0.985, Daytona)",False,"RACESERIES_c(9670, S_SERIES_SPRINT_CUP, 9671, [], [], 2012, True, None)",False,131924504,,2
LIVERIE_c,22847,,22847,0x13F63,22847,CAREER_FORD_3,"BaseColour_c(23, 29, 36)",S_LIV_PRIMARY,None,False,False,DLCPACKAGE_c(7581),"WORLDSCRIPT_c(1180, 1181, S_WORLD_DAYTONA_BEACH, 31.0, 2.5, None, S_WORLD_LOC_DAYTONA_BEACH, None, False, 10, 31, 168000, 128385558, [], 47.567, None, S_HDRIVER_R_PETTY, S_HDRIVER_R_PETTY, S_DRIVER_B_ELLIOT, S_HDRIVER_B_BAKER, False, 15.0, 22.0, 210.364, 177.602, 63, False, None, S_HDRIVER_R_PETTY, [], 52.435, 12.0, 27.0, 56.883, 49.463, 0.985, Daytona)",False,"RACESERIES_c(9670, S_SERIES_SPRINT_CUP, 9671, [], [], 2012, True, None)",False,131924504,,3
LIVERIE_c,22848,,22848,0x13FAB,22848,CAREER_FORD_4,"BaseColour_c(34, 74, 136)",S_LIV_PRIMARY,None,False,False,DLCPACKAGE_c(7581),"WORLDSCRIPT_c(1180, 1181, S_WORLD_DAYTONA_BEACH, 31.0, 2.5, None, S_WORLD_LOC_DAYTONA_BEACH, None, False, 10, 31, 168000, 128385558, [], 47.567, None, S_HDRIVER_R_PETTY, S_HDRIVER_R_PETTY, S_DRIVER_B_ELLIOT, S_HDRIVER_B_BAKER, False, 15.0, 22.0, 210.364, 177.602, 63, False, None, S_HDRIVER_R_PETTY, [], 52.435, 12.0, 27.0, 56.883, 49.463, 0.985, Daytona)",False,"RACESERIES_c(9670, S_SERIES_SPRINT_CUP, 9671, [], [], 2012, True, None)",False,131924504,,4
LIVERIE_c,22849,,22849,0x13FF3,22849,CAREER_FORD_5,"BaseColour_c(45, 155, 198)",S_LIV_PRIMARY,None,False,False,DLCPACKAGE_c(7581),"WORLDSCRIPT_c(1180, 1181, S_WORLD_DAYTONA_BEACH, 31.0, 2.5, None, S_WORLD_LOC_DAYTONA_BEACH, None, False, 10, 31, 168000, 128385558, [], 47.567, None, S_HDRIVER_R_PETTY, S_HDRIVER_R_PETTY, S_DRIVER_B_ELLIOT, S_HDRIVER_B_BAKER, False, 15.0, 22.0, 210.364, 177.602, 63, False, None, S_HDRIVER_R_PETTY, [], 52.435, 12.0, 27.0, 56.883, 49.463, 0.985, Daytona)",False,"RACESERIES_c(9670, S_SERIES_SPRINT_CUP, 9671, [], [], 2012, True, None)",False,131924504,,5
LIVERIE_c,22850,,22850,0x1403B,22850,CAREER_FORD_6,"BaseColour_c(244, 244, 244)",S_LIV_PRIMARY,None,False,False,DLCPACKAGE_c(7581),"WORLDSCRIPT_c(1180, 1181, S_WORLD_DAYTONA_BEACH, 31.0, 2.5, None, S_WORLD_LOC_DAYTONA_BEACH, None, False, 10, 31, 168000, 128385558, [], 47.567, None, S_HDRIVER_R_PETTY, S_HDRIVER_R_PETTY, S_DRIVER_B_ELLIOT, S_HDRIVER_B_BAKER, False, 15.0, 22.0, 210.364, 177.602, 63, False, None, S_HDRIVER_R_PETTY, [], 52.435, 12.0, 27.0, 56.883, 49.463, 0.985, Daytona)",False,"RACESERIES_c(9670, S_SERIES_SPRINT_CUP, 9671, [], [], 2012, True, None)",False,131924504,,6
LIVERIE_c,22851,,22851,0x14083,22851,CAREER_FORD_7,"BaseColour_c(74, 124, 255)",S_LIV_PRIMARY,None,False,False,DLCPACKAGE_c(7581),"WORLDSCRIPT_c(1180, 1181, S_WORLD_DAYTONA_BEACH, 31.0, 2.5, None, S_WORLD_LOC_DAYTONA_BEACH, None, False, 10, 31, 168000, 128385558, [], 47.567, None, S_HDRIVER_R_PETTY, S_HDRIVER_R_PETTY, S_DRIVER_B_ELLIOT, S_HDRIVER_B_BAKER, False, 15.0, 22.0, 210.364, 177.602, 63, False, None, S_HDRIVER_R_PETTY, [], 52.435, 12.0, 27.0, 56.883, 49.463, 0.985, Daytona)",False,"RACESERIES_c(9670, S_SERIES_SPRINT_CUP, 9671, [], [], 2012, True, None)",False,131924504,,7
LIVERIE_c,22852,,22852,0x140CB,22852,CAREER_FORD_8,"BaseColour_c(210, 21, 21)",S_LIV_PRIMARY,None,False,False,DLCPACKAGE_c(7581),"WORLDSCRIPT_c(1180, 1181, S_WORLD_DAYTONA_BEACH, 31.0, 2.5, None, S_WORLD_LOC_DAYTONA_BEACH, None, False, 10, 31, 168000, 128385558, [], 47.567, None, S_HDRIVER_R_PETTY, S_HDRIVER_R_PETTY, S_DRIVER_B_ELLIOT, S_HDRIVER_B_BAKER, False, 15.0, 22.0, 210.364, 177.602, 63, False, None, S_HDRIVER_R_PETTY, [], 52.435, 12.0, 27.0, 56.883, 49.463, 0.985, Daytona)",False,"RACESERIES_c(9670, S_SERIES_SPRINT_CUP, 9671, [], [], 2012, True, None)",False,131924504,,8
LIVERIE_c,22853,,22853,0x14113,22853,CAREER_FORD_9,"BaseColour_c(119, 120, 116)",S_LIV_PRIMARY,None,False,False,DLCPACKAGE_c(7581),"WORLDSCRIPT_c(1180, 1181, S_WORLD_DAYTONA_BEACH, 31.0, 2.5, None, S_WORLD_LOC_DAYTONA_BEACH, None, False, 10, 31, 168000, 128385558, [], 47.567, None, S_HDRIVER_R_PETTY, S_HDRIVER_R_PETTY, S_DRIVER_B_ELLIOT, S_HDRIVER_B_BAKER, False, 15.0, 22.0, 210.364, 177.602, 63, False, None, S_HDRIVER_R_PETTY, [], 52.435, 12.0, 27.0, 56.883, 49.463, 0.985, Daytona)",False,"RACESERIES_c(9670, S_SERIES_SPRINT_CUP, 9671, [], [], 2012, True, None)",False,131924504,,9
LIVERIE_c,22854,,22854,0x1415B,22854,CAREER_FORD_10,"BaseColour_c(23, 23, 23)",S_LIV_PRIMARY,None,False,False,DLCPACKAGE_c(7581),"WORLDSCRIPT_c(1180, 1181, S_WORLD_DAYTONA_BEACH, 31.0, 2.5, None, S_WORLD_LOC_DAYTONA_BEACH, None, False, 10, 31, 168000, 128385558, [], 47.567, None, S_HDRIVER_R_PETTY, S_HDRIVER_R_PETTY, S_DRIVER_B_ELLIOT, S_HDRIVER_B_BAKER, False, 15.0, 22.0, 210.364, 177.602, 63, False, None, S_HDRIVER_R_PETTY, [], 52.435, 12.0, 27.0, 56.883, 49.463, 0.985, Daytona)",False,"RACESERIES_c(9670, S_SERIES_SPRINT_CUP, 9671, [], [], 2012, True, None)",False,131924504,,10
LIVERIE_c,22855,,22855,0x141A3,22855,CAREER_FORD_11,"BaseColour_c(41, 69, 143)",S_LIV_PRIMARY,None,False,False,DLCPACKAGE_c(7581),"WORLDSCRIPT_c(1180, 1181, S_WORLD_DAYTONA_BEACH, 31.0, 2.5, None, S_WORLD_LOC_DAYTONA_BEACH, None, False, 10, 31, 168000, 128385558, [], 47.567, None, S_HDRIVER_R_PETTY, S_HDRIVER_R_PETTY, S_DRIVER_B_ELLIOT, S_HDRIVER_B_BAKER, False, 15.0, 22.0, 210.364, 177.602, 63, False, None, S_HDRIVER_R_PETTY, [], 52.435, 12.0, 27.0, 56.883, 49.463, 0.985, Daytona)",False,"RACESERIES_c(9670, S_SERIES_SPRINT_CUP, 9671, [], [], 2012, True, None)",False,131924504,,11
LIVERIE_c,22856,,22856,0x141EB,22856,CAREER_FORD_12,"BaseColour_c(46, 91, 167)",S_LIV_PRIMARY,None,False,False,DLCPACKAGE_c(7581),"WORLDSCRIPT_c(1180, 1181, S_WORLD_DAYTONA_BEACH, 31.0, 2.5, None, S_WORLD_LOC_DAYTONA_BEACH, None, False, 10, 31, 168000, 128385558, [], 47.567, None, S_HDRIVER_R_PETTY, S_HDRIVER_R_PETTY, S_DRIVER_B_ELLIOT, S_HDRIVER_B_BAKER, False, 15.0, 22.0, 210.364, 177.602, 63, False, None, S_HDRIVER_R_PETTY, [], 52.435, 12.0, 27.0, 56.883, 49.463, 0.985, Daytona)",False,"RACESERIES_c(9670, S_SERIES_SPRINT_CUP, 9671, [], [], 2012, True, None)",False,131924504,,12
LIVERIE_c,22857,,22857,0x14233,22857,CAREER_FORD_13,"BaseColour_c(235, 235, 235)",S_LIV_PRIMARY,None,False,False,DLCPACKAGE_c(7581),"WORLDSCRIPT_c(1180, 1181, S_WORLD_DAYTONA_BEACH, 31.0, 2.5, None, S_WORLD_LOC_DAYTONA_BEACH, None, False, 10, 31, 168000, 128385558, [], 47.567, None, S_HDRIVER_R_PETTY, S_HDRIVER_R_PETTY, S_DRIVER_B_ELLIOT, S_HDRIVER_B_BAKER, False, 15.0, 22.0, 210.364, 177.602, 63, False, None, S_HDRIVER_R_PETTY, [], 52.435, 12.0, 27.0, 56.883, 49.463, 0.985, Daytona)",False,"RACESERIES_c(9670, S_SERIES_SPRINT_CUP, 9671, [], [], 2012, True, None)",False,131924504,,13
LIVERIE_c,22858,,22858,0x1427B,22858,CAREER_FORD_14,"BaseColour_c(239, 220, 86)",S_LIV_PRIMARY,None,False,False,DLCPACKAGE_c(7581),"WORLDSCRIPT_c(1180, 1181, S_WORLD_DAYTONA_BEACH, 31.0, 2.5, None, S_WORLD_LOC_DAYTONA_BEACH, None, False, 10, 31, 168000, 128385558, [], 47.567, None, S_HDRIVER_R_PETTY, S_HDRIVER_R_PETTY, S_DRIVER_B_ELLIOT, S_HDRIVER_B_BAKER, False, 15.0, 22.0, 210.364, 177.602, 63, False, None, S_HDRIVER_R_PETTY, [], 52.435, 12.0, 27.0, 56.883, 49.463, 0.985, Daytona)",False,"RACESERIES_c(9670, S_SERIES_SPRINT_CUP, 9671, [], [], 2012, True, None)",False,131924504,,14
LIVERIE_c,22859,,22859,0x142C3,22859,CAREER_FORD_15,"BaseColour_c(174, 174, 174)",S_LIV_PRIMARY,None,False,False,DLCPACKAGE_c(7581),"WORLDSCRIPT_c(1180, 1181, S_WORLD_DAYTONA_BEACH, 31.0, 2.5, None, S_WORLD_LOC_DAYTONA_BEACH, None, False, 10, 31, 168000, 128385558, [], 47.567, None, S_HDRIVER_R_PETTY, S_HDRIVER_R_PETTY, S_DRIVER_B_ELLIOT, S_HDRIVER_B_BAKER, False, 15.0, 22.0, 210.364, 177.602, 63, False, None, S_HDRIVER_R_PETTY, [], 52.435, 12.0, 27.0, 56.883, 49.463, 0.985, Daytona)",False,"RACESERIES_c(9670, S_SERIES_SPRINT_CUP, 9671, [], [], 2012, True, None)",False,131924504,,15
LIVERIE_c,22860,,22860,0x1430B,22860,CAREER_TOYOTA_1,"BaseColour_c(55, 69, 125)",S_LIV_PRIMARY,None,False,False,DLCPACKAGE_c(7581),"WORLDSCRIPT_c(1180, 1181, S_WORLD_DAYTONA_BEACH, 31.0, 2.5, None, S_WORLD_LOC_DAYTONA_BEACH, None, False, 10, 31, 168000, 128385558, [], 47.567, None, S_HDRIVER_R_PETTY, S_HDRIVER_R_PETTY, S_DRIVER_B_ELLIOT, S_HDRIVER_B_BAKER, False, 15.0, 22.0, 210.364, 177.602, 63, False, None, S_HDRIVER_R_PETTY, [], 52.435, 12.0, 27.0, 56.883, 49.463, 0.985, Daytona)",False,"RACESERIES_c(9670, S_SERIES_SPRINT_CUP, 9671, [], [], 2012, True, None)",False,131924504,,1
LIVERIE_c,22861,,22861,0x14353,22861,CAREER_TOYOTA_2,"BaseColour_c(245, 173, 5)",S_LIV_PRIMARY,None,False,False,DLCPACKAGE_c(7581),"WORLDSCRIPT_c(1180, 1181, S_WORLD_DAYTONA_BEACH, 31.0, 2.5, None, S_WORLD_LOC_DAYTONA_BEACH, None, False, 10, 31, 168000, 128385558, [], 47.567, None, S_HDRIVER_R_PETTY, S_HDRIVER_R_PETTY, S_DRIVER_B_ELLIOT, S_HDRIVER_B_BAKER, False, 15.0, 22.0, 210.364, 177.602, 63, False, None, S_HDRIVER_R_PETTY, [], 52.435, 12.0, 27.0, 56.883, 49.463, 0.985, Daytona)",False,"RACESERIES_c(9670, S_SERIES_SPRINT_CUP, 9671, [], [], 2012, True, None)",False,131924504,,2
LIVERIE_c,22862,,22862,0x1439B,22862,CAREER_TOYOTA_3,"BaseColour_c(23, 29, 36)",S_LIV_PRIMARY,None,False,False,DLCPACKAGE_c(7581),"WORLDSCRIPT_c(1180, 1181, S_WORLD_DAYTONA_BEACH, 31.0, 2.5, None, S_WORLD_LOC_DAYTONA_BEACH, None, False, 10, 31, 168000, 128385558, [], 47.567, None, S_HDRIVER_R_PETTY, S_HDRIVER_R_PETTY, S_DRIVER_B_ELLIOT, S_HDRIVER_B_BAKER, False, 15.0, 22.0, 210.364, 177.602, 63, False, None, S_HDRIVER_R_PETTY, [], 52.435, 12.0, 27.0, 56.883, 49.463, 0.985, Daytona)",False,"RACESERIES_c(9670, S_SERIES_SPRINT_CUP, 9671, [], [], 2012, True, None)",False,131924504,,3
LIVERIE_c,22863,,22863,0x143E3,22863,CAREER_TOYOTA_4,"BaseColour_c(34, 74, 136)",S_LIV_PRIMARY,None,False,False,DLCPACKAGE_c(7581),"WORLDSCRIPT_c(1180, 1181, S_WORLD_DAYTONA_BEACH, 31.0, 2.5, None, S_WORLD_LOC_DAYTONA_BEACH, None, False, 10, 31, 168000, 128385558, [], 47.567, None, S_HDRIVER_R_PETTY, S_HDRIVER_R_PETTY, S_DRIVER_B_ELLIOT, S_HDRIVER_B_BAKER, False, 15.0, 22.0, 210.364, 177.602, 63, False, None, S_HDRIVER_R_PETTY, [], 52.435, 12.0, 27.0, 56.883, 49.463, 0.985, Daytona)",False,"RACESERIES_c(9670, S_SERIES_SPRINT_CUP, 9671, [], [], 2012, True, None)",False,131924504,,4
LIVERIE_c,22864,,22864,0x1442B,22864,CAREER_TOYOTA_5,"BaseColour_c(45, 155, 198)",S_LIV_PRIMARY,None,False,False,DLCPACKAGE_c(7581),"WORLDSCRIPT_c(1180, 1181, S_WORLD_DAYTONA_BEACH, 31.0, 2.5, None, S_WORLD_LOC_DAYTONA_BEACH, None, False, 10, 31, 168000, 128385558, [], 47.567, None, S_HDRIVER_R_PETTY, S_HDRIVER_R_PETTY, S_DRIVER_B_ELLIOT, S_HDRIVER_B_BAKER, False, 15.0, 22.0, 210.364, 177.602, 63, False, None, S_HDRIVER_R_PETTY, [], 52.435, 12.0, 27.0, 56.883, 49.463, 0.985, Daytona)",False,"RACESERIES_c(9670, S_SERIES_SPRINT_CUP, 9671, [], [], 2012, True, None)",False,131924504,,5
LIVERIE_c,22865,,22865,0x14473,22865,CAREER_TOYOTA_6,"BaseColour_c(244, 244, 244)",S_LIV_PRIMARY,None,False,False,DLCPACKAGE_c(7581),"WORLDSCRIPT_c(1180, 1181, S_WORLD_DAYTONA_BEACH, 31.0, 2.5, None, S_WORLD_LOC_DAYTONA_BEACH, None, False, 10, 31, 168000, 128385558, [], 47.567, None, S_HDRIVER_R_PETTY, S_HDRIVER_R_PETTY, S_DRIVER_B_ELLIOT, S_HDRIVER_B_BAKER, False, 15.0, 22.0, 210.364, 177.602, 63, False, None, S_HDRIVER_R_PETTY, [], 52.435, 12.0, 27.0, 56.883, 49.463, 0.985, Daytona)",False,"RACESERIES_c(9670, S_SERIES_SPRINT_CUP, 9671, [], [], 2012, True, None)",False,131924504,,6
LIVERIE_c,22866,,22866,0x144BB,22866,CAREER_TOYOTA_7,"BaseColour_c(74, 124, 255)",S_LIV_PRIMARY,None,False,False,DLCPACKAGE_c(7581),"WORLDSCRIPT_c(1180, 1181, S_WORLD_DAYTONA_BEACH, 31.0, 2.5, None, S_WORLD_LOC_DAYTONA_BEACH, None, False, 10, 31, 168000, 128385558, [], 47.567, None, S_HDRIVER_R_PETTY, S_HDRIVER_R_PETTY, S_DRIVER_B_ELLIOT, S_HDRIVER_B_BAKER, False, 15.0, 22.0, 210.364, 177.602, 63, False, None, S_HDRIVER_R_PETTY, [], 52.435, 12.0, 27.0, 56.883, 49.463, 0.985, Daytona)",False,"RACESERIES_c(9670, S_SERIES_SPRINT_CUP, 9671, [], [], 2012, True, None)",False,131924504,,7
LIVERIE_c,22867,,22867,0x14503,22867,CAREER_TOYOTA_8,"BaseColour_c(210, 21, 21)",S_LIV_PRIMARY,None,False,False,DLCPACKAGE_c(7581),"WORLDSCRIPT_c(1180, 1181, S_WORLD_DAYTONA_BEACH, 31.0, 2.5, None, S_WORLD_LOC_DAYTONA_BEACH, None, False, 10, 31, 168000, 128385558, [], 47.567, None, S_HDRIVER_R_PETTY, S_HDRIVER_R_PETTY, S_DRIVER_B_ELLIOT, S_HDRIVER_B_BAKER, False, 15.0, 22.0, 210.364, 177.602, 63, False, None, S_HDRIVER_R_PETTY, [], 52.435, 12.0, 27.0, 56.883, 49.463, 0.985, Daytona)",False,"RACESERIES_c(9670, S_SERIES_SPRINT_CUP, 9671, [], [], 2012, True, None)",False,131924504,,8
LIVERIE_c,22868,,22868,0x1454B,22868,CAREER_TOYOTA_9,"BaseColour_c(119, 120, 116)",S_LIV_PRIMARY,None,False,False,DLCPACKAGE_c(7581),"WORLDSCRIPT_c(1180, 1181, S_WORLD_DAYTONA_BEACH, 31.0, 2.5, None, S_WORLD_LOC_DAYTONA_BEACH, None, False, 10, 31, 168000, 128385558, [], 47.567, None, S_HDRIVER_R_PETTY, S_HDRIVER_R_PETTY, S_DRIVER_B_ELLIOT, S_HDRIVER_B_BAKER, False, 15.0, 22.0, 210.364, 177.602, 63, False, None, S_HDRIVER_R_PETTY, [], 52.435, 12.0, 27.0, 56.883, 49.463, 0.985, Daytona)",False,"RACESERIES_c(9670, S_SERIES_SPRINT_CUP, 9671, [], [], 2012, True, None)",False,131924504,,9
LIVERIE_c,22869,,22869,0x14593,22869,CAREER_TOYOTA_10,"BaseColour_c(23, 23, 23)",S_LIV_PRIMARY,None,False,False,DLCPACKAGE_c(7581),"WORLDSCRIPT_c(1180, 1181, S_WORLD_DAYTONA_BEACH, 31.0, 2.5, None, S_WORLD_LOC_DAYTONA_BEACH, None, False, 10, 31, 168000, 128385558, [], 47.567, None, S_HDRIVER_R_PETTY, S_HDRIVER_R_PETTY, S_DRIVER_B_ELLIOT, S_HDRIVER_B_BAKER, False, 15.0, 22.0, 210.364, 177.602, 63, False, None, S_HDRIVER_R_PETTY, [], 52.435, 12.0, 27.0, 56.883, 49.463, 0.985, Daytona)",False,"RACESERIES_c(9670, S_SERIES_SPRINT_CUP, 9671, [], [], 2012, True, None)",False,131924504,,10
LIVERIE_c,22870,,22870,0x145DB,22870,CAREER_TOYOTA_11,"BaseColour_c(41, 69, 143)",S_LIV_PRIMARY,None,False,False,DLCPACKAGE_c(7581),"WORLDSCRIPT_c(1180, 1181, S_WORLD_DAYTONA_BEACH, 31.0, 2.5, None, S_WORLD_LOC_DAYTONA_BEACH, None, False, 10, 31, 168000, 128385558, [], 47.567, None, S_HDRIVER_R_PETTY, S_HDRIVER_R_PETTY, S_DRIVER_B_ELLIOT, S_HDRIVER_B_BAKER, False, 15.0, 22.0, 210.364, 177.602, 63, False, None, S_HDRIVER_R_PETTY, [], 52.435, 12.0, 27.0, 56.883, 49.463, 0.985, Daytona)",False,"RACESERIES_c(9670, S_SERIES_SPRINT_CUP, 9671, [], [], 2012, True, None)",False,131924504,,11
LIVERIE_c,22871,,22871,0x14623,22871,CAREER_TOYOTA_12,"BaseColour_c(46, 91, 167)",S_LIV_PRIMARY,None,False,False,DLCPACKAGE_c(7581),"WORLDSCRIPT_c(1180, 1181, S_WORLD_DAYTONA_BEACH, 31.0, 2.5, None, S_WORLD_LOC_DAYTONA_BEACH, None, False, 10, 31, 168000, 128385558, [], 47.567, None, S_HDRIVER_R_PETTY, S_HDRIVER_R_PETTY, S_DRIVER_B_ELLIOT, S_HDRIVER_B_BAKER, False, 15.0, 22.0, 210.364, 177.602, 63, False, None, S_HDRIVER_R_PETTY, [], 52.435, 12.0, 27.0, 56.883, 49.463, 0.985, Daytona)",False,"RACESERIES_c(9670, S_SERIES_SPRINT_CUP, 9671, [], [], 2012, True, None)",False,131924504,,12
LIVERIE_c,22872,,22872,0x1466B,22872,CAREER_TOYOTA_13,"BaseColour_c(235, 235, 235)",S_LIV_PRIMARY,None,False,False,DLCPACKAGE_c(7581),"WORLDSCRIPT_c(1180, 1181, S_WORLD_DAYTONA_BEACH, 31.0, 2.5, None, S_WORLD_LOC_DAYTONA_BEACH, None, False, 10, 31, 168000, 128385558, [], 47.567, None, S_HDRIVER_R_PETTY, S_HDRIVER_R_PETTY, S_DRIVER_B_ELLIOT, S_HDRIVER_B_BAKER, False, 15.0, 22.0, 210.364, 177.602, 63, False, None, S_HDRIVER_R_PETTY, [], 52.435, 12.0, 27.0, 56.883, 49.463, 0.985, Daytona)",False,"RACESERIES_c(9670, S_SERIES_SPRINT_CUP, 9671, [], [], 2012, True, None)",False,131924504,,13
LIVERIE_c,22873,,22873,0x146B3,22873,CAREER_TOYOTA_14,"BaseColour_c(239, 220, 86)",S_LIV_PRIMARY,None,False,False,DLCPACKAGE_c(7581),"WORLDSCRIPT_c(1180, 1181, S_WORLD_DAYTONA_BEACH, 31.0, 2.5, None, S_WORLD_LOC_DAYTONA_BEACH, None, False, 10, 31, 168000, 128385558, [], 47.567, None, S_HDRIVER_R_PETTY, S_HDRIVER_R_PETTY, S_DRIVER_B_ELLIOT, S_HDRIVER_B_BAKER, False, 15.0, 22.0, 210.364, 177.602, 63, False, None, S_HDRIVER_R_PETTY, [], 52.435, 12.0, 27.0, 56.883, 49.463, 0.985, Daytona)",False,"RACESERIES_c(9670, S_SERIES_SPRINT_CUP, 9671, [], [], 2012, True, None)",False,131924504,,14
LIVERIE_c,22874,,22874,0x146FB,22874,CAREER_TOYOTA_15,"BaseColour_c(174, 174, 174)",S_LIV_PRIMARY,None,False,False,DLCPACKAGE_c(7581),"WORLDSCRIPT_c(1180, 1181, S_WORLD_DAYTONA_BEACH, 31.0, 2.5, None, S_WORLD_LOC_DAYTONA_BEACH, None, False, 10, 31, 168000, 128385558, [], 47.567, None, S_HDRIVER_R_PETTY, S_HDRIVER_R_PETTY, S_DRIVER_B_ELLIOT, S_HDRIVER_B_BAKER, False, 15.0, 22.0, 210.364, 177.602, 63, False, None, S_HDRIVER_R_PETTY, [], 52.435, 12.0, 27.0, 56.883, 49.463, 0.985, Daytona)",False,"RACESERIES_c(9670, S_SERIES_SPRINT_CUP, 9671, [], [], 2012, True, None)",False,131924504,,15
LIVERIE_c,22907,,22907,0x14743,22907,14_14_STEWART_PRIMARY,"BaseColour_c(0, 0, 180)",,"DRIVER_c(1136, S_DRIVER_T_STEWART, None, False, True, tonystewart, 131793153, False, True)",False,False,DLCPACKAGE_c(7581),"WORLDSCRIPT_c(1180, 1181, S_WORLD_DAYTONA_BEACH, 31.0, 2.5, None, S_WORLD_LOC_DAYTONA_BEACH, None, False, 10, 31, 168000, 128385558, [], 47.567, None, S_HDRIVER_R_PETTY, S_HDRIVER_R_PETTY, S_DRIVER_B_ELLIOT, S_HDRIVER_B_BAKER, False, 15.0, 22.0, 210.364, 177.602, 63, False, None, S_HDRIVER_R_PETTY, [], 52.435, 12.0, 27.0, 56.883, 49.463, 0.985, Daytona)",False,"RACESERIES_c(22538, S_SERIES_SPRINT_CUP, 22539, [], [], 2014, False, None)",False,131990039,,-1
LIVERIE_c,22908,,22908,0x1478B,22908,14_16_BIFFLE_PRIMARY,"BaseColour_c(0, 0, 180)",,"DRIVER_c(1090, S_DRIVER_G_BIFFLE, None, False, True, gbiffle, 131727617, False, False)",False,False,DLCPACKAGE_c(7581),"WORLDSCRIPT_c(1180, 1181, S_WORLD_DAYTONA_BEACH, 31.0, 2.5, None, S_WORLD_LOC_DAYTONA_BEACH, None, False, 10, 31, 168000, 128385558, [], 47.567, None, S_HDRIVER_R_PETTY, S_HDRIVER_R_PETTY, S_DRIVER_B_ELLIOT, S_HDRIVER_B_BAKER, False, 15.0, 22.0, 210.364, 177.602, 63, False, None, S_HDRIVER_R_PETTY, [], 52.435, 12.0, 27.0, 56.883, 49.463, 0.985, Daytona)",False,"RACESERIES_c(22538, S_SERIES_SPRINT_CUP, 22539, [], [], 2014, False, None)",False,131990039,,-1
LIVERIE_c,22909,,22909,0x147D3,22909,14_24_GORDON_PRIMARY,"BaseColour_c(0, 0, 180)",,"DRIVER_c(1105, S_DRIVER_J_GORDON, None, False, True, JeffGordonWeb, 131793153, True, True)",False,False,DLCPACKAGE_c(7581),"WORLDSCRIPT_c(1180, 1181, S_WORLD_DAYTONA_BEACH, 31.0, 2.5, None, S_WORLD_LOC_DAYTONA_BEACH, None, False, 10, 31, 168000, 128385558, [], 47.567, None, S_HDRIVER_R_PETTY, S_HDRIVER_R_PETTY, S_DRIVER_B_ELLIOT, S_HDRIVER_B_BAKER, False, 15.0, 22.0, 210.364, 177.602, 63, False, None, S_HDRIVER_R_PETTY, [], 52.435, 12.0, 27.0, 56.883, 49.463, 0.985, Daytona)",False,"RACESERIES_c(22538, S_SERIES_SPRINT_CUP, 22539, [], [], 2014, False, None)",False,131990039,,-1
LIVERIE_c,22910,,22910,0x1481B,22910,14_34_RAGAN_PRIMARY,"BaseColour_c(0, 0, 180)",,"DRIVER_c(1129, S_DRIVER_D_RAGAN, None, False, True, DavidRagan, 131793153, False, False)",False,False,DLCPACKAGE_c(7581),"WORLDSCRIPT_c(1180, 1181, S_WORLD_DAYTONA_BEACH, 31.0, 2.5, None, S_WORLD_LOC_DAYTONA_BEACH, None, False, 10, 31, 168000, 128385558, [], 47.567, None, S_HDRIVER_R_PETTY, S_HDRIVER_R_PETTY, S_DRIVER_B_ELLIOT, S_HDRIVER_B_BAKER, False, 15.0, 22.0, 210.364, 177.602, 63, False, None, S_HDRIVER_R_PETTY, [], 52.435, 12.0, 27.0, 56.883, 49.463, 0.985, Daytona)",False,"RACESERIES_c(22538, S_SERIES_SPRINT_CUP, 22539, [], [], 2014, False, None)",False,131990039,,-1
LIVERIE_c,22912,,22912,0x14863,22912,14_38_GILLILAND_PRIMARY,"BaseColour_c(0, 0, 180)",,"DRIVER_c(1104, S_DRIVER_D_GILLILAND, None, False, True, DavidGilliland, 129106177, False, False)",False,False,DLCPACKAGE_c(7581),"WORLDSCRIPT_c(1180, 1181, S_WORLD_DAYTONA_BEACH, 31.0, 2.5, None, S_WORLD_LOC_DAYTONA_BEACH, None, False, 10, 31, 168000, 128385558, [], 47.567, None, S_HDRIVER_R_PETTY, S_HDRIVER_R_PETTY, S_DRIVER_B_ELLIOT, S_HDRIVER_B_BAKER, False, 15.0, 22.0, 210.364, 177.602, 63, False, None, S_HDRIVER_R_PETTY, [], 52.435, 12.0, 27.0, 56.883, 49.463, 0.985, Daytona)",False,"RACESERIES_c(22538, S_SERIES_SPRINT_CUP, 22539, [], [], 2014, False, None)",False,131990039,,-1
LIVERIE_c,22913,,22913,0x148AB,22913,14_43_ALMIROLA_SECONDARY,"BaseColour_c(0, 0, 180)",,"DRIVER_c(1084, S_DRIVER_A_ALMIROLA, None, False, True, aric_almirola, 129106177, False, False)",False,False,DLCPACKAGE_c(7581),"WORLDSCRIPT_c(1180, 1181, S_WORLD_DAYTONA_BEACH, 31.0, 2.5, None, S_WORLD_LOC_DAYTONA_BEACH, None, False, 10, 31, 168000, 128385558, [], 47.567, None, S_HDRIVER_R_PETTY, S_HDRIVER_R_PETTY, S_DRIVER_B_ELLIOT, S_HDRIVER_B_BAKER, False, 15.0, 22.0, 210.364, 177.602, 63, False, None, S_HDRIVER_R_PETTY, [], 52.435, 12.0, 27.0, 56.883, 49.463, 0.985, Daytona)",False,"RACESERIES_c(22538, S_SERIES_SPRINT_CUP, 22539, [], [], 2014, False, None)",False,131990039,,-1
LIVERIE_c,22914,,22914,0x148F3,22914,14_48_JOHNSON_PRIMARY,"BaseColour_c(0, 0, 180)",,"DRIVER_c(1111, S_DRIVER_J_JOHNSON, None, False, True, JimmieJohnson, 131793153, True, True)",False,False,DLCPACKAGE_c(7581),"WORLDSCRIPT_c(1180, 1181, S_WORLD_DAYTONA_BEACH, 31.0, 2.5, None, S_WORLD_LOC_DAYTONA_BEACH, None, False, 10, 31, 168000, 128385558, [], 47.567, None, S_HDRIVER_R_PETTY, S_HDRIVER_R_PETTY, S_DRIVER_B_ELLIOT, S_HDRIVER_B_BAKER, False, 15.0, 22.0, 210.364, 177.602, 63, False, None, S_HDRIVER_R_PETTY, [], 52.435, 12.0, 27.0, 56.883, 49.463, 0.985, Daytona)",False,"RACESERIES_c(22538, S_SERIES_SPRINT_CUP, 22539, [], [], 2014, False, None)",False,131990039,,-1
LIVERIE_c,22915,,22915,0x1493B,22915,14_5_KAHNE_PRIMARY,"BaseColour_c(0, 0, 180)",,"DRIVER_c(1113, S_DRIVER_K_KAHNE, None, False, True, kaseykahne, 131793153, False, False)",False,False,DLCPACKAGE_c(7581),"WORLDSCRIPT_c(1180, 1181, S_WORLD_DAYTONA_BEACH, 31.0, 2.5, None, S_WORLD_LOC_DAYTONA_BEACH, None, False, 10, 31, 168000, 128385558, [], 47.567, None, S_HDRIVER_R_PETTY, S_HDRIVER_R_PETTY, S_DRIVER_B_ELLIOT, S_HDRIVER_B_BAKER, False, 15.0, 22.0, 210.364, 177.602, 63, False, None, S_HDRIVER_R_PETTY, [], 52.435, 12.0, 27.0, 56.883, 49.463, 0.985, Daytona)",False,"RACESERIES_c(22538, S_SERIES_SPRINT_CUP, 22539, [], [], 2014, False, None)",False,131990039,,-1
LIVERIE_c,22916,,22916,0x14983,22916,14_83_REUTIMANN_PRIMARY,"BaseColour_c(0, 0, 180)",,"DRIVER_c(1131, S_DRIVER_D_REUTIMANN, None, False, True, , 131727617, False, False)",True,False,DLCPACKAGE_c(7581),"WORLDSCRIPT_c(1180, 1181, S_WORLD_DAYTONA_BEACH, 31.0, 2.5, None, S_WORLD_LOC_DAYTONA_BEACH, None, False, 10, 31, 168000, 128385558, [], 47.567, None, S_HDRIVER_R_PETTY, S_HDRIVER_R_PETTY, S_DRIVER_B_ELLIOT, S_HDRIVER_B_BAKER, False, 15.0, 22.0, 210.364, 177.602, 63, False, None, S_HDRIVER_R_PETTY, [], 52.435, 12.0, 27.0, 56.883, 49.463, 0.985, Daytona)",False,"RACESERIES_c(22538, S_SERIES_SPRINT_CUP, 22539, [], [], 2014, False, None)",False,131990039,,-1
LIVERIE_c,22917,,22917,0x149CB,22917,14_93_KVAPIL_PRIMARY,"BaseColour_c(0, 0, 180)",,"DRIVER_c(2847, S_DRIVER_T_KVAPIL, None, False, True, TravisKvapil, 129106177, False, False)",False,False,DLCPACKAGE_c(7581),"WORLDSCRIPT_c(1180, 1181, S_WORLD_DAYTONA_BEACH, 31.0, 2.5, None, S_WORLD_LOC_DAYTONA_BEACH, None, False, 10, 31, 168000, 128385558, [], 47.567, None, S_HDRIVER_R_PETTY, S_HDRIVER_R_PETTY, S_DRIVER_B_ELLIOT, S_HDRIVER_B_BAKER, False, 15.0, 22.0, 210.364, 177.602, 63, False, None, S_HDRIVER_R_PETTY, [], 52.435, 12.0, 27.0, 56.883, 49.463, 0.985, Daytona)",False,"RACESERIES_c(22538, S_SERIES_SPRINT_CUP, 22539, [], [], 2014, False, None)",False,131990039,,-1
LIVERIE_c,22918,,22918,0x14A13,22918,14_99_EDWARDS_PRIMARY,"BaseColour_c(0, 0, 180)",,"DRIVER_c(1101, S_DRIVER_C_EDWARDS, None, False, True, , 131793153, True, False)",False,False,DLCPACKAGE_c(7581),"WORLDSCRIPT_c(1180, 1181, S_WORLD_DAYTONA_BEACH, 31.0, 2.5, None, S_WORLD_LOC_DAYTONA_BEACH, None, False, 10, 31, 168000, 128385558, [], 47.567, None, S_HDRIVER_R_PETTY, S_HDRIVER_R_PETTY, S_DRIVER_B_ELLIOT, S_HDRIVER_B_BAKER, False, 15.0, 22.0, 210.364, 177.602, 63, False, None, S_HDRIVER_R_PETTY, [], 52.435, 12.0, 27.0, 56.883, 49.463, 0.985, Daytona)",False,"RACESERIES_c(22538, S_SERIES_SPRINT_CUP, 22539, [], [], 2014, False, None)",False,131990039,,-1
LIVERIE_c,22927,,22927,0x14A5B,22927,14_11_HAMLIN_PRIMARY,"BaseColour_c(0, 0, 180)",,"DRIVER_c(1107, S_DRIVER_D_HAMLIN, None, False, True, dennyhamlin, 131793153, True, True)",False,False,DLCPACKAGE_c(7581),"WORLDSCRIPT_c(1180, 1181, S_WORLD_DAYTONA_BEACH, 31.0, 2.5, None, S_WORLD_LOC_DAYTONA_BEACH, None, False, 10, 31, 168000, 128385558, [], 47.567, None, S_HDRIVER_R_PETTY, S_HDRIVER_R_PETTY, S_DRIVER_B_ELLIOT, S_HDRIVER_B_BAKER, False, 15.0, 22.0, 210.364, 177.602, 63, False, None, S_HDRIVER_R_PETTY, [], 52.435, 12.0, 27.0, 56.883, 49.463, 0.985, Daytona)",False,"RACESERIES_c(22538, S_SERIES_SPRINT_CUP, 22539, [], [], 2014, False, None)",False,131990039,,-1
LIVERIE_c,22928,,22928,0x14AA3,22928,14_88_EARNHARDT_JR_PRIMARY,"BaseColour_c(0, 0, 180)",,"DRIVER_c(1100, S_DRIVER_D_EARNHARDT_JR, None, False, True, DaleJr, 129106177, True, True)",False,False,DLCPACKAGE_c(7581),"WORLDSCRIPT_c(1180, 1181, S_WORLD_DAYTONA_BEACH, 31.0, 2.5, None, S_WORLD_LOC_DAYTONA_BEACH, None, False, 10, 31, 168000, 128385558, [], 47.567, None, S_HDRIVER_R_PETTY, S_HDRIVER_R_PETTY, S_DRIVER_B_ELLIOT, S_HDRIVER_B_BAKER, False, 15.0, 22.0, 210.364, 177.602, 63, False, None, S_HDRIVER_R_PETTY, [], 52.435, 12.0, 27.0, 56.883, 49.463, 0.985, Daytona)",False,"RACESERIES_c(22538, S_SERIES_SPRINT_CUP, 22539, [], [], 2014, False, None)",False,131990039,,-1
LIVERIE_c,22988,,22988,0x14AEB,22988,14_4_HARVICK_PRIMARY,"BaseColour_c(0, 0, 180)",,"DRIVER_c(1108, S_DRIVER_K_HARVICK, None, False, True, KevinHarvick, 131793153, True, True)",False,False,DLCPACKAGE_c(7581),"WORLDSCRIPT_c(1180, 1181, S_WORLD_DAYTONA_BEACH, 31.0, 2.5, None, S_WORLD_LOC_DAYTONA_BEACH, None, False, 10, 31, 168000, 128385558, [], 47.567, None, S_HDRIVER_R_PETTY, S_HDRIVER_R_PETTY, S_DRIVER_B_ELLIOT, S_HDRIVER_B_BAKER, False, 15.0, 22.0, 210.364, 177.602, 63, False, None, S_HDRIVER_R_PETTY, [], 52.435, 12.0, 27.0, 56.883, 49.463, 0.985, Daytona)",False,"RACESERIES_c(22538, S_SERIES_SPRINT_CUP, 22539, [], [], 2014, False, None)",False,131990039,,-1
LIVERIE_c,22989,,22989,0x14B33,22989,14_9_AMBROSE_PRIMARY,"BaseColour_c(0, 0, 180)",,"DRIVER_c(1085, S_DRIVER_M_AMBROSE, None, False, True, MarcosAmbrose, 129106177, True, False)",False,False,DLCPACKAGE_c(7581),"WORLDSCRIPT_c(1180, 1181, S_WORLD_DAYTONA_BEACH, 31.0, 2.5, None, S_WORLD_LOC_DAYTONA_BEACH, None, False, 10, 31, 168000, 128385558, [], 47.567, None, S_HDRIVER_R_PETTY, S_HDRIVER_R_PETTY, S_DRIVER_B_ELLIOT, S_HDRIVER_B_BAKER, False, 15.0, 22.0, 210.364, 177.602, 63, False, None, S_HDRIVER_R_PETTY, [], 52.435, 12.0, 27.0, 56.883, 49.463, 0.985, Daytona)",False,"RACESERIES_c(22538, S_SERIES_SPRINT_CUP, 22539, [], [], 2014, False, None)",False,131990039,,-1
LIVERIE_c,22990,,22990,0x14B7B,22990,14_78_TRUEX_JR_PRIMARY,"BaseColour_c(0, 0, 180)",,"DRIVER_c(1138, S_DRIVER_M_TRUEX_JR, None, False, True, MartinTruexJr56, 129106177, False, False)",False,False,DLCPACKAGE_c(7581),"WORLDSCRIPT_c(1180, 1181, S_WORLD_DAYTONA_BEACH, 31.0, 2.5, None, S_WORLD_LOC_DAYTONA_BEACH, None, False, 10, 31, 168000, 128385558, [], 47.567, None, S_HDRIVER_R_PETTY, S_HDRIVER_R_PETTY, S_DRIVER_B_ELLIOT, S_HDRIVER_B_BAKER, False, 15.0, 22.0, 210.364, 177.602, 63, False, None, S_HDRIVER_R_PETTY, [], 52.435, 12.0, 27.0, 56.883, 49.463, 0.985, Daytona)",False,"RACESERIES_c(22538, S_SERIES_SPRINT_CUP, 22539, [], [], 2014, False, None)",False,131990039,,-1
LIVERIE_c,23004,,23004,0x14BC3,23004,14_40_CASSILL_PRIMARY,"BaseColour_c(0, 0, 180)",,"DRIVER_c(9666, S_DRIVER_L_CASSILL, None, False, True, landoncassill, 129106177, False, False)",False,False,DLCPACKAGE_c(7581),"WORLDSCRIPT_c(1180, 1181, S_WORLD_DAYTONA_BEACH, 31.0, 2.5, None, S_WORLD_LOC_DAYTONA_BEACH, None, False, 10, 31, 168000, 128385558, [], 47.567, None, S_HDRIVER_R_PETTY, S_HDRIVER_R_PETTY, S_DRIVER_B_ELLIOT, S_HDRIVER_B_BAKER, False, 15.0, 22.0, 210.364, 177.602, 63, False, None, S_HDRIVER_R_PETTY, [], 52.435, 12.0, 27.0, 56.883, 49.463, 0.985, Daytona)",False,"RACESERIES_c(22538, S_SERIES_SPRINT_CUP, 22539, [], [], 2014, False, None)",False,131990039,,-1
LIVERIE_c,23102,,23102,0x14C0B,23102,14_87_NEMECHEK_PRIMARY,"BaseColour_c(0, 0, 180)",,"DRIVER_c(1126, S_DRIVER_J_NEMECHEK, None, False, True, FrontRowJoe87, 129106177, False, False)",False,False,DLCPACKAGE_c(7581),"WORLDSCRIPT_c(1180, 1181, S_WORLD_DAYTONA_BEACH, 31.0, 2.5, None, S_WORLD_LOC_DAYTONA_BEACH, None, False, 10, 31, 168000, 128385558, [], 47.567, None, S_HDRIVER_R_PETTY, S_HDRIVER_R_PETTY, S_DRIVER_B_ELLIOT, S_HDRIVER_B_BAKER, False, 15.0, 22.0, 210.364, 177.602, 63, False, None, S_HDRIVER_R_PETTY, [], 52.435, 12.0, 27.0, 56.883, 49.463, 0.985, Daytona)",False,"RACESERIES_c(22538, S_SERIES_SPRINT_CUP, 22539, [], [], 2014, False, None)",False,131990039,,-1
LIVERIE_c,23103,,23103,0x14C53,23103,14_47_ALLMENDINGER_PRIMARY,"BaseColour_c(0, 0, 180)",,"DRIVER_c(1083, S_DRIVER_AJ_ALMENDINGER, None, False, True, AJDinger, 129106177, False, False)",False,False,DLCPACKAGE_c(7581),"WORLDSCRIPT_c(1180, 1181, S_WORLD_DAYTONA_BEACH, 31.0, 2.5, None, S_WORLD_LOC_DAYTONA_BEACH, None, False, 10, 31, 168000, 128385558, [], 47.567, None, S_HDRIVER_R_PETTY, S_HDRIVER_R_PETTY, S_DRIVER_B_ELLIOT, S_HDRIVER_B_BAKER, False, 15.0, 22.0, 210.364, 177.602, 63, False, None, S_HDRIVER_R_PETTY, [], 52.435, 12.0, 27.0, 56.883, 49.463, 0.985, Daytona)",False,"RACESERIES_c(22538, S_SERIES_SPRINT_CUP, 22539, [], [], 2014, False, None)",False,131990039,,-1
LIVERIE_c,23104,,23104,0x14C9B,23104,14_31_NEWMAN_PRIMARY,"BaseColour_c(0, 0, 180)",,"DRIVER_c(1127, S_DRIVER_R_NEWMAN, None, False, True, RyanJNewman, 131793153, True, False)",False,False,DLCPACKAGE_c(7581),"WORLDSCRIPT_c(1180, 1181, S_WORLD_DAYTONA_BEACH, 31.0, 2.5, None, S_WORLD_LOC_DAYTONA_BEACH, None, False, 10, 31, 168000, 128385558, [], 47.567, None, S_HDRIVER_R_PETTY, S_HDRIVER_R_PETTY, S_DRIVER_B_ELLIOT, S_HDRIVER_B_BAKER, False, 15.0, 22.0, 210.364, 177.602, 63, False, None, S_HDRIVER_R_PETTY, [], 52.435, 12.0, 27.0, 56.883, 49.463, 0.985, Daytona)",False,"RACESERIES_c(22538, S_SERIES_SPRINT_CUP, 22539, [], [], 2014, False, None)",False,131990039,,-1
LIVERIE_c,23105,,23105,0x14CE3,23105,14_20_KENSETH_PRIMARY,"BaseColour_c(0, 0, 180)",,"DRIVER_c(1114, S_DRIVER_M_KENSETH, None, False, True, mattkenseth, 131793153, True, False)",False,False,DLCPACKAGE_c(7581),"WORLDSCRIPT_c(1180, 1181, S_WORLD_DAYTONA_BEACH, 31.0, 2.5, None, S_WORLD_LOC_DAYTONA_BEACH, None, False, 10, 31, 168000, 128385558, [], 47.567, None, S_HDRIVER_R_PETTY, S_HDRIVER_R_PETTY, S_DRIVER_B_ELLIOT, S_HDRIVER_B_BAKER, False, 15.0, 22.0, 210.364, 177.602, 63, False, None, S_HDRIVER_R_PETTY, [], 52.435, 12.0, 27.0, 56.883, 49.463, 0.985, Daytona)",False,"RACESERIES_c(22538, S_SERIES_SPRINT_CUP, 22539, [], [], 2014, False, None)",False,131990039,,-1
LIVERIE_c,23106,,23106,0x14D2B,23106,14_41_BUSCH_PRIMARY,"BaseColour_c(0, 0, 180)",,"DRIVER_c(1095, S_DRIVER_K_BUSCH_01, None, False, True, kurtbusch, 131793153, True, True)",False,False,DLCPACKAGE_c(7581),"WORLDSCRIPT_c(1180, 1181, S_WORLD_DAYTONA_BEACH, 31.0, 2.5, None, S_WORLD_LOC_DAYTONA_BEACH, None, False, 10, 31, 168000, 128385558, [], 47.567, None, S_HDRIVER_R_PETTY, S_HDRIVER_R_PETTY, S_DRIVER_B_ELLIOT, S_HDRIVER_B_BAKER, False, 15.0, 22.0, 210.364, 177.602, 63, False, None, S_HDRIVER_R_PETTY, [], 52.435, 12.0, 27.0, 56.883, 49.463, 0.985, Daytona)",False,"RACESERIES_c(22538, S_SERIES_SPRINT_CUP, 22539, [], [], 2014, False, None)",False,131990039,,-1
LIVERIE_c,23108,,23108,0x14D73,23108,14_10_PATRICK_PRIMARY,"BaseColour_c(0, 0, 180)",,"DRIVER_c(5758, S_DRIVER_D_PATRICK, None, False, False, DanicaPatrick, 129106177, True, False)",False,False,DLCPACKAGE_c(7581),"WORLDSCRIPT_c(1180, 1181, S_WORLD_DAYTONA_BEACH, 31.0, 2.5, None, S_WORLD_LOC_DAYTONA_BEACH, None, False, 10, 31, 168000, 128385558, [], 47.567, None, S_HDRIVER_R_PETTY, S_HDRIVER_R_PETTY, S_DRIVER_B_ELLIOT, S_HDRIVER_B_BAKER, False, 15.0, 22.0, 210.364, 177.602, 63, False, None, S_HDRIVER_R_PETTY, [], 52.435, 12.0, 27.0, 56.883, 49.463, 0.985, Daytona)",False,"RACESERIES_c(22538, S_SERIES_SPRINT_CUP, 22539, [], [], 2014, False, None)",False,131990039,,-1
LIVERIE_c,23109,,23109,0x14DBB,23109,14_22_LOGANO_PRIMARY,"BaseColour_c(0, 0, 180)",,"DRIVER_c(1117, S_DRIVER_J_LOGANO, None, False, True, joeylogano, 129106177, True, False)",False,False,DLCPACKAGE_c(7581),"WORLDSCRIPT_c(1180, 1181, S_WORLD_DAYTONA_BEACH, 31.0, 2.5, None, S_WORLD_LOC_DAYTONA_BEACH, None, False, 10, 31, 168000, 128385558, [], 47.567, None, S_HDRIVER_R_PETTY, S_HDRIVER_R_PETTY, S_DRIVER_B_ELLIOT, S_HDRIVER_B_BAKER, False, 15.0, 22.0, 210.364, 177.602, 63, False, None, S_HDRIVER_R_PETTY, [], 52.435, 12.0, 27.0, 56.883, 49.463, 0.985, Daytona)",False,"RACESERIES_c(22538, S_SERIES_SPRINT_CUP, 22539, [], [], 2014, False, None)",False,131990039,,-1
LIVERIE_c,23110,,23110,0x14E03,23110,14_1_MCMURRAY_PRIMARY,"BaseColour_c(0, 0, 180)",,"DRIVER_c(1121, S_DRIVER_J_MCMURRAY, None, False, True, JamieMcMurray, 131727617, True, False)",False,False,DLCPACKAGE_c(7581),"WORLDSCRIPT_c(1180, 1181, S_WORLD_DAYTONA_BEACH, 31.0, 2.5, None, S_WORLD_LOC_DAYTONA_BEACH, None, False, 10, 31, 168000, 128385558, [], 47.567, None, S_HDRIVER_R_PETTY, S_HDRIVER_R_PETTY, S_DRIVER_B_ELLIOT, S_HDRIVER_B_BAKER, False, 15.0, 22.0, 210.364, 177.602, 63, False, None, S_HDRIVER_R_PETTY, [], 52.435, 12.0, 27.0, 56.883, 49.463, 0.985, Daytona)",False,"RACESERIES_c(22538, S_SERIES_SPRINT_CUP, 22539, [], [], 2014, False, None)",False,131990039,,-1
LIVERIE_c,23111,,23111,0x14E4B,23111,14_2_KESELOWSKI_PRIMARY,"BaseColour_c(0, 0, 180)",,"DRIVER_c(1115, S_DRIVER_B_KESELOWSKI, None, False, True, keselowski, 131793153, True, False)",True,False,DLCPACKAGE_c(7581),"WORLDSCRIPT_c(1180, 1181, S_WORLD_DAYTONA_BEACH, 31.0, 2.5, None, S_WORLD_LOC_DAYTONA_BEACH, None, False, 10, 31, 168000, 128385558, [], 47.567, None, S_HDRIVER_R_PETTY, S_HDRIVER_R_PETTY, S_DRIVER_B_ELLIOT, S_HDRIVER_B_BAKER, False, 15.0, 22.0, 210.364, 177.602, 63, False, None, S_HDRIVER_R_PETTY, [], 52.435, 12.0, 27.0, 56.883, 49.463, 0.985, Daytona)",False,"RACESERIES_c(22538, S_SERIES_SPRINT_CUP, 22539, [], [], 2014, False, None)",False,131990039,,-1
LIVERIE_c,23112,,23112,0x14E93,23112,14_6_REED_PRIMARY,"BaseColour_c(0, 0, 180)",,"DRIVER_c(22930, S_DRIVER_R_REED, None, False, True, driverRyanReed, 129106177, False, False)",False,False,DLCPACKAGE_c(7581),"WORLDSCRIPT_c(1180, 1181, S_WORLD_DAYTONA_BEACH, 31.0, 2.5, None, S_WORLD_LOC_DAYTONA_BEACH, None, False, 10, 31, 168000, 128385558, [], 47.567, None, S_HDRIVER_R_PETTY, S_HDRIVER_R_PETTY, S_DRIVER_B_ELLIOT, S_HDRIVER_B_BAKER, False, 15.0, 22.0, 210.364, 177.602, 63, False, None, S_HDRIVER_R_PETTY, [], 52.435, 12.0, 27.0, 56.883, 49.463, 0.985, Daytona)",False,"RACESERIES_c(22538, S_SERIES_SPRINT_CUP, 22539, [], [], 2014, False, None)",False,131990039,,-1
LIVERIE_c,23113,,23113,0x14EDB,23113,14_3_DILLON_PRIMARY,"BaseColour_c(0, 0, 180)",,"DRIVER_c(9663, S_DRIVER_A_DILLON, None, False, True, austindillon3, 129106177, False, False)",False,False,DLCPACKAGE_c(7581),"WORLDSCRIPT_c(1180, 1181, S_WORLD_DAYTONA_BEACH, 31.0, 2.5, None, S_WORLD_LOC_DAYTONA_BEACH, None, False, 10, 31, 168000, 128385558, [], 47.567, None, S_HDRIVER_R_PETTY, S_HDRIVER_R_PETTY, S_DRIVER_B_ELLIOT, S_HDRIVER_B_BAKER, False, 15.0, 22.0, 210.364, 177.602, 63, False, None, S_HDRIVER_R_PETTY, [], 52.435, 12.0, 27.0, 56.883, 49.463, 0.985, Daytona)",False,"RACESERIES_c(22538, S_SERIES_SPRINT_CUP, 22539, [], [], 2014, False, None)",False,131990039,,-1
LIVERIE_c,23114,,23114,0x14F23,23114,14_7_ANNETT_PRIMARY,"BaseColour_c(0, 0, 180)",,"DRIVER_c(22986, S_DRIVER_M_ANNETT, None, False, True, MichaelAnnett, 129106177, False, False)",False,False,DLCPACKAGE_c(7581),"WORLDSCRIPT_c(1180, 1181, S_WORLD_DAYTONA_BEACH, 31.0, 2.5, None, S_WORLD_LOC_DAYTONA_BEACH, None, False, 10, 31, 168000, 128385558, [], 47.567, None, S_HDRIVER_R_PETTY, S_HDRIVER_R_PETTY, S_DRIVER_B_ELLIOT, S_HDRIVER_B_BAKER, False, 15.0, 22.0, 210.364, 177.602, 63, False, None, S_HDRIVER_R_PETTY, [], 52.435, 12.0, 27.0, 56.883, 49.463, 0.985, Daytona)",False,"RACESERIES_c(22538, S_SERIES_SPRINT_CUP, 22539, [], [], 2014, False, None)",False,131990039,,-1
LIVERIE_c,23115,,23115,0x14F6B,23115,14_12_HARRAKA_PRIMARY,"BaseColour_c(0, 0, 180)",,"DRIVER_c(23023, S_DRIVER_P_HARRAKA, None, False, True, paulieharraka, 129106177, False, False)",False,False,DLCPACKAGE_c(7581),"WORLDSCRIPT_c(1180, 1181, S_WORLD_DAYTONA_BEACH, 31.0, 2.5, None, S_WORLD_LOC_DAYTONA_BEACH, None, False, 10, 31, 168000, 128385558, [], 47.567, None, S_HDRIVER_R_PETTY, S_HDRIVER_R_PETTY, S_DRIVER_B_ELLIOT, S_HDRIVER_B_BAKER, False, 15.0, 22.0, 210.364, 177.602, 63, False, None, S_HDRIVER_R_PETTY, [], 52.435, 12.0, 27.0, 56.883, 49.463, 0.985, Daytona)",False,"RACESERIES_c(22538, S_SERIES_SPRINT_CUP, 22539, [], [], 2014, False, None)",False,131990039,,-1
LIVERIE_c,23116,,23116,0x14FB3,23116,14_13_MEARS_PRIMARY,"BaseColour_c(0, 0, 180)",,"DRIVER_c(1124, S_DRIVER_C_MEARS, None, False, True, CaseyMears13, 129106177, False, False)",False,False,DLCPACKAGE_c(7581),"WORLDSCRIPT_c(1180, 1181, S_WORLD_DAYTONA_BEACH, 31.0, 2.5, None, S_WORLD_LOC_DAYTONA_BEACH, None, False, 10, 31, 168000, 128385558, [], 47.567, None, S_HDRIVER_R_PETTY, S_HDRIVER_R_PETTY, S_DRIVER_B_ELLIOT, S_HDRIVER_B_BAKER, False, 15.0, 22.0, 210.364, 177.602, 63, False, None, S_HDRIVER_R_PETTY, [], 52.435, 12.0, 27.0, 56.883, 49.463, 0.985, Daytona)",False,"RACESERIES_c(22538, S_SERIES_SPRINT_CUP, 22539, [], [], 2014, False, None)",False,131990039,,-1
LIVERIE_c,23117,,23117,0x14FFB,23117,14_15_BOWYER_PRIMARY,"BaseColour_c(0, 0, 180)",,"DRIVER_c(1092, S_DRIVER_C_BOWYER, None, False, True, ClintBowyer, 131727617, False, False)",False,False,DLCPACKAGE_c(7581),"WORLDSCRIPT_c(1180, 1181, S_WORLD_DAYTONA_BEACH, 31.0, 2.5, None, S_WORLD_LOC_DAYTONA_BEACH, None, False, 10, 31, 168000, 128385558, [], 47.567, None, S_HDRIVER_R_PETTY, S_HDRIVER_R_PETTY, S_DRIVER_B_ELLIOT, S_HDRIVER_B_BAKER, False, 15.0, 22.0, 210.364, 177.602, 63, False, None, S_HDRIVER_R_PETTY, [], 52.435, 12.0, 27.0, 56.883, 49.463, 0.985, Daytona)",False,"RACESERIES_c(22538, S_SERIES_SPRINT_CUP, 22539, [], [], 2014, False, None)",False,131990039,,-1
LIVERIE_c,23118,,23118,0x15043,23118,14_17_STENHOUSE_JR_PRIMARY,"BaseColour_c(0, 0, 180)",,"DRIVER_c(7175, S_DRIVER_R_STENHOUSE_JR, None, False, True, stenhousejr, 129106177, True, False)",False,False,DLCPACKAGE_c(7581),"WORLDSCRIPT_c(1180, 1181, S_WORLD_DAYTONA_BEACH, 31.0, 2.5, None, S_WORLD_LOC_DAYTONA_BEACH, None, False, 10, 31, 168000, 128385558, [], 47.567, None, S_HDRIVER_R_PETTY, S_HDRIVER_R_PETTY, S_DRIVER_B_ELLIOT, S_HDRIVER_B_BAKER, False, 15.0, 22.0, 210.364, 177.602, 63, False, None, S_HDRIVER_R_PETTY, [], 52.435, 12.0, 27.0, 56.883, 49.463, 0.985, Daytona)",False,"RACESERIES_c(22538, S_SERIES_SPRINT_CUP, 22539, [], [], 2014, False, None)",False,131990039,,-1
LIVERIE_c,23119,,23119,0x1508B,23119,14_18_BUSCH_PRIMARY,"BaseColour_c(0, 0, 180)",,"DRIVER_c(1096, S_DRIVER_K_BUSCH_02, None, False, True, kylebusch, 131793153, True, True)",False,False,DLCPACKAGE_c(7581),"WORLDSCRIPT_c(1180, 1181, S_WORLD_DAYTONA_BEACH, 31.0, 2.5, None, S_WORLD_LOC_DAYTONA_BEACH, None, False, 10, 31, 168000, 128385558, [], 47.567, None, S_HDRIVER_R_PETTY, S_HDRIVER_R_PETTY, S_DRIVER_B_ELLIOT, S_HDRIVER_B_BAKER, False, 15.0, 22.0, 210.364, 177.602, 63, False, None, S_HDRIVER_R_PETTY, [], 52.435, 12.0, 27.0, 56.883, 49.463, 0.985, Daytona)",False,"RACESERIES_c(22538, S_SERIES_SPRINT_CUP, 22539, [], [], 2014, False, None)",False,131990039,,-1
LIVERIE_c,23120,,23120,0x150D3,23120,14_21_BAYNE_PRIMARY,"BaseColour_c(0, 0, 180)",,"DRIVER_c(5766, S_DRIVER_T_BAYNE, None, False, True, tbayne21, 131793153, False, False)",False,False,DLCPACKAGE_c(7581),"WORLDSCRIPT_c(1180, 1181, S_WORLD_DAYTONA_BEACH, 31.0, 2.5, None, S_WORLD_LOC_DAYTONA_BEACH, None, False, 10, 31, 168000, 128385558, [], 47.567, None, S_HDRIVER_R_PETTY, S_HDRIVER_R_PETTY, S_DRIVER_B_ELLIOT, S_HDRIVER_B_BAKER, False, 15.0, 22.0, 210.364, 177.602, 63, False, None, S_HDRIVER_R_PETTY, [], 52.435, 12.0, 27.0, 56.883, 49.463, 0.985, Daytona)",False,"RACESERIES_c(22538, S_SERIES_SPRINT_CUP, 22539, [], [], 2014, False, None)",False,131990039,,-1
LIVERIE_c,23121,,23121,0x1511B,23121,14_27_MENARD_PRIMARY,"BaseColour_c(0, 0, 180)",,"DRIVER_c(1123, S_DRIVER_P_MENARD, None, False, True, RCR27PMenard, 131793153, False, False)",False,False,DLCPACKAGE_c(7581),"WORLDSCRIPT_c(1180, 1181, S_WORLD_DAYTONA_BEACH, 31.0, 2.5, None, S_WORLD_LOC_DAYTONA_BEACH, None, False, 10, 31, 168000, 128385558, [], 47.567, None, S_HDRIVER_R_PETTY, S_HDRIVER_R_PETTY, S_DRIVER_B_ELLIOT, S_HDRIVER_B_BAKER, False, 15.0, 22.0, 210.364, 177.602, 63, False, None, S_HDRIVER_R_PETTY, [], 52.435, 12.0, 27.0, 56.883, 49.463, 0.985, Daytona)",False,"RACESERIES_c(22538, S_SERIES_SPRINT_CUP, 22539, [], [], 2014, False, None)",False,131990039,,-1
LIVERIE_c,23123,,23123,0x15163,23123,14_42_LARSON_PRIMARY,"BaseColour_c(0, 0, 180)",,"DRIVER_c(22676, S_DRIVER_K_LARSON, None, False, True, KyleLarsonRacin, 129106177, False, False)",False,False,DLCPACKAGE_c(7581),"WORLDSCRIPT_c(1180, 1181, S_WORLD_DAYTONA_BEACH, 31.0, 2.5, None, S_WORLD_LOC_DAYTONA_BEACH, None, False, 10, 31, 168000, 128385558, [], 47.567, None, S_HDRIVER_R_PETTY, S_HDRIVER_R_PETTY, S_DRIVER_B_ELLIOT, S_HDRIVER_B_BAKER, False, 15.0, 22.0, 210.364, 177.602, 63, False, None, S_HDRIVER_R_PETTY, [], 52.435, 12.0, 27.0, 56.883, 49.463, 0.985, Daytona)",False,"RACESERIES_c(22538, S_SERIES_SPRINT_CUP, 22539, [], [], 2014, False, None)",False,131990039,,-1
LIVERIE_c,23124,,23124,0x151AB,23124,14_55_VICKERS_PRIMARY,"BaseColour_c(0, 0, 180)",,"DRIVER_c(1139, S_DRIVER_B_VICKERS, None, False, True, BrianLVickers, 129106177, False, False)",False,False,DLCPACKAGE_c(7581),"WORLDSCRIPT_c(1180, 1181, S_WORLD_DAYTONA_BEACH, 31.0, 2.5, None, S_WORLD_LOC_DAYTONA_BEACH, None, False, 10, 31, 168000, 128385558, [], 47.567, None, S_HDRIVER_R_PETTY, S_HDRIVER_R_PETTY, S_DRIVER_B_ELLIOT, S_HDRIVER_B_BAKER, False, 15.0, 22.0, 210.364, 177.602, 63, False, None, S_HDRIVER_R_PETTY, [], 52.435, 12.0, 27.0, 56.883, 49.463, 0.985, Daytona)",False,"RACESERIES_c(22538, S_SERIES_SPRINT_CUP, 22539, [], [], 2014, False, None)",False,131990039,,-1
LIVERIE_c,23125,,23125,0x151F3,23125,14_95_MCDOWELL_PRIMARY,"BaseColour_c(0, 0, 180)",,"DRIVER_c(1400, S_DRIVER_M_MCDOWELL, None, False, True, Mc_Driver, 129106177, False, False)",False,False,DLCPACKAGE_c(7581),"WORLDSCRIPT_c(1180, 1181, S_WORLD_DAYTONA_BEACH, 31.0, 2.5, None, S_WORLD_LOC_DAYTONA_BEACH, None, False, 10, 31, 168000, 128385558, [], 47.567, None, S_HDRIVER_R_PETTY, S_HDRIVER_R_PETTY, S_DRIVER_B_ELLIOT, S_HDRIVER_B_BAKER, False, 15.0, 22.0, 210.364, 177.602, 63, False, None, S_HDRIVER_R_PETTY, [], 52.435, 12.0, 27.0, 56.883, 49.463, 0.985, Daytona)",False,"RACESERIES_c(22538, S_SERIES_SPRINT_CUP, 22539, [], [], 2014, False, None)",False,131990039,,-1
LIVERIE_c,23126,,23126,0x1523B,23126,14_5_ELLIOTT_PRIMARY,"BaseColour_c(0, 0, 180)",,"DRIVER_c(23022, S_DRIVER_C_ELLIOTT, None, False, True, chaseelliott, 129106177, False, False)",False,False,DLCPACKAGE_c(7581),"WORLDSCRIPT_c(1180, 1181, S_WORLD_DAYTONA_BEACH, 31.0, 2.5, None, S_WORLD_LOC_DAYTONA_BEACH, None, False, 10, 31, 168000, 128385558, [], 47.567, None, S_HDRIVER_R_PETTY, S_HDRIVER_R_PETTY, S_DRIVER_B_ELLIOT, S_HDRIVER_B_BAKER, False, 15.0, 22.0, 210.364, 177.602, 63, False, None, S_HDRIVER_R_PETTY, [], 52.435, 12.0, 27.0, 56.883, 49.463, 0.985, Daytona)",False,"RACESERIES_c(22538, S_SERIES_SPRINT_CUP, 22539, [], [], 2014, False, None)",False,131990039,,-1
LIVERIE_c,23127,,23127,0x15283,23127,14_7_SMITH_PRIMARY,"BaseColour_c(0, 0, 180)",,"DRIVER_c(1134, S_DRIVER_R_SMITH, None, False, True, ReganSmith, 131793153, False, False)",False,False,DLCPACKAGE_c(7581),"WORLDSCRIPT_c(1180, 1181, S_WORLD_DAYTONA_BEACH, 31.0, 2.5, None, S_WORLD_LOC_DAYTONA_BEACH, None, False, 10, 31, 168000, 128385558, [], 47.567, None, S_HDRIVER_R_PETTY, S_HDRIVER_R_PETTY, S_DRIVER_B_ELLIOT, S_HDRIVER_B_BAKER, False, 15.0, 22.0, 210.364, 177.602, 63, False, None, S_HDRIVER_R_PETTY, [], 52.435, 12.0, 27.0, 56.883, 49.463, 0.985, Daytona)",False,"RACESERIES_c(22538, S_SERIES_SPRINT_CUP, 22539, [], [], 2014, False, None)",False,131990039,,-1
LIVERIE_c,23199,,23199,0x152CB,23199,14_54_DARRELL_WALLACE_PRIMARY,"BaseColour_c(0, 0, 180)",,"DRIVER_c(23147, S_DRIVER_D_WALLACE, None, False, True, BubbaWallace, 129106177, False, False)",False,False,DLCPACKAGE_c(7581),"WORLDSCRIPT_c(1180, 1181, S_WORLD_DAYTONA_BEACH, 31.0, 2.5, None, S_WORLD_LOC_DAYTONA_BEACH, None, False, 10, 31, 168000, 128385558, [], 47.567, None, S_HDRIVER_R_PETTY, S_HDRIVER_R_PETTY, S_DRIVER_B_ELLIOT, S_HDRIVER_B_BAKER, False, 15.0, 22.0, 210.364, 177.602, 63, False, None, S_HDRIVER_R_PETTY, [], 52.435, 12.0, 27.0, 56.883, 49.463, 0.985, Daytona)",False,"RACESERIES_c(22538, S_SERIES_SPRINT_CUP, 22539, [], [], 2014, False, None)",False,131990039,,-1
LIVERIE_c,23201,,23201,0x15313,23201,14_98_WISE_PRIMARY,"BaseColour_c(0, 0, 180)",,"DRIVER_c(7174, S_DRIVER_J_WISE, None, False, True, Josh_Wise, 129106177, False, False)",False,False,DLCPACKAGE_c(7581),"WORLDSCRIPT_c(1180, 1181, S_WORLD_DAYTONA_BEACH, 31.0, 2.5, None, S_WORLD_LOC_DAYTONA_BEACH, None, False, 10, 31, 168000, 128385558, [], 47.567, None, S_HDRIVER_R_PETTY, S_HDRIVER_R_PETTY, S_DRIVER_B_ELLIOT, S_HDRIVER_B_BAKER, False, 15.0, 22.0, 210.364, 177.602, 63, False, None, S_HDRIVER_R_PETTY, [], 52.435, 12.0, 27.0, 56.883, 49.463, 0.985, Daytona)",False,"RACESERIES_c(22538, S_SERIES_SPRINT_CUP, 22539, [], [], 2014, False, None)",False,131990039,,-1
LIVERIE_c,23221,,23221,0x1535B,23221,DEADISLAND,"BaseColour_c(55, 69, 125)",S_LIV_DEADISLAND,"DRIVER_c(2491, S_DEFAULT_PLAYER_NAME, None, True, True, , 129106177, False, False)",True,True,DLCPACKAGE_c(7581),"WORLDSCRIPT_c(1180, 1181, S_WORLD_DAYTONA_BEACH, 31.0, 2.5, None, S_WORLD_LOC_DAYTONA_BEACH, None, False, 10, 31, 168000, 128385558, [], 47.567, None, S_HDRIVER_R_PETTY, S_HDRIVER_R_PETTY, S_DRIVER_B_ELLIOT, S_HDRIVER_B_BAKER, False, 15.0, 22.0, 210.364, 177.602, 63, False, None, S_HDRIVER_R_PETTY, [], 52.435, 12.0, 27.0, 56.883, 49.463, 0.985, Daytona)",False,"RACESERIES_c(22538, S_SERIES_SPRINT_CUP, 22539, [], [], 2014, False, None)",False,131924504,NAS14GAMESTOP,-1
LIVERIE_c,23222,,23222,0x153A3,23222,METRO1,"BaseColour_c(55, 69, 125)",S_LIV_METRO,"DRIVER_c(2491, S_DEFAULT_PLAYER_NAME, None, True, True, , 129106177, False, False)",True,True,DLCPACKAGE_c(7581),"WORLDSCRIPT_c(1180, 1181, S_WORLD_DAYTONA_BEACH, 31.0, 2.5, None, S_WORLD_LOC_DAYTONA_BEACH, None, False, 10, 31, 168000, 128385558, [], 47.567, None, S_HDRIVER_R_PETTY, S_HDRIVER_R_PETTY, S_DRIVER_B_ELLIOT, S_HDRIVER_B_BAKER, False, 15.0, 22.0, 210.364, 177.602, 63, False, None, S_HDRIVER_R_PETTY, [], 52.435, 12.0, 27.0, 56.883, 49.463, 0.985, Daytona)",False,"RACESERIES_c(22538, S_SERIES_SPRINT_CUP, 22539, [], [], 2014, False, None)",False,131924504,NAS14GAMESTOP,-1
LIVERIE_c,23223,,23223,0x153EB,23223,SAINTSROW4,"BaseColour_c(55, 69, 125)",S_LIV_SAINTSROW,"DRIVER_c(2491, S_DEFAULT_PLAYER_NAME, None, True, True, , 129106177, False, False)",True,True,DLCPACKAGE_c(7581),"WORLDSCRIPT_c(1180, 1181, S_WORLD_DAYTONA_BEACH, 31.0, 2.5, None, S_WORLD_LOC_DAYTONA_BEACH, None, False, 10, 31, 168000, 128385558, [], 47.567, None, S_HDRIVER_R_PETTY, S_HDRIVER_R_PETTY, S_DRIVER_B_ELLIOT, S_HDRIVER_B_BAKER, False, 15.0, 22.0, 210.364, 177.602, 63, False, None, S_HDRIVER_R_PETTY, [], 52.435, 12.0, 27.0, 56.883, 49.463, 0.985, Daytona)",False,"RACESERIES_c(22538, S_SERIES_SPRINT_CUP, 22539, [], [], 2014, False, None)",False,131924504,NAS14GAMESTOP,-1
LIVERIE_c,23224,,23224,0x15433,23224,BESTBUY,"BaseColour_c(55, 69, 125)",S_SPONSOR_BEST_BUY,"DRIVER_c(2491, S_DEFAULT_PLAYER_NAME, None, True, True, , 129106177, False, False)",True,True,DLCPACKAGE_c(7581),"WORLDSCRIPT_c(1180, 1181, S_WORLD_DAYTONA_BEACH, 31.0, 2.5, None, S_WORLD_LOC_DAYTONA_BEACH, None, False, 10, 31, 168000, 128385558, [], 47.567, None, S_HDRIVER_R_PETTY, S_HDRIVER_R_PETTY, S_DRIVER_B_ELLIOT, S_HDRIVER_B_BAKER, False, 15.0, 22.0, 210.364, 177.602, 63, False, None, S_HDRIVER_R_PETTY, [], 52.435, 12.0, 27.0, 56.883, 49.463, 0.985, Daytona)",False,"RACESERIES_c(22538, S_SERIES_SPRINT_CUP, 22539, [], [], 2014, False, None)",False,131924504,NAS14BESTBUY,-1
LIVERIE_c,23225,,23225,0x1547B,23225,GAMESTOP,"BaseColour_c(55, 69, 125)",S_LIV_GAMESTOP,"DRIVER_c(2491, S_DEFAULT_PLAYER_NAME, None, True, True, , 129106177, False, False)",True,True,DLCPACKAGE_c(7581),"WORLDSCRIPT_c(1180, 1181, S_WORLD_DAYTONA_BEACH, 31.0, 2.5, None, S_WORLD_LOC_DAYTONA_BEACH, None, False, 10, 31, 168000, 128385558, [], 47.567, None, S_HDRIVER_R_PETTY, S_HDRIVER_R_PETTY, S_DRIVER_B_ELLIOT, S_HDRIVER_B_BAKER, False, 15.0, 22.0, 210.364, 177.602, 63, False, None, S_HDRIVER_R_PETTY, [], 52.435, 12.0, 27.0, 56.883, 49.463, 0.985, Daytona)",False,"RACESERIES_c(22538, S_SERIES_SPRINT_CUP, 22539, [], [], 2014, False, None)",False,131924504,NAS14GAMESTOP,-1
LIVERIE_c,23226,,23226,0x154C3,23226,TARGET,"BaseColour_c(55, 69, 125)",S_SPONSOR_TARGET,"DRIVER_c(2491, S_DEFAULT_PLAYER_NAME, None, True, True, , 129106177, False, False)",True,True,DLCPACKAGE_c(7581),"WORLDSCRIPT_c(1180, 1181, S_WORLD_DAYTONA_BEACH, 31.0, 2.5, None, S_WORLD_LOC_DAYTONA_BEACH, None, False, 10, 31, 168000, 128385558, [], 47.567, None, S_HDRIVER_R_PETTY, S_HDRIVER_R_PETTY, S_DRIVER_B_ELLIOT, S_HDRIVER_B_BAKER, False, 15.0, 22.0, 210.364, 177.602, 63, False, None, S_HDRIVER_R_PETTY, [], 52.435, 12.0, 27.0, 56.883, 49.463, 0.985, Daytona)",False,"RACESERIES_c(22538, S_SERIES_SPRINT_CUP, 22539, [], [], 2014, False, None)",False,131924504,NAS14TARGET,-1
LIVERIE_c,24517,,24517,0x1550B,24517,METRO2,"BaseColour_c(55, 69, 125)",S_LIV_METRO,"DRIVER_c(2491, S_DEFAULT_PLAYER_NAME, None, True, True, , 129106177, False, False)",True,True,DLCPACKAGE_c(7581),"WORLDSCRIPT_c(1180, 1181, S_WORLD_DAYTONA_BEACH, 31.0, 2.5, None, S_WORLD_LOC_DAYTONA_BEACH, None, False, 10, 31, 168000, 128385558, [], 47.567, None, S_HDRIVER_R_PETTY, S_HDRIVER_R_PETTY, S_DRIVER_B_ELLIOT, S_HDRIVER_B_BAKER, False, 15.0, 22.0, 210.364, 177.602, 63, False, None, S_HDRIVER_R_PETTY, [], 52.435, 12.0, 27.0, 56.883, 49.463, 0.985, Daytona)",False,"RACESERIES_c(22538, S_SERIES_SPRINT_CUP, 22539, [], [], 2014, False, None)",False,131924504,,-1
LIVERIE_c,24585,,24585,0x15553,24585,14_30_PARKER_KLIGERMAN_PRIMARY,"BaseColour_c(0, 0, 180)",,"DRIVER_c(24580, S_DRIVER_P_KLIGERMAN, None, False, True, pkligerman, 129106177, False, False)",False,False,DLCPACKAGE_c(7581),"WORLDSCRIPT_c(1180, 1181, S_WORLD_DAYTONA_BEACH, 31.0, 2.5, None, S_WORLD_LOC_DAYTONA_BEACH, None, False, 10, 31, 168000, 128385558, [], 47.567, None, S_HDRIVER_R_PETTY, S_HDRIVER_R_PETTY, S_DRIVER_B_ELLIOT, S_HDRIVER_B_BAKER, False, 15.0, 22.0, 210.364, 177.602, 63, False, None, S_HDRIVER_R_PETTY, [], 52.435, 12.0, 27.0, 56.883, 49.463, 0.985, Daytona)",False,"RACESERIES_c(22538, S_SERIES_SPRINT_CUP, 22539, [], [], 2014, False, None)",False,131990039,,-1
LIVERIE_c,24586,,24586,0x1559B,24586,14_44_JJ_YELEY_PRIMARY,"BaseColour_c(0, 0, 180)",,"DRIVER_c(1142, S_DRIVER_JJ_YELEY, None, False, True, jjyeley1, 129106177, False, False)",False,False,DLCPACKAGE_c(7581),"WORLDSCRIPT_c(1180, 1181, S_WORLD_DAYTONA_BEACH, 31.0, 2.5, None, S_WORLD_LOC_DAYTONA_BEACH, None, False, 10, 31, 168000, 128385558, [], 47.567, None, S_HDRIVER_R_PETTY, S_HDRIVER_R_PETTY, S_DRIVER_B_ELLIOT, S_HDRIVER_B_BAKER, False, 15.0, 22.0, 210.364, 177.602, 63, False, None, S_HDRIVER_R_PETTY, [], 52.435, 12.0, 27.0, 56.883, 49.463, 0.985, Daytona)",False,"RACESERIES_c(22538, S_SERIES_SPRINT_CUP, 22539, [], [], 2014, False, None)",False,131990039,,-1
LIVERIE_c,24587,,24587,0x155E3,24587,14_66_MICHAEL_WALTRIP_PRIMARY,"BaseColour_c(0, 0, 180)",,"DRIVER_c(1141, S_DRIVER_M_WALTRIP, None, False, True, mw55, 129106177, False, False)",False,False,DLCPACKAGE_c(7581),"WORLDSCRIPT_c(1180, 1181, S_WORLD_DAYTONA_BEACH, 31.0, 2.5, None, S_WORLD_LOC_DAYTONA_BEACH, None, False, 10, 31, 168000, 128385558, [], 47.567, None, S_HDRIVER_R_PETTY, S_HDRIVER_R_PETTY, S_DRIVER_B_ELLIOT, S_HDRIVER_B_BAKER, False, 15.0, 22.0, 210.364, 177.602, 63, False, None, S_HDRIVER_R_PETTY, [], 52.435, 12.0, 27.0, 56.883, 49.463, 0.985, Daytona)",False,"RACESERIES_c(22538, S_SERIES_SPRINT_CUP, 22539, [], [], 2014, False, None)",False,131990039,,-1
LIVERIE_c,24601,,24601,0x1562B,24601,14_23_ALEX_BOWMAN_PRIMARY,"BaseColour_c(0, 0, 180)",,"DRIVER_c(24589, S_DRIVER_A_BOWMAN, None, False, True, AlexBRacing, 129106177, False, False)",False,False,DLCPACKAGE_c(7581),"WORLDSCRIPT_c(1180, 1181, S_WORLD_DAYTONA_BEACH, 31.0, 2.5, None, S_WORLD_LOC_DAYTONA_BEACH, None, False, 10, 31, 168000, 128385558, [], 47.567, None, S_HDRIVER_R_PETTY, S_HDRIVER_R_PETTY, S_DRIVER_B_ELLIOT, S_HDRIVER_B_BAKER, False, 15.0, 22.0, 210.364, 177.602, 63, False, None, S_HDRIVER_R_PETTY, [], 52.435, 12.0, 27.0, 56.883, 49.463, 0.985, Daytona)",False,"RACESERIES_c(22538, S_SERIES_SPRINT_CUP, 22539, [], [], 2014, False, None)",False,131990039,,-1
LIVERIE_c,24603,,24603,0x15673,24603,14_26_COLE_WHITT_PRIMARY,"BaseColour_c(0, 0, 180)",,"DRIVER_c(9665, S_DRIVER_C_WHITT, None, False, True, ColeWhitt, 129106177, False, False)",False,False,DLCPACKAGE_c(7581),"WORLDSCRIPT_c(1180, 1181, S_WORLD_DAYTONA_BEACH, 31.0, 2.5, None, S_WORLD_LOC_DAYTONA_BEACH, None, False, 10, 31, 168000, 128385558, [], 47.567, None, S_HDRIVER_R_PETTY, S_HDRIVER_R_PETTY, S_DRIVER_B_ELLIOT, S_HDRIVER_B_BAKER, False, 15.0, 22.0, 210.364, 177.602, 63, False, None, S_HDRIVER_R_PETTY, [], 52.435, 12.0, 27.0, 56.883, 49.463, 0.985, Daytona)",False,"RACESERIES_c(22538, S_SERIES_SPRINT_CUP, 22539, [], [], 2014, False, None)",False,131990039,,-1
LIVERIE_c,24604,,24604,0x156BB,24604,14_35_DAVID_REUTIMANN_PRIMARY,"BaseColour_c(0, 0, 180)",,"DRIVER_c(1131, S_DRIVER_D_REUTIMANN, None, False, True, , 131727617, False, False)",False,False,DLCPACKAGE_c(7581),"WORLDSCRIPT_c(1180, 1181, S_WORLD_DAYTONA_BEACH, 31.0, 2.5, None, S_WORLD_LOC_DAYTONA_BEACH, None, False, 10, 31, 168000, 128385558, [], 47.567, None, S_HDRIVER_R_PETTY, S_HDRIVER_R_PETTY, S_DRIVER_B_ELLIOT, S_HDRIVER_B_BAKER, False, 15.0, 22.0, 210.364, 177.602, 63, False, None, S_HDRIVER_R_PETTY, [], 52.435, 12.0, 27.0, 56.883, 49.463, 0.985, Daytona)",False,"RACESERIES_c(22538, S_SERIES_SPRINT_CUP, 22539, [], [], 2014, False, None)",False,131990039,,-1
LIVERIE_c,24622,,24622,0x15703,24622,14_83_RYAN_TRUEX_PRIMARY,"BaseColour_c(0, 0, 180)",,"DRIVER_c(6022, S_DRIVER_R_TRUEX, None, False, True, Ryan_Truex, 129106177, False, False)",False,False,DLCPACKAGE_c(7581),"WORLDSCRIPT_c(1180, 1181, S_WORLD_DAYTONA_BEACH, 31.0, 2.5, None, S_WORLD_LOC_DAYTONA_BEACH, None, False, 10, 31, 168000, 128385558, [], 47.567, None, S_HDRIVER_R_PETTY, S_HDRIVER_R_PETTY, S_DRIVER_B_ELLIOT, S_HDRIVER_B_BAKER, False, 15.0, 22.0, 210.364, 177.602, 63, False, None, S_HDRIVER_R_PETTY, [], 52.435, 12.0, 27.0, 56.883, 49.463, 0.985, Daytona)",False,"RACESERIES_c(22538, S_SERIES_SPRINT_CUP, 22539, [], [], 2014, False, None)",False,131990039,,-1
LIVERIE_c,24660,,24660,0x1574B,24660,14_2_BRAD_KESELOWSKI_SECONDARY,"BaseColour_c(0, 0, 180)",,"DRIVER_c(1115, S_DRIVER_B_KESELOWSKI, None, False, True, keselowski, 131793153, True, False)",False,False,DLCPACKAGE_c(7581),"WORLDSCRIPT_c(1180, 1181, S_WORLD_DAYTONA_BEACH, 31.0, 2.5, None, S_WORLD_LOC_DAYTONA_BEACH, None, False, 10, 31, 168000, 128385558, [], 47.567, None, S_HDRIVER_R_PETTY, S_HDRIVER_R_PETTY, S_DRIVER_B_ELLIOT, S_HDRIVER_B_BAKER, False, 15.0, 22.0, 210.364, 177.602, 63, False, None, S_HDRIVER_R_PETTY, [], 52.435, 12.0, 27.0, 56.883, 49.463, 0.985, Daytona)",False,"RACESERIES_c(22538, S_SERIES_SPRINT_CUP, 22539, [], [], 2014, False, None)",False,131990039,,-1
LIVERIE_c,25154,,25154,0x15793,25154,DLC_LIV_10_PATRICK_2013_4,"BaseColour_c(106, 181, 0)",,"DRIVER_c(5758, S_DRIVER_D_PATRICK, None, False, False, DanicaPatrick, 129106177, True, False)",False,False,DLCPACKAGE_c(7581),"WORLDSCRIPT_c(1528, 1529, S_WORLD_CHARLOTTE, 24.0, 1.5, None, S_WORLD_LOC_CHARLOTTE, None, False, 6, 38, 146000, 128452115, [], 28.645, None, S_DRIVER_J_JOHNSON, S_TH_ALLISON_PETTY, S_DRIVER_D_HAMLIN, S_DRIVER_J_GORDON, False, 20.0, 25.0, 195.624, 160.306, 70, False, None, S_HDRIVER_R_PETTY, [], 32.987, 19.0, 30.0, 35.476, 30.354, 0.98, Lowes)",False,"RACESERIES_c(22538, S_SERIES_SPRINT_CUP, 22539, [], [], 2014, False, None)",False,131925274,,-1
LIVERIE_c,25155,,25155,0x157DB,25155,DLC_LIV_10_PATRICK_2013_2,"BaseColour_c(106, 181, 0)",All-Star,"DRIVER_c(5758, S_DRIVER_D_PATRICK, None, False, False, DanicaPatrick, 129106177, True, False)",False,False,DLCPACKAGE_c(7581),"WORLDSCRIPT_c(1528, 1529, S_WORLD_CHARLOTTE, 24.0, 1.5, None, S_WORLD_LOC_CHARLOTTE, None, False, 6, 38, 146000, 128452115, [], 28.645, None, S_DRIVER_J_JOHNSON, S_TH_ALLISON_PETTY, S_DRIVER_D_HAMLIN, S_DRIVER_J_GORDON, False, 20.0, 25.0, 195.624, 160.306, 70, False, None, S_HDRIVER_R_PETTY, [], 32.987, 19.0, 30.0, 35.476, 30.354, 0.98, Lowes)",False,"RACESERIES_c(22538, S_SERIES_SPRINT_CUP, 22539, [], [], 2014, False, None)",False,131925266,,-1
LIVERIE_c,25156,,25156,0x15823,25156,DLC_LIV_10_PATRICK_2013_6,"BaseColour_c(106, 181, 0)",,"DRIVER_c(5758, S_DRIVER_D_PATRICK, None, False, False, DanicaPatrick, 129106177, True, False)",False,False,DLCPACKAGE_c(7581),"WORLDSCRIPT_c(1180, 1181, S_WORLD_DAYTONA_BEACH, 31.0, 2.5, None, S_WORLD_LOC_DAYTONA_BEACH, None, False, 10, 31, 168000, 128385558, [], 47.567, None, S_HDRIVER_R_PETTY, S_HDRIVER_R_PETTY, S_DRIVER_B_ELLIOT, S_HDRIVER_B_BAKER, False, 15.0, 22.0, 210.364, 177.602, 63, False, None, S_HDRIVER_R_PETTY, [], 52.435, 12.0, 27.0, 56.883, 49.463, 0.985, Daytona)",False,"RACESERIES_c(22538, S_SERIES_SPRINT_CUP, 22539, [], [], 2014, False, None)",False,131925766,,-1
LIVERIE_c,25157,,25157,0x1586B,25157,DLC_LIV_10_PATRICK_2013_3,"BaseColour_c(106, 181, 0)",,"DRIVER_c(5758, S_DRIVER_D_PATRICK, None, False, False, DanicaPatrick, 129106177, True, False)",False,False,DLCPACKAGE_c(7581),"WORLDSCRIPT_c(1858, 1859, S_WORLD_BRISTOL, 30.0, 0.533, None, S_WORLD_LOC_BRISTOL, None, False, 4, 27, 160000, 128517918, [], 14.567, None, S_HDRIVER_D_WALTRIP, S_HDRIVER_R_PETTY, S_DRIVER_K_BUSCH_02, S_HDRIVER_C_GLOTZBACH, False, 22.0, 26.0, 129.535, 101.074, 59, False, None, S_HDRIVER_R_PETTY, [], 17.856, 19.0, 22.0, 21.465, 16.465, 0.98, Bristol Night)",False,"RACESERIES_c(22538, S_SERIES_SPRINT_CUP, 22539, [], [], 2014, False, None)",False,131924753,,-1
LIVERIE_c,25158,,25158,0x158B3,25158,DLC_LIV_14_STEWART_2013_8,"BaseColour_c(106, 181, 0)",,"DRIVER_c(1136, S_DRIVER_T_STEWART, None, False, True, tonystewart, 131793153, False, True)",False,False,DLCPACKAGE_c(7581),"WORLDSCRIPT_c(1197, 1198, S_WORLD_SONOMA, 0.0, 1.99, None, S_WORLD_LOC_SONOMA, None, False, 15, 35, 102000, 128977921, [], 72.549, None, S_DRIVER_J_GORDON, S_DRIVER_J_GORDON, S_DRIVER_M_AMBROSE, S_DRIVER_C_BOWYER, False, 20.0, 25.0, 95.262, 83.624, 67, False, None, S_DRIVER_J_GORDON, [], 84.466675, 19.0, 34.0, 88.833252, 76.463, 0.985, Infineon)",False,"RACESERIES_c(22538, S_SERIES_SPRINT_CUP, 22539, [], [], 2014, False, None)",False,131925534,,-1
LIVERIE_c,25159,,25159,0x158FB,25159,DLC_LIV_14_STEWART_2013_5,"BaseColour_c(106, 181, 0)",All-Star,"DRIVER_c(1136, S_DRIVER_T_STEWART, None, False, True, tonystewart, 131793153, False, True)",False,False,DLCPACKAGE_c(7581),"WORLDSCRIPT_c(1528, 1529, S_WORLD_CHARLOTTE, 24.0, 1.5, None, S_WORLD_LOC_CHARLOTTE, None, False, 6, 38, 146000, 128452115, [], 28.645, None, S_DRIVER_J_JOHNSON, S_TH_ALLISON_PETTY, S_DRIVER_D_HAMLIN, S_DRIVER_J_GORDON, False, 20.0, 25.0, 195.624, 160.306, 70, False, None, S_HDRIVER_R_PETTY, [], 32.987, 19.0, 30.0, 35.476, 30.354, 0.98, Lowes)",False,"RACESERIES_c(22538, S_SERIES_SPRINT_CUP, 22539, [], [], 2014, False, None)",False,131925274,,-1
LIVERIE_c,25160,,25160,0x15943,25160,DLC_LIV_14_STEWART_2013_4,"BaseColour_c(106, 181, 0)",,"DRIVER_c(1136, S_DRIVER_T_STEWART, None, False, True, tonystewart, 131793153, False, True)",False,False,DLCPACKAGE_c(7581),"WORLDSCRIPT_c(1180, 1181, S_WORLD_DAYTONA_BEACH, 31.0, 2.5, None, S_WORLD_LOC_DAYTONA_BEACH, None, False, 10, 31, 168000, 128385558, [], 47.567, None, S_HDRIVER_R_PETTY, S_HDRIVER_R_PETTY, S_DRIVER_B_ELLIOT, S_HDRIVER_B_BAKER, False, 15.0, 22.0, 210.364, 177.602, 63, False, None, S_HDRIVER_R_PETTY, [], 52.435, 12.0, 27.0, 56.883, 49.463, 0.985, Daytona)",False,"RACESERIES_c(22538, S_SERIES_SPRINT_CUP, 22539, [], [], 2014, False, None)",False,131925766,,-1
LIVERIE_c,25161,,25161,0x1598B,25161,DLC_LIV_14_STEWART_2013_9,"BaseColour_c(106, 181, 0)",,"DRIVER_c(1136, S_DRIVER_T_STEWART, None, False, True, tonystewart, 131793153, False, True)",False,False,DLCPACKAGE_c(7581),"WORLDSCRIPT_c(1186, 1187, S_WORLD_FONTANA, 14.0, 2.0, None, S_WORLD_LOC_FONTANA, None, False, 5, 35, 90988, 130876949, [], 37.135, None, S_DRIVER_J_JOHNSON, S_DRIVER_J_JOHNSON, S_DRIVER_K_BUSCH_02, S_DRIVER_T_STEWART, False, 15.0, 26.0, 188.425, 160.166, 60, False, None, S_DRIVER_M_KENSETH, [], 42.76, 19.0, 33.0, 46.816, 40.135, 0.99, Auto Club)",False,"RACESERIES_c(22538, S_SERIES_SPRINT_CUP, 22539, [], [], 2014, False, None)",False,131924760,,-1
LIVERIE_c,25162,,25162,0x159D3,25162,DLC_LIV_14_STEWART_2013_7,"BaseColour_c(106, 181, 0)",,"DRIVER_c(1136, S_DRIVER_T_STEWART, None, False, True, tonystewart, 131793153, False, True)",False,False,DLCPACKAGE_c(7581),"WORLDSCRIPT_c(2776, 2777, S_WORLD_LAS_VEGAS, 20.0, 1.5, None, S_WORLD_LOC_LAS_VEGAS, None, False, 18, 37, 142000, 130812675, [], 29.124, None, S_DRIVER_J_JOHNSON, S_TH_GORDON_MARTIN, S_DRIVER_K_KAHNE, S_DRIVER_M_MARTIN, False, 12.0, 30.0, 190.456, 146.554, 69, False, None, S_DRIVER_M_MARTIN, [], 32.756, 10.0, 35.0, 36.397, 31.245, 0.98, Las Vegas)",False,"RACESERIES_c(22538, S_SERIES_SPRINT_CUP, 22539, [], [], 2014, False, None)",False,131924746,,-1
LIVERIE_c,25163,,25163,0x15A1B,25163,DLC_LIV_15_BOWYER_2013_2,"BaseColour_c(106, 181, 0)",,"DRIVER_c(1092, S_DRIVER_C_BOWYER, None, False, True, ClintBowyer, 131727617, False, False)",False,False,DLCPACKAGE_c(7581),"WORLDSCRIPT_c(1180, 1181, S_WORLD_DAYTONA_BEACH, 31.0, 2.5, None, S_WORLD_LOC_DAYTONA_BEACH, None, False, 10, 31, 168000, 128385558, [], 47.567, None, S_HDRIVER_R_PETTY, S_HDRIVER_R_PETTY, S_DRIVER_B_ELLIOT, S_HDRIVER_B_BAKER, False, 15.0, 22.0, 210.364, 177.602, 63, False, None, S_HDRIVER_R_PETTY, [], 52.435, 12.0, 27.0, 56.883, 49.463, 0.985, Daytona)",False,"RACESERIES_c(22538, S_SERIES_SPRINT_CUP, 22539, [], [], 2014, False, None)",False,131925766,,-1
LIVERIE_c,25164,,25164,0x15A63,25164,DLC_LIV_16_BIFFLE_2013_2,"BaseColour_c(106, 181, 0)",,"DRIVER_c(1090, S_DRIVER_G_BIFFLE, None, False, True, gbiffle, 131727617, False, False)",False,False,DLCPACKAGE_c(7581),"WORLDSCRIPT_c(1528, 1529, S_WORLD_CHARLOTTE, 24.0, 1.5, None, S_WORLD_LOC_CHARLOTTE, None, False, 6, 38, 146000, 128452115, [], 28.645, None, S_DRIVER_J_JOHNSON, S_TH_ALLISON_PETTY, S_DRIVER_D_HAMLIN, S_DRIVER_J_GORDON, False, 20.0, 25.0, 195.624, 160.306, 70, False, None, S_HDRIVER_R_PETTY, [], 32.987, 19.0, 30.0, 35.476, 30.354, 0.98, Lowes)",False,"RACESERIES_c(22538, S_SERIES_SPRINT_CUP, 22539, [], [], 2014, False, None)",False,131925274,,-1
LIVERIE_c,25165,,25165,0x15AAB,25165,DLC_LIV_16_BIFFLE_2013_3,"BaseColour_c(106, 181, 0)",,"DRIVER_c(1090, S_DRIVER_G_BIFFLE, None, False, True, gbiffle, 131727617, False, False)",False,False,DLCPACKAGE_c(7581),"WORLDSCRIPT_c(2526, 2527, S_WORLD_MICHIGAN, 18.0, 2.0, None, S_WORLD_LOC_MICHIGAN, None, False, 20, 40, 72000, 129041935, [], 36.005, None, S_HDRIVER_D_PEARSON, S_HDRIVER_C_YABOROUGH, S_DRIVER_J_LOGANO, S_HDRIVER_D_JARRET, False, 19.0, 25.0, 203.949, 173.997, 72, False, None, S_DRIVER_M_MARTIN, [], 39.046, 17.0, 31.0, 43.634, 37.934, 0.98, Michigan)",False,"RACESERIES_c(22538, S_SERIES_SPRINT_CUP, 22539, [], [], 2014, False, None)",False,131925520,,-1
LIVERIE_c,25166,,25166,0x15AF3,25166,DLC_LIV_17_STENHOUSE_2013_4,"BaseColour_c(106, 181, 0)",,"DRIVER_c(7175, S_DRIVER_R_STENHOUSE_JR, None, False, True, stenhousejr, 129106177, True, False)",False,False,DLCPACKAGE_c(7581),"WORLDSCRIPT_c(1211, 1212, S_WORLD_POCONO, 14.0, 2.5, None, S_WORLD_LOC_LONGP, None, False, 24, 43, 100000, 129370116, [], 48.567, None, S_DRIVER_J_GORDON, S_DRIVER_M_MARTIN, S_DRIVER_J_JOHNSON, S_DRIVER_J_JOHNSON, False, 15.0, 23.0, 180.654, 144.202, 75, False, None, S_DRIVER_M_MARTIN, [], 52.935, 13.0, 30.0, 58.363, 51.356, 0.98, Pocono)",False,"RACESERIES_c(22538, S_SERIES_SPRINT_CUP, 22539, [], [], 2014, False, None)",False,131925513,,-1
LIVERIE_c,25168,,25168,0x15B3B,25168,DLC_LIV_17_STENHOUSE_2013_2,"BaseColour_c(106, 181, 0)",,"DRIVER_c(7175, S_DRIVER_R_STENHOUSE_JR, None, False, True, stenhousejr, 129106177, True, False)",False,False,DLCPACKAGE_c(7581),"WORLDSCRIPT_c(2776, 2777, S_WORLD_LAS_VEGAS, 20.0, 1.5, None, S_WORLD_LOC_LAS_VEGAS, None, False, 18, 37, 142000, 130812675, [], 29.124, None, S_DRIVER_J_JOHNSON, S_TH_GORDON_MARTIN, S_DRIVER_K_KAHNE, S_DRIVER_M_MARTIN, False, 12.0, 30.0, 190.456, 146.554, 69, False, None, S_DRIVER_M_MARTIN, [], 32.756, 10.0, 35.0, 36.397, 31.245, 0.98, Las Vegas)",False,"RACESERIES_c(22538, S_SERIES_SPRINT_CUP, 22539, [], [], 2014, False, None)",False,131924746,,-1
LIVERIE_c,25169,,25169,0x15B83,25169,DLC_LIV_1_MCMURRAY_2013_4,"BaseColour_c(106, 181, 0)",,"DRIVER_c(1121, S_DRIVER_J_MCMURRAY, None, False, True, JamieMcMurray, 131727617, True, False)",False,False,DLCPACKAGE_c(7581),"WORLDSCRIPT_c(1528, 1529, S_WORLD_CHARLOTTE, 24.0, 1.5, None, S_WORLD_LOC_CHARLOTTE, None, False, 6, 38, 146000, 128452115, [], 28.645, None, S_DRIVER_J_JOHNSON, S_TH_ALLISON_PETTY, S_DRIVER_D_HAMLIN, S_DRIVER_J_GORDON, False, 20.0, 25.0, 195.624, 160.306, 70, False, None, S_HDRIVER_R_PETTY, [], 32.987, 19.0, 30.0, 35.476, 30.354, 0.98, Lowes)",False,"RACESERIES_c(22538, S_SERIES_SPRINT_CUP, 22539, [], [], 2014, False, None)",False,131925274,,-1
LIVERIE_c,25171,,25171,0x15BCB,25171,DLC_LIV_20_KENSETH_2013_2,"BaseColour_c(106, 181, 0)",,"DRIVER_c(1114, S_DRIVER_M_KENSETH, None, False, True, mattkenseth, 131793153, True, False)",False,False,DLCPACKAGE_c(7581),"WORLDSCRIPT_c(1657, 1658, S_WORLD_PHOENIX, 11.0, 1.0, None, S_WORLD_LOC_PHOENIX, None, False, 22, 42, 67000, 130288390, [], 26.567, None, S_DRIVER_J_JOHNSON, S_DRIVER_J_JOHNSON, S_DRIVER_K_BUSCH_02, S_DRIVER_T_STEWART, False, 19.0, 35.0, 138.766, 118.132, 74, False, None, S_DRIVER_M_MARTIN, [], 31.005, 23.0, 27.0, 34.589, 28.567, 0.98, Phoenix)",False,"RACESERIES_c(22538, S_SERIES_SPRINT_CUP, 22539, [], [], 2014, False, None)",False,131924739,,-1
LIVERIE_c,25173,,25173,0x15C13,25173,DLC_LIV_24_GORDON_2013_2,"BaseColour_c(106, 181, 0)",,"DRIVER_c(1105, S_DRIVER_J_GORDON, None, False, True, JeffGordonWeb, 131793153, True, True)",False,False,DLCPACKAGE_c(7581),"WORLDSCRIPT_c(2438, 2439, S_WORLD_TEXAS, 24.0, 1.5, None, S_WORLD_LOC_TEXAS, None, False, 27, 46, 112552, 130876421, [], 27.787, None, S_DRIVER_C_EDWARDS, S_DRIVER_M_KENSETH, S_DRIVER_K_BUSCH_02, S_DRIVER_G_BIFFLE, False, 19.0, 27.0, 196.299, 160.577, 78, False, None, S_TH_KENSETH_JOHNSON, [], 31.856, 15.0, 32.0, 35.485, 30.003, 0.98, Texas)",False,"RACESERIES_c(22538, S_SERIES_SPRINT_CUP, 22539, [], [], 2014, False, None)",False,131925005,,-1
LIVERIE_c,25174,,25174,0x15C5B,25174,DLC_LIV_24_GORDON_2013_3,"BaseColour_c(106, 181, 0)",,"DRIVER_c(1105, S_DRIVER_J_GORDON, None, False, True, JeffGordonWeb, 131793153, True, True)",False,False,DLCPACKAGE_c(7581),"WORLDSCRIPT_c(1657, 1658, S_WORLD_PHOENIX, 11.0, 1.0, None, S_WORLD_LOC_PHOENIX, None, False, 22, 42, 67000, 130288390, [], 26.567, None, S_DRIVER_J_JOHNSON, S_DRIVER_J_JOHNSON, S_DRIVER_K_BUSCH_02, S_DRIVER_T_STEWART, False, 19.0, 35.0, 138.766, 118.132, 74, False, None, S_DRIVER_M_MARTIN, [], 31.005, 23.0, 27.0, 34.589, 28.567, 0.98, Phoenix)",False,"RACESERIES_c(22538, S_SERIES_SPRINT_CUP, 22539, [], [], 2014, False, None)",False,131924739,,-1
LIVERIE_c,25175,,25175,0x15CA3,25175,DLC_LIV_29_HARVICK_2013_2,"BaseColour_c(106, 181, 0)",,"DRIVER_c(1108, S_DRIVER_K_HARVICK, None, False, True, KevinHarvick, 131793153, True, True)",True,False,DLCPACKAGE_c(7581),"WORLDSCRIPT_c(1657, 1658, S_WORLD_PHOENIX, 11.0, 1.0, None, S_WORLD_LOC_PHOENIX, None, False, 22, 42, 67000, 130288390, [], 26.567, None, S_DRIVER_J_JOHNSON, S_DRIVER_J_JOHNSON, S_DRIVER_K_BUSCH_02, S_DRIVER_T_STEWART, False, 19.0, 35.0, 138.766, 118.132, 74, False, None, S_DRIVER_M_MARTIN, [], 31.005, 23.0, 27.0, 34.589, 28.567, 0.98, Phoenix)",False,"RACESERIES_c(18306, S_SERIES_SPRINT_CUP, 18307, [], [], 2013, False, None)",False,131924739,,-1
LIVERIE_c,25176,,25176,0x15CEB,25176,DLC_LIV_34_RAGAN_2013_3,"BaseColour_c(106, 181, 0)",,"DRIVER_c(1129, S_DRIVER_D_RAGAN, None, False, True, DavidRagan, 131793153, False, False)",False,False,DLCPACKAGE_c(7581),"WORLDSCRIPT_c(1631, 1632, S_WORLD_DARLINGTON, 25.0, 1.366, None, S_WORLD_LOC_DARLINGTON, None, False, 9, 30, 68000, 127796243, [], 27.231, None, S_HDRIVER_D_PEARSON, S_HDRIVER_R_PETTY, S_DRIVER_K_BUSCH_01, S_DRIVER_M_KENSETH, False, 20.0, 23.0, 181.918, 141.383, 62, False, None, S_DRIVER_B_ELLIOT, [], 31.256, 19.0, 28.0, 35.178, 30.175, 0.99, Darlington)",False,"RACESERIES_c(22538, S_SERIES_SPRINT_CUP, 22539, [], [], 2014, False, None)",False,131925259,,-1
LIVERIE_c,25177,,25177,0x15D33,25177,DLC_LIV_38_GILLILAND_2013_2,"BaseColour_c(106, 181, 0)",,"DRIVER_c(1104, S_DRIVER_D_GILLILAND, None, False, True, DavidGilliland, 129106177, False, False)",False,False,DLCPACKAGE_c(7581),"WORLDSCRIPT_c(1657, 1658, S_WORLD_PHOENIX, 11.0, 1.0, None, S_WORLD_LOC_PHOENIX, None, False, 22, 42, 67000, 130288390, [], 26.567, None, S_DRIVER_J_JOHNSON, S_DRIVER_J_JOHNSON, S_DRIVER_K_BUSCH_02, S_DRIVER_T_STEWART, False, 19.0, 35.0, 138.766, 118.132, 74, False, None, S_DRIVER_M_MARTIN, [], 31.005, 23.0, 27.0, 34.589, 28.567, 0.98, Phoenix)",False,"RACESERIES_c(22538, S_SERIES_SPRINT_CUP, 22539, [], [], 2014, False, None)",False,131924739,,-1
LIVERIE_c,25178,,25178,0x15D7B,25178,DLC_LIV_39_NEWMAN_2013_5,"BaseColour_c(106, 181, 0)",,"DRIVER_c(1127, S_DRIVER_R_NEWMAN, None, False, True, RyanJNewman, 131793153, True, False)",True,False,DLCPACKAGE_c(7581),"WORLDSCRIPT_c(1197, 1198, S_WORLD_SONOMA, 0.0, 1.99, None, S_WORLD_LOC_SONOMA, None, False, 15, 35, 102000, 128977921, [], 72.549, None, S_DRIVER_J_GORDON, S_DRIVER_J_GORDON, S_DRIVER_M_AMBROSE, S_DRIVER_C_BOWYER, False, 20.0, 25.0, 95.262, 83.624, 67, False, None, S_DRIVER_J_GORDON, [], 84.466675, 19.0, 34.0, 88.833252, 76.463, 0.985, Infineon)",False,"RACESERIES_c(18306, S_SERIES_SPRINT_CUP, 18307, [], [], 2013, False, None)",False,131925527,,-1
LIVERIE_c,25179,,25179,0x15DC3,25179,DLC_LIV_39_NEWMAN_2013_4,"BaseColour_c(106, 181, 0)",,"DRIVER_c(1127, S_DRIVER_R_NEWMAN, None, False, True, RyanJNewman, 131793153, True, False)",True,False,DLCPACKAGE_c(7581),"WORLDSCRIPT_c(2522, 2523, S_WORLD_KANSAS_CITY, 15.0, 1.5, None, S_WORLD_LOC_KANSAS_CITY, None, False, 16, 36, 74000, 131139870, [], 29.654, None, S_TH_KENSETH_JOHNSON, S_DRIVER_J_GORDON, S_DRIVER_M_KENSETH, S_DRIVER_D_HAMLIN, False, 17.0, 32.0, 191.864, 144.122, 68, False, None, S_DRIVER_J_JOHNSON, [], 33.987, 19.0, 27.0, 37.824, 32.035, 0.98, Kansas)",False,"RACESERIES_c(18306, S_SERIES_SPRINT_CUP, 18307, [], [], 2013, False, None)",False,131925013,,-1
LIVERIE_c,25180,,25180,0x15E0B,25180,DLC_LIV_39_NEWMAN_2013_2,"BaseColour_c(106, 181, 0)",,"DRIVER_c(1127, S_DRIVER_R_NEWMAN, None, False, True, RyanJNewman, 131793153, True, False)",True,False,DLCPACKAGE_c(7581),"WORLDSCRIPT_c(1528, 1529, S_WORLD_CHARLOTTE, 24.0, 1.5, None, S_WORLD_LOC_CHARLOTTE, None, False, 6, 38, 146000, 128452115, [], 28.645, None, S_DRIVER_J_JOHNSON, S_TH_ALLISON_PETTY, S_DRIVER_D_HAMLIN, S_DRIVER_J_GORDON, False, 20.0, 25.0, 195.624, 160.306, 70, False, None, S_HDRIVER_R_PETTY, [], 32.987, 19.0, 30.0, 35.476, 30.354, 0.98, Lowes)",False,"RACESERIES_c(18306, S_SERIES_SPRINT_CUP, 18307, [], [], 2013, False, None)",False,131925274,,-1
LIVERIE_c,25181,,25181,0x15E53,25181,DLC_LIV_39_NEWMAN_2013_7,"BaseColour_c(106, 181, 0)",,"DRIVER_c(1127, S_DRIVER_R_NEWMAN, None, False, True, RyanJNewman, 131793153, True, False)",True,False,DLCPACKAGE_c(7581),"WORLDSCRIPT_c(1669, 1670, S_WORLD_MARTINSVILLE, 12.0, 0.526, None, S_WORLD_LOC_MARTINSVILLE, None, False, 19, 39, 61000, 127665924, [], 19.275, None, S_HDRIVER_R_PETTY, S_HDRIVER_R_PETTY, S_DRIVER_D_HAMLIN, S_DRIVER_J_GORDON, False, 11.0, 23.0, 99.595, 82.223, 71, False, None, S_HDRIVER_R_PETTY, [], 22.534, 10.0, 29.0, 25.056, 20.345, 0.98, Martinsville)",False,"RACESERIES_c(18306, S_SERIES_SPRINT_CUP, 18307, [], [], 2013, False, None)",False,131926555,,-1
LIVERIE_c,25182,,25182,0x15E9B,25182,DLC_LIV_39_NEWMAN_2013_3,"BaseColour_c(106, 181, 0)",All-Star,"DRIVER_c(1127, S_DRIVER_R_NEWMAN, None, False, True, RyanJNewman, 131793153, True, False)",True,False,DLCPACKAGE_c(7581),"WORLDSCRIPT_c(1528, 1529, S_WORLD_CHARLOTTE, 24.0, 1.5, None, S_WORLD_LOC_CHARLOTTE, None, False, 6, 38, 146000, 128452115, [], 28.645, None, S_DRIVER_J_JOHNSON, S_TH_ALLISON_PETTY, S_DRIVER_D_HAMLIN, S_DRIVER_J_GORDON, False, 20.0, 25.0, 195.624, 160.306, 70, False, None, S_HDRIVER_R_PETTY, [], 32.987, 19.0, 30.0, 35.476, 30.354, 0.98, Lowes)",False,"RACESERIES_c(18306, S_SERIES_SPRINT_CUP, 18307, [], [], 2013, False, None)",False,131925266,,-1
LIVERIE_c,25183,,25183,0x15EE3,25183,DLC_LIV_42_MONTOYA_2013_5,"BaseColour_c(106, 181, 0)",,"DRIVER_c(1125, S_DRIVER_J_MONTOYA, None, False, True, JPMontoya, 131727617, False, False)",True,False,DLCPACKAGE_c(7581),"WORLDSCRIPT_c(2776, 2777, S_WORLD_LAS_VEGAS, 20.0, 1.5, None, S_WORLD_LOC_LAS_VEGAS, None, False, 18, 37, 142000, 130812675, [], 29.124, None, S_DRIVER_J_JOHNSON, S_TH_GORDON_MARTIN, S_DRIVER_K_KAHNE, S_DRIVER_M_MARTIN, False, 12.0, 30.0, 190.456, 146.554, 69, False, None, S_DRIVER_M_MARTIN, [], 32.756, 10.0, 35.0, 36.397, 31.245, 0.98, Las Vegas)",False,"RACESERIES_c(18306, S_SERIES_SPRINT_CUP, 18307, [], [], 2013, False, None)",False,131924746,,-1
LIVERIE_c,25184,,25184,0x15F2B,25184,DLC_LIV_42_MONTOYA_2013_4,"BaseColour_c(106, 181, 0)",,"DRIVER_c(1125, S_DRIVER_J_MONTOYA, None, False, True, JPMontoya, 131727617, False, False)",True,False,DLCPACKAGE_c(7581),"WORLDSCRIPT_c(1458, 1459, S_WORLD_DOVER, 24.0, 1.0, None, S_WORLD_LOC_DOVER, None, False, 12, 32, 113000, 129042182, [], 21.975, None, S_DRIVER_J_JOHNSON, S_DRIVER_M_MARTIN, S_DRIVER_D_EARNHARDT_JR, S_DRIVER_M_MARTIN, False, 16.0, 21.0, 161.849, 132.719, 64, False, None, S_DRIVER_M_MARTIN, [], 25.543, 13.0, 28.0, 28.534, 24.125, 0.985, Dover)",False,"RACESERIES_c(18306, S_SERIES_SPRINT_CUP, 18307, [], [], 2013, False, None)",False,131925506,,-1
LIVERIE_c,25185,,25185,0x15F73,25185,DLC_LIV_42_MONTOYA_2013_3,"BaseColour_c(106, 181, 0)",All-Star,"DRIVER_c(1125, S_DRIVER_J_MONTOYA, None, False, True, JPMontoya, 131727617, False, False)",True,False,DLCPACKAGE_c(7581),"WORLDSCRIPT_c(1528, 1529, S_WORLD_CHARLOTTE, 24.0, 1.5, None, S_WORLD_LOC_CHARLOTTE, None, False, 6, 38, 146000, 128452115, [], 28.645, None, S_DRIVER_J_JOHNSON, S_TH_ALLISON_PETTY, S_DRIVER_D_HAMLIN, S_DRIVER_J_GORDON, False, 20.0, 25.0, 195.624, 160.306, 70, False, None, S_HDRIVER_R_PETTY, [], 32.987, 19.0, 30.0, 35.476, 30.354, 0.98, Lowes)",False,"RACESERIES_c(18306, S_SERIES_SPRINT_CUP, 18307, [], [], 2013, False, None)",False,131925266,,-1
LIVERIE_c,25186,,25186,0x15FBB,25186,DLC_LIV_47_LABONTE_2013_5,"BaseColour_c(106, 181, 0)",,"DRIVER_c(1116, S_DRIVER_B_LABONTE, None, False, True, Bobby_Labonte, 129106177, False, False)",True,False,DLCPACKAGE_c(7581),"WORLDSCRIPT_c(1858, 1859, S_WORLD_BRISTOL, 30.0, 0.533, None, S_WORLD_LOC_BRISTOL, None, False, 4, 27, 160000, 128517918, [], 14.567, None, S_HDRIVER_D_WALTRIP, S_HDRIVER_R_PETTY, S_DRIVER_K_BUSCH_02, S_HDRIVER_C_GLOTZBACH, False, 22.0, 26.0, 129.535, 101.074, 59, False, None, S_HDRIVER_R_PETTY, [], 17.856, 19.0, 22.0, 21.465, 16.465, 0.98, Bristol Night)",False,"RACESERIES_c(18306, S_SERIES_SPRINT_CUP, 18307, [], [], 2013, False, None)",False,131926040,,-1
LIVERIE_c,25187,,25187,0x16003,25187,DLC_LIV_47_LABONTE_2013_4,"BaseColour_c(106, 181, 0)",All-Star,"DRIVER_c(1116, S_DRIVER_B_LABONTE, None, False, True, Bobby_Labonte, 129106177, False, False)",True,False,DLCPACKAGE_c(7581),"WORLDSCRIPT_c(1528, 1529, S_WORLD_CHARLOTTE, 24.0, 1.5, None, S_WORLD_LOC_CHARLOTTE, None, False, 6, 38, 146000, 128452115, [], 28.645, None, S_DRIVER_J_JOHNSON, S_TH_ALLISON_PETTY, S_DRIVER_D_HAMLIN, S_DRIVER_J_GORDON, False, 20.0, 25.0, 195.624, 160.306, 70, False, None, S_HDRIVER_R_PETTY, [], 32.987, 19.0, 30.0, 35.476, 30.354, 0.98, Lowes)",False,"RACESERIES_c(18306, S_SERIES_SPRINT_CUP, 18307, [], [], 2013, False, None)",False,131925266,,-1
LIVERIE_c,25188,,25188,0x1604B,25188,DLC_LIV_47_LABONTE_2013_2,"BaseColour_c(106, 181, 0)",,"DRIVER_c(1116, S_DRIVER_B_LABONTE, None, False, True, Bobby_Labonte, 129106177, False, False)",True,False,DLCPACKAGE_c(7581),"WORLDSCRIPT_c(1458, 1459, S_WORLD_DOVER, 24.0, 1.0, None, S_WORLD_LOC_DOVER, None, False, 12, 32, 113000, 129042182, [], 21.975, None, S_DRIVER_J_JOHNSON, S_DRIVER_M_MARTIN, S_DRIVER_D_EARNHARDT_JR, S_DRIVER_M_MARTIN, False, 16.0, 21.0, 161.849, 132.719, 64, False, None, S_DRIVER_M_MARTIN, [], 25.543, 13.0, 28.0, 28.534, 24.125, 0.985, Dover)",False,"RACESERIES_c(18306, S_SERIES_SPRINT_CUP, 18307, [], [], 2013, False, None)",False,131925506,,-1
LIVERIE_c,25189,,25189,0x16093,25189,DLC_LIV_47_LABONTE_2013_7,"BaseColour_c(106, 181, 0)",,"DRIVER_c(1116, S_DRIVER_B_LABONTE, None, False, True, Bobby_Labonte, 129106177, False, False)",True,False,DLCPACKAGE_c(7581),"WORLDSCRIPT_c(1657, 1658, S_WORLD_PHOENIX, 11.0, 1.0, None, S_WORLD_LOC_PHOENIX, None, False, 22, 42, 67000, 130288390, [], 26.567, None, S_DRIVER_J_JOHNSON, S_DRIVER_J_JOHNSON, S_DRIVER_K_BUSCH_02, S_DRIVER_T_STEWART, False, 19.0, 35.0, 138.766, 118.132, 74, False, None, S_DRIVER_M_MARTIN, [], 31.005, 23.0, 27.0, 34.589, 28.567, 0.98, Phoenix)",False,"RACESERIES_c(18306, S_SERIES_SPRINT_CUP, 18307, [], [], 2013, False, None)",False,131924739,,-1
LIVERIE_c,25190,,25190,0x160DB,25190,DLC_LIV_47_LABONTE_2013_6,"BaseColour_c(106, 181, 0)",,"DRIVER_c(1116, S_DRIVER_B_LABONTE, None, False, True, Bobby_Labonte, 129106177, False, False)",True,False,DLCPACKAGE_c(7581),"WORLDSCRIPT_c(1186, 1187, S_WORLD_FONTANA, 14.0, 2.0, None, S_WORLD_LOC_FONTANA, None, False, 5, 35, 90988, 130876949, [], 37.135, None, S_DRIVER_J_JOHNSON, S_DRIVER_J_JOHNSON, S_DRIVER_K_BUSCH_02, S_DRIVER_T_STEWART, False, 15.0, 26.0, 188.425, 160.166, 60, False, None, S_DRIVER_M_KENSETH, [], 42.76, 19.0, 33.0, 46.816, 40.135, 0.99, Auto Club)",False,"RACESERIES_c(18306, S_SERIES_SPRINT_CUP, 18307, [], [], 2013, False, None)",False,131924760,,-1
LIVERIE_c,25191,,25191,0x16123,25191,DLC_LIV_47_LABONTE_2013_3,"BaseColour_c(106, 181, 0)",,"DRIVER_c(1116, S_DRIVER_B_LABONTE, None, False, True, Bobby_Labonte, 129106177, False, False)",True,False,DLCPACKAGE_c(7581),"WORLDSCRIPT_c(1669, 1670, S_WORLD_MARTINSVILLE, 12.0, 0.526, None, S_WORLD_LOC_MARTINSVILLE, None, False, 19, 39, 61000, 127665924, [], 19.275, None, S_HDRIVER_R_PETTY, S_HDRIVER_R_PETTY, S_DRIVER_D_HAMLIN, S_DRIVER_J_GORDON, False, 11.0, 23.0, 99.595, 82.223, 71, False, None, S_HDRIVER_R_PETTY, [], 22.534, 10.0, 29.0, 25.056, 20.345, 0.98, Martinsville)",False,"RACESERIES_c(18306, S_SERIES_SPRINT_CUP, 18307, [], [], 2013, False, None)",False,131924999,,-1
LIVERIE_c,25192,,25192,0x1616B,25192,DLC_LIV_48_JOHNSON_2013_4,"BaseColour_c(106, 181, 0)",,"DRIVER_c(1111, S_DRIVER_J_JOHNSON, None, False, True, JimmieJohnson, 131793153, True, True)",False,False,DLCPACKAGE_c(7581),"WORLDSCRIPT_c(2776, 2777, S_WORLD_LAS_VEGAS, 20.0, 1.5, None, S_WORLD_LOC_LAS_VEGAS, None, False, 18, 37, 142000, 130812675, [], 29.124, None, S_DRIVER_J_JOHNSON, S_TH_GORDON_MARTIN, S_DRIVER_K_KAHNE, S_DRIVER_M_MARTIN, False, 12.0, 30.0, 190.456, 146.554, 69, False, None, S_DRIVER_M_MARTIN, [], 32.756, 10.0, 35.0, 36.397, 31.245, 0.98, Las Vegas)",False,"RACESERIES_c(22538, S_SERIES_SPRINT_CUP, 22539, [], [], 2014, False, None)",False,131924746,,-1
LIVERIE_c,25193,,25193,0x161B3,25193,DLC_LIV_48_JOHNSON_2013_2,"BaseColour_c(106, 181, 0)",,"DRIVER_c(1111, S_DRIVER_J_JOHNSON, None, False, True, JimmieJohnson, 131793153, True, True)",False,False,DLCPACKAGE_c(7581),"WORLDSCRIPT_c(1186, 1187, S_WORLD_FONTANA, 14.0, 2.0, None, S_WORLD_LOC_FONTANA, None, False, 5, 35, 90988, 130876949, [], 37.135, None, S_DRIVER_J_JOHNSON, S_DRIVER_J_JOHNSON, S_DRIVER_K_BUSCH_02, S_DRIVER_T_STEWART, False, 15.0, 26.0, 188.425, 160.166, 60, False, None, S_DRIVER_M_KENSETH, [], 42.76, 19.0, 33.0, 46.816, 40.135, 0.99, Auto Club)",False,"RACESERIES_c(22538, S_SERIES_SPRINT_CUP, 22539, [], [], 2014, False, None)",False,131924760,,-1
LIVERIE_c,25194,,25194,0x161FB,25194,DLC_LIV_48_JOHNSON_2013_3,"BaseColour_c(106, 181, 0)",,"DRIVER_c(1111, S_DRIVER_J_JOHNSON, None, False, True, JimmieJohnson, 131793153, True, True)",False,False,DLCPACKAGE_c(7581),"WORLDSCRIPT_c(1458, 1459, S_WORLD_DOVER, 24.0, 1.0, None, S_WORLD_LOC_DOVER, None, False, 12, 32, 113000, 129042182, [], 21.975, None, S_DRIVER_J_JOHNSON, S_DRIVER_M_MARTIN, S_DRIVER_D_EARNHARDT_JR, S_DRIVER_M_MARTIN, False, 16.0, 21.0, 161.849, 132.719, 64, False, None, S_DRIVER_M_MARTIN, [], 25.543, 13.0, 28.0, 28.534, 24.125, 0.985, Dover)",False,"RACESERIES_c(22538, S_SERIES_SPRINT_CUP, 22539, [], [], 2014, False, None)",False,131925506,,-1
LIVERIE_c,25196,,25196,0x16243,25196,DLC_LIV_5_KAHNE_2013_4,"BaseColour_c(106, 181, 0)",,"DRIVER_c(1113, S_DRIVER_K_KAHNE, None, False, True, kaseykahne, 131793153, False, False)",False,False,DLCPACKAGE_c(7581),"WORLDSCRIPT_c(2438, 2439, S_WORLD_TEXAS, 24.0, 1.5, None, S_WORLD_LOC_TEXAS, None, False, 27, 46, 112552, 130876421, [], 27.787, None, S_DRIVER_C_EDWARDS, S_DRIVER_M_KENSETH, S_DRIVER_K_BUSCH_02, S_DRIVER_G_BIFFLE, False, 19.0, 27.0, 196.299, 160.577, 78, False, None, S_TH_KENSETH_JOHNSON, [], 31.856, 15.0, 32.0, 35.485, 30.003, 0.98, Texas)",False,"RACESERIES_c(22538, S_SERIES_SPRINT_CUP, 22539, [], [], 2014, False, None)",False,131925005,,-1
LIVERIE_c,25197,,25197,0x1628B,25197,DLC_LIV_5_KAHNE_2013_2,"BaseColour_c(106, 181, 0)",,"DRIVER_c(1113, S_DRIVER_K_KAHNE, None, False, True, kaseykahne, 131793153, False, False)",False,False,DLCPACKAGE_c(7581),"WORLDSCRIPT_c(1657, 1658, S_WORLD_PHOENIX, 11.0, 1.0, None, S_WORLD_LOC_PHOENIX, None, False, 22, 42, 67000, 130288390, [], 26.567, None, S_DRIVER_J_JOHNSON, S_DRIVER_J_JOHNSON, S_DRIVER_K_BUSCH_02, S_DRIVER_T_STEWART, False, 19.0, 35.0, 138.766, 118.132, 74, False, None, S_DRIVER_M_MARTIN, [], 31.005, 23.0, 27.0, 34.589, 28.567, 0.98, Phoenix)",False,"RACESERIES_c(22538, S_SERIES_SPRINT_CUP, 22539, [], [], 2014, False, None)",False,131924739,,-1
LIVERIE_c,25198,,25198,0x162D3,25198,DLC_LIV_5_KAHNE_2013_3,"BaseColour_c(106, 181, 0)",,"DRIVER_c(1113, S_DRIVER_K_KAHNE, None, False, True, kaseykahne, 131793153, False, False)",False,False,DLCPACKAGE_c(7581),"WORLDSCRIPT_c(1858, 1859, S_WORLD_BRISTOL, 30.0, 0.533, None, S_WORLD_LOC_BRISTOL, None, False, 4, 27, 160000, 128517918, [], 14.567, None, S_HDRIVER_D_WALTRIP, S_HDRIVER_R_PETTY, S_DRIVER_K_BUSCH_02, S_HDRIVER_C_GLOTZBACH, False, 22.0, 26.0, 129.535, 101.074, 59, False, None, S_HDRIVER_R_PETTY, [], 17.856, 19.0, 22.0, 21.465, 16.465, 0.98, Bristol Night)",False,"RACESERIES_c(22538, S_SERIES_SPRINT_CUP, 22539, [], [], 2014, False, None)",False,131924753,,-1
LIVERIE_c,25201,,25201,0x1631B,25201,DLC_LIV_78_BUSCH_2013_2,"BaseColour_c(106, 181, 0)",,"DRIVER_c(1095, S_DRIVER_K_BUSCH_01, None, False, True, kurtbusch, 131793153, True, True)",True,False,DLCPACKAGE_c(7581),"WORLDSCRIPT_c(1657, 1658, S_WORLD_PHOENIX, 11.0, 1.0, None, S_WORLD_LOC_PHOENIX, None, False, 22, 42, 67000, 130288390, [], 26.567, None, S_DRIVER_J_JOHNSON, S_DRIVER_J_JOHNSON, S_DRIVER_K_BUSCH_02, S_DRIVER_T_STEWART, False, 19.0, 35.0, 138.766, 118.132, 74, False, None, S_DRIVER_M_MARTIN, [], 31.005, 23.0, 27.0, 34.589, 28.567, 0.98, Phoenix)",False,"RACESERIES_c(18306, S_SERIES_SPRINT_CUP, 18307, [], [], 2013, False, None)",False,131924739,,-1
LIVERIE_c,25202,,25202,0x16363,25202,DLC_LIV_78_BUSCH_2013_3,"BaseColour_c(106, 181, 0)",,"DRIVER_c(1095, S_DRIVER_K_BUSCH_01, None, False, True, kurtbusch, 131793153, True, True)",True,False,DLCPACKAGE_c(7581),"WORLDSCRIPT_c(2776, 2777, S_WORLD_LAS_VEGAS, 20.0, 1.5, None, S_WORLD_LOC_LAS_VEGAS, None, False, 18, 37, 142000, 130812675, [], 29.124, None, S_DRIVER_J_JOHNSON, S_TH_GORDON_MARTIN, S_DRIVER_K_KAHNE, S_DRIVER_M_MARTIN, False, 12.0, 30.0, 190.456, 146.554, 69, False, None, S_DRIVER_M_MARTIN, [], 32.756, 10.0, 35.0, 36.397, 31.245, 0.98, Las Vegas)",False,"RACESERIES_c(18306, S_SERIES_SPRINT_CUP, 18307, [], [], 2013, False, None)",False,131924746,,-1
LIVERIE_c,25204,,25204,0x163AB,25204,DLC_LIV_88_EARNHARDT_2013_5,"BaseColour_c(106, 181, 0)",,"DRIVER_c(1100, S_DRIVER_D_EARNHARDT_JR, None, False, True, DaleJr, 129106177, True, True)",False,False,DLCPACKAGE_c(7581),"WORLDSCRIPT_c(1528, 1529, S_WORLD_CHARLOTTE, 24.0, 1.5, None, S_WORLD_LOC_CHARLOTTE, None, False, 6, 38, 146000, 128452115, [], 28.645, None, S_DRIVER_J_JOHNSON, S_TH_ALLISON_PETTY, S_DRIVER_D_HAMLIN, S_DRIVER_J_GORDON, False, 20.0, 25.0, 195.624, 160.306, 70, False, None, S_HDRIVER_R_PETTY, [], 32.987, 19.0, 30.0, 35.476, 30.354, 0.98, Lowes)",False,"RACESERIES_c(22538, S_SERIES_SPRINT_CUP, 22539, [], [], 2014, False, None)",False,131925274,,-1
LIVERIE_c,25205,,25205,0x163F3,25205,DLC_LIV_88_EARNHARDT_2013_2,"BaseColour_c(106, 181, 0)",,"DRIVER_c(1100, S_DRIVER_D_EARNHARDT_JR, None, False, True, DaleJr, 129106177, True, True)",False,False,DLCPACKAGE_c(7581),"WORLDSCRIPT_c(1669, 1670, S_WORLD_MARTINSVILLE, 12.0, 0.526, None, S_WORLD_LOC_MARTINSVILLE, None, False, 19, 39, 61000, 127665924, [], 19.275, None, S_HDRIVER_R_PETTY, S_HDRIVER_R_PETTY, S_DRIVER_D_HAMLIN, S_DRIVER_J_GORDON, False, 11.0, 23.0, 99.595, 82.223, 71, False, None, S_HDRIVER_R_PETTY, [], 22.534, 10.0, 29.0, 25.056, 20.345, 0.98, Martinsville)",False,"RACESERIES_c(22538, S_SERIES_SPRINT_CUP, 22539, [], [], 2014, False, None)",False,131924999,,-1
LIVERIE_c,25206,,25206,0x1643B,25206,DLC_LIV_88_EARNHARDT_2013_6,"BaseColour_c(106, 181, 0)",,"DRIVER_c(1100, S_DRIVER_D_EARNHARDT_JR, None, False, True, DaleJr, 129106177, True, True)",False,False,DLCPACKAGE_c(7581),"WORLDSCRIPT_c(5417, 5418, S_WORLD_KENTUCKY, 14.0, 1.5, None, S_WORLD_LOC_KENTUCKY, None, False, 17, 49, 109190, 131794697, [], 29.154, None, S_DRIVER_B_KESELOWSKI, S_DRIVER_K_BUSCH_02, S_DRIVER_D_EARNHARDT_JR, S_DRIVER_B_KESELOWSKI, False, 26.0, 26.0, 183.636, 145.607, 80, False, None, S_TH_GORDON_KENSITH, [], 33.589, 19.0, 29.0, 37.143, 31.299, 0.98, Kentucky)",False,"RACESERIES_c(22538, S_SERIES_SPRINT_CUP, 22539, [], [], 2014, False, None)",False,131925534,,-1
LIVERIE_c,25207,,25207,0x16483,25207,DLC_LIV_88_EARNHARDT_2013_3,"BaseColour_c(106, 181, 0)",,"DRIVER_c(1100, S_DRIVER_D_EARNHARDT_JR, None, False, True, DaleJr, 129106177, True, True)",False,False,DLCPACKAGE_c(7581),"WORLDSCRIPT_c(2776, 2777, S_WORLD_LAS_VEGAS, 20.0, 1.5, None, S_WORLD_LOC_LAS_VEGAS, None, False, 18, 37, 142000, 130812675, [], 29.124, None, S_DRIVER_J_JOHNSON, S_TH_GORDON_MARTIN, S_DRIVER_K_KAHNE, S_DRIVER_M_MARTIN, False, 12.0, 30.0, 190.456, 146.554, 69, False, None, S_DRIVER_M_MARTIN, [], 32.756, 10.0, 35.0, 36.397, 31.245, 0.98, Las Vegas)",False,"RACESERIES_c(22538, S_SERIES_SPRINT_CUP, 22539, [], [], 2014, False, None)",False,131924746,,-1
LIVERIE_c,25208,,25208,0x164CB,25208,DLC_LIV_99_EDWARDS_2013_4,"BaseColour_c(106, 181, 0)",,"DRIVER_c(1101, S_DRIVER_C_EDWARDS, None, False, True, , 131793153, True, False)",False,False,DLCPACKAGE_c(7581),"WORLDSCRIPT_c(1657, 1658, S_WORLD_PHOENIX, 11.0, 1.0, None, S_WORLD_LOC_PHOENIX, None, False, 22, 42, 67000, 130288390, [], 26.567, None, S_DRIVER_J_JOHNSON, S_DRIVER_J_JOHNSON, S_DRIVER_K_BUSCH_02, S_DRIVER_T_STEWART, False, 19.0, 35.0, 138.766, 118.132, 74, False, None, S_DRIVER_M_MARTIN, [], 31.005, 23.0, 27.0, 34.589, 28.567, 0.98, Phoenix)",False,"RACESERIES_c(22538, S_SERIES_SPRINT_CUP, 22539, [], [], 2014, False, None)",False,131924739,,-1
LIVERIE_c,25209,,25209,0x16513,25209,DLC_LIV_99_EDWARDS_2013_2,"BaseColour_c(106, 181, 0)",,"DRIVER_c(1101, S_DRIVER_C_EDWARDS, None, False, True, , 131793153, True, False)",False,False,DLCPACKAGE_c(7581),"WORLDSCRIPT_c(2776, 2777, S_WORLD_LAS_VEGAS, 20.0, 1.5, None, S_WORLD_LOC_LAS_VEGAS, None, False, 18, 37, 142000, 130812675, [], 29.124, None, S_DRIVER_J_JOHNSON, S_TH_GORDON_MARTIN, S_DRIVER_K_KAHNE, S_DRIVER_M_MARTIN, False, 12.0, 30.0, 190.456, 146.554, 69, False, None, S_DRIVER_M_MARTIN, [], 32.756, 10.0, 35.0, 36.397, 31.245, 0.98, Las Vegas)",False,"RACESERIES_c(22538, S_SERIES_SPRINT_CUP, 22539, [], [], 2014, False, None)",False,131924746,,-1
LIVERIE_c,25210,,25210,0x1655B,25210,DLC_LIV_99_EDWARDS_2013_3,"BaseColour_c(106, 181, 0)",,"DRIVER_c(1101, S_DRIVER_C_EDWARDS, None, False, True, , 131793153, True, False)",False,False,DLCPACKAGE_c(7581),"WORLDSCRIPT_c(5417, 5418, S_WORLD_KENTUCKY, 14.0, 1.5, None, S_WORLD_LOC_KENTUCKY, None, False, 17, 49, 109190, 131794697, [], 29.154, None, S_DRIVER_B_KESELOWSKI, S_DRIVER_K_BUSCH_02, S_DRIVER_D_EARNHARDT_JR, S_DRIVER_B_KESELOWSKI, False, 26.0, 26.0, 183.636, 145.607, 80, False, None, S_TH_GORDON_KENSITH, [], 33.589, 19.0, 29.0, 37.143, 31.299, 0.98, Kentucky)",False,"RACESERIES_c(22538, S_SERIES_SPRINT_CUP, 22539, [], [], 2014, False, None)",False,131925534,,-1
LIVERIE_c,25211,,25211,0x165A3,25211,DLC_LIV_9_AMBROSE_2013_2,"BaseColour_c(106, 181, 0)",,"DRIVER_c(1085, S_DRIVER_M_AMBROSE, None, False, True, MarcosAmbrose, 129106177, True, False)",False,False,DLCPACKAGE_c(7581),"WORLDSCRIPT_c(1657, 1658, S_WORLD_PHOENIX, 11.0, 1.0, None, S_WORLD_LOC_PHOENIX, None, False, 22, 42, 67000, 130288390, [], 26.567, None, S_DRIVER_J_JOHNSON, S_DRIVER_J_JOHNSON, S_DRIVER_K_BUSCH_02, S_DRIVER_T_STEWART, False, 19.0, 35.0, 138.766, 118.132, 74, False, None, S_DRIVER_M_MARTIN, [], 31.005, 23.0, 27.0, 34.589, 28.567, 0.98, Phoenix)",False,"RACESERIES_c(22538, S_SERIES_SPRINT_CUP, 22539, [], [], 2014, False, None)",False,131924739,,-1
LIVERIE_c,25213,,25213,0x165EB,25213,DLC_LIV_11_HAMLIN_2013_4,"BaseColour_c(106, 181, 0)",,"DRIVER_c(1107, S_DRIVER_D_HAMLIN, None, False, True, dennyhamlin, 131793153, True, True)",False,False,DLCPACKAGE_c(7581),"WORLDSCRIPT_c(2776, 2777, S_WORLD_LAS_VEGAS, 20.0, 1.5, None, S_WORLD_LOC_LAS_VEGAS, None, False, 18, 37, 142000, 130812675, [], 29.124, None, S_DRIVER_J_JOHNSON, S_TH_GORDON_MARTIN, S_DRIVER_K_KAHNE, S_DRIVER_M_MARTIN, False, 12.0, 30.0, 190.456, 146.554, 69, False, None, S_DRIVER_M_MARTIN, [], 32.756, 10.0, 35.0, 36.397, 31.245, 0.98, Las Vegas)",False,"RACESERIES_c(22538, S_SERIES_SPRINT_CUP, 22539, [], [], 2014, False, None)",False,131924746,,-1
LIVERIE_c,25214,,25214,0x16633,25214,DLC_LIV_11_HAMLIN_2013_2,"BaseColour_c(106, 181, 0)",,"DRIVER_c(1107, S_DRIVER_D_HAMLIN, None, False, True, dennyhamlin, 131793153, True, True)",False,False,DLCPACKAGE_c(7581),"WORLDSCRIPT_c(1858, 1859, S_WORLD_BRISTOL, 30.0, 0.533, None, S_WORLD_LOC_BRISTOL, None, False, 4, 27, 160000, 128517918, [], 14.567, None, S_HDRIVER_D_WALTRIP, S_HDRIVER_R_PETTY, S_DRIVER_K_BUSCH_02, S_HDRIVER_C_GLOTZBACH, False, 22.0, 26.0, 129.535, 101.074, 59, False, None, S_HDRIVER_R_PETTY, [], 17.856, 19.0, 22.0, 21.465, 16.465, 0.98, Bristol Night)",False,"RACESERIES_c(22538, S_SERIES_SPRINT_CUP, 22539, [], [], 2014, False, None)",False,131924753,,-1
LIVERIE_c,25215,,25215,0x1667B,25215,DLC_LIV_11_HAMLIN_2013_3,"BaseColour_c(106, 181, 0)",,"DRIVER_c(1107, S_DRIVER_D_HAMLIN, None, False, True, dennyhamlin, 131793153, True, True)",False,False,DLCPACKAGE_c(7581),"WORLDSCRIPT_c(1657, 1658, S_WORLD_PHOENIX, 11.0, 1.0, None, S_WORLD_LOC_PHOENIX, None, False, 22, 42, 67000, 130288390, [], 26.567, None, S_DRIVER_J_JOHNSON, S_DRIVER_J_JOHNSON, S_DRIVER_K_BUSCH_02, S_DRIVER_T_STEWART, False, 19.0, 35.0, 138.766, 118.132, 74, False, None, S_DRIVER_M_MARTIN, [], 31.005, 23.0, 27.0, 34.589, 28.567, 0.98, Phoenix)",False,"RACESERIES_c(22538, S_SERIES_SPRINT_CUP, 22539, [], [], 2014, False, None)",False,131924739,,-1
LIVERIE_c,25216,,25216,0x166C3,25216,DLC_LIV_17_STENHOUSE_2013_6,"BaseColour_c(106, 181, 0)",,"DRIVER_c(7175, S_DRIVER_R_STENHOUSE_JR, None, False, True, stenhousejr, 129106177, True, False)",False,False,DLCPACKAGE_c(7581),"WORLDSCRIPT_c(1528, 1529, S_WORLD_CHARLOTTE, 24.0, 1.5, None, S_WORLD_LOC_CHARLOTTE, None, False, 6, 38, 146000, 128452115, [], 28.645, None, S_DRIVER_J_JOHNSON, S_TH_ALLISON_PETTY, S_DRIVER_D_HAMLIN, S_DRIVER_J_GORDON, False, 20.0, 25.0, 195.624, 160.306, 70, False, None, S_HDRIVER_R_PETTY, [], 32.987, 19.0, 30.0, 35.476, 30.354, 0.98, Lowes)",False,"RACESERIES_c(22538, S_SERIES_SPRINT_CUP, 22539, [], [], 2014, False, None)",False,131925274,,-1
LIVERIE_c,25217,,25217,0x1670B,25217,DLC_LIV_17_STENHOUSE_2013_3,"BaseColour_c(106, 181, 0)",,"DRIVER_c(7175, S_DRIVER_R_STENHOUSE_JR, None, False, True, stenhousejr, 129106177, True, False)",False,False,DLCPACKAGE_c(7581),"WORLDSCRIPT_c(1669, 1670, S_WORLD_MARTINSVILLE, 12.0, 0.526, None, S_WORLD_LOC_MARTINSVILLE, None, False, 19, 39, 61000, 127665924, [], 19.275, None, S_HDRIVER_R_PETTY, S_HDRIVER_R_PETTY, S_DRIVER_D_HAMLIN, S_DRIVER_J_GORDON, False, 11.0, 23.0, 99.595, 82.223, 71, False, None, S_HDRIVER_R_PETTY, [], 22.534, 10.0, 29.0, 25.056, 20.345, 0.98, Martinsville)",False,"RACESERIES_c(22538, S_SERIES_SPRINT_CUP, 22539, [], [], 2014, False, None)",False,131924999,,-1
LIVERIE_c,25218,,25218,0x16753,25218,DLC_LIV_18_BUSCH_2013_5,"BaseColour_c(106, 181, 0)",,"DRIVER_c(1096, S_DRIVER_K_BUSCH_02, None, False, True, kylebusch, 131793153, True, True)",False,False,DLCPACKAGE_c(7581),"WORLDSCRIPT_c(1631, 1632, S_WORLD_DARLINGTON, 25.0, 1.366, None, S_WORLD_LOC_DARLINGTON, None, False, 9, 30, 68000, 127796243, [], 27.231, None, S_HDRIVER_D_PEARSON, S_HDRIVER_R_PETTY, S_DRIVER_K_BUSCH_01, S_DRIVER_M_KENSETH, False, 20.0, 23.0, 181.918, 141.383, 62, False, None, S_DRIVER_B_ELLIOT, [], 31.256, 19.0, 28.0, 35.178, 30.175, 0.99, Darlington)",False,"RACESERIES_c(22538, S_SERIES_SPRINT_CUP, 22539, [], [], 2014, False, None)",False,131925259,,-1
LIVERIE_c,25219,,25219,0x1679B,25219,DLC_LIV_18_BUSCH_2013_4,"BaseColour_c(106, 181, 0)",,"DRIVER_c(1096, S_DRIVER_K_BUSCH_02, None, False, True, kylebusch, 131793153, True, True)",False,False,DLCPACKAGE_c(7581),"WORLDSCRIPT_c(1528, 1529, S_WORLD_CHARLOTTE, 24.0, 1.5, None, S_WORLD_LOC_CHARLOTTE, None, False, 6, 38, 146000, 128452115, [], 28.645, None, S_DRIVER_J_JOHNSON, S_TH_ALLISON_PETTY, S_DRIVER_D_HAMLIN, S_DRIVER_J_GORDON, False, 20.0, 25.0, 195.624, 160.306, 70, False, None, S_HDRIVER_R_PETTY, [], 32.987, 19.0, 30.0, 35.476, 30.354, 0.98, Lowes)",False,"RACESERIES_c(22538, S_SERIES_SPRINT_CUP, 22539, [], [], 2014, False, None)",False,131925274,,-1
LIVERIE_c,25220,,25220,0x167E3,25220,DLC_LIV_18_BUSCH_2013_7,"BaseColour_c(106, 181, 0)",,"DRIVER_c(1096, S_DRIVER_K_BUSCH_02, None, False, True, kylebusch, 131793153, True, True)",False,False,DLCPACKAGE_c(7581),"WORLDSCRIPT_c(1180, 1181, S_WORLD_DAYTONA_BEACH, 31.0, 2.5, None, S_WORLD_LOC_DAYTONA_BEACH, None, False, 10, 31, 168000, 128385558, [], 47.567, None, S_HDRIVER_R_PETTY, S_HDRIVER_R_PETTY, S_DRIVER_B_ELLIOT, S_HDRIVER_B_BAKER, False, 15.0, 22.0, 210.364, 177.602, 63, False, None, S_HDRIVER_R_PETTY, [], 52.435, 12.0, 27.0, 56.883, 49.463, 0.985, Daytona)",False,"RACESERIES_c(22538, S_SERIES_SPRINT_CUP, 22539, [], [], 2014, False, None)",False,131925766,,-1
LIVERIE_c,25221,,25221,0x1682B,25221,DLC_LIV_18_BUSCH_2013_6,"BaseColour_c(106, 181, 0)",All-Star,"DRIVER_c(1096, S_DRIVER_K_BUSCH_02, None, False, True, kylebusch, 131793153, True, True)",False,False,DLCPACKAGE_c(7581),"WORLDSCRIPT_c(1528, 1529, S_WORLD_CHARLOTTE, 24.0, 1.5, None, S_WORLD_LOC_CHARLOTTE, None, False, 6, 38, 146000, 128452115, [], 28.645, None, S_DRIVER_J_JOHNSON, S_TH_ALLISON_PETTY, S_DRIVER_D_HAMLIN, S_DRIVER_J_GORDON, False, 20.0, 25.0, 195.624, 160.306, 70, False, None, S_HDRIVER_R_PETTY, [], 32.987, 19.0, 30.0, 35.476, 30.354, 0.98, Lowes)",False,"RACESERIES_c(22538, S_SERIES_SPRINT_CUP, 22539, [], [], 2014, False, None)",False,131925266,,-1
LIVERIE_c,25222,,25222,0x16873,25222,DLC_LIV_18_BUSCH_2013_3,"BaseColour_c(106, 181, 0)",,"DRIVER_c(1096, S_DRIVER_K_BUSCH_02, None, False, True, kylebusch, 131793153, True, True)",False,False,DLCPACKAGE_c(7581),"WORLDSCRIPT_c(2438, 2439, S_WORLD_TEXAS, 24.0, 1.5, None, S_WORLD_LOC_TEXAS, None, False, 27, 46, 112552, 130876421, [], 27.787, None, S_DRIVER_C_EDWARDS, S_DRIVER_M_KENSETH, S_DRIVER_K_BUSCH_02, S_DRIVER_G_BIFFLE, False, 19.0, 27.0, 196.299, 160.577, 78, False, None, S_TH_KENSETH_JOHNSON, [], 31.856, 15.0, 32.0, 35.485, 30.003, 0.98, Texas)",False,"RACESERIES_c(22538, S_SERIES_SPRINT_CUP, 22539, [], [], 2014, False, None)",False,131925005,,-1
LIVERIE_c,25223,,25223,0x168BB,25223,DLC_LIV_1_MCMURRAY_2013_8,"BaseColour_c(106, 181, 0)",,"DRIVER_c(1121, S_DRIVER_J_MCMURRAY, None, False, True, JamieMcMurray, 131727617, True, False)",False,False,DLCPACKAGE_c(7581),"WORLDSCRIPT_c(1186, 1187, S_WORLD_FONTANA, 14.0, 2.0, None, S_WORLD_LOC_FONTANA, None, False, 5, 35, 90988, 130876949, [], 37.135, None, S_DRIVER_J_JOHNSON, S_DRIVER_J_JOHNSON, S_DRIVER_K_BUSCH_02, S_DRIVER_T_STEWART, False, 15.0, 26.0, 188.425, 160.166, 60, False, None, S_DRIVER_M_KENSETH, [], 42.76, 19.0, 33.0, 46.816, 40.135, 0.99, Auto Club)",False,"RACESERIES_c(22538, S_SERIES_SPRINT_CUP, 22539, [], [], 2014, False, None)",False,131924760,,-1
LIVERIE_c,25224,,25224,0x16903,25224,DLC_LIV_1_MCMURRAY_2013_5,"BaseColour_c(106, 181, 0)",,"DRIVER_c(1121, S_DRIVER_J_MCMURRAY, None, False, True, JamieMcMurray, 131727617, True, False)",False,False,DLCPACKAGE_c(7581),"WORLDSCRIPT_c(1669, 1670, S_WORLD_MARTINSVILLE, 12.0, 0.526, None, S_WORLD_LOC_MARTINSVILLE, None, False, 19, 39, 61000, 127665924, [], 19.275, None, S_HDRIVER_R_PETTY, S_HDRIVER_R_PETTY, S_DRIVER_D_HAMLIN, S_DRIVER_J_GORDON, False, 11.0, 23.0, 99.595, 82.223, 71, False, None, S_HDRIVER_R_PETTY, [], 22.534, 10.0, 29.0, 25.056, 20.345, 0.98, Martinsville)",False,"RACESERIES_c(22538, S_SERIES_SPRINT_CUP, 22539, [], [], 2014, False, None)",False,131924999,,-1
LIVERIE_c,25225,,25225,0x1694B,25225,DLC_LIV_1_MCMURRAY_2013_9,"BaseColour_c(106, 181, 0)",All-Star,"DRIVER_c(1121, S_DRIVER_J_MCMURRAY, None, False, True, JamieMcMurray, 131727617, True, False)",False,False,DLCPACKAGE_c(7581),"WORLDSCRIPT_c(1528, 1529, S_WORLD_CHARLOTTE, 24.0, 1.5, None, S_WORLD_LOC_CHARLOTTE, None, False, 6, 38, 146000, 128452115, [], 28.645, None, S_DRIVER_J_JOHNSON, S_TH_ALLISON_PETTY, S_DRIVER_D_HAMLIN, S_DRIVER_J_GORDON, False, 20.0, 25.0, 195.624, 160.306, 70, False, None, S_HDRIVER_R_PETTY, [], 32.987, 19.0, 30.0, 35.476, 30.354, 0.98, Lowes)",False,"RACESERIES_c(22538, S_SERIES_SPRINT_CUP, 22539, [], [], 2014, False, None)",False,131925266,,-1
LIVERIE_c,25226,,25226,0x16993,25226,DLC_LIV_1_MCMURRAY_2013_2,"BaseColour_c(106, 181, 0)",,"DRIVER_c(1121, S_DRIVER_J_MCMURRAY, None, False, True, JamieMcMurray, 131727617, True, False)",False,False,DLCPACKAGE_c(7581),"WORLDSCRIPT_c(1858, 1859, S_WORLD_BRISTOL, 30.0, 0.533, None, S_WORLD_LOC_BRISTOL, None, False, 4, 27, 160000, 128517918, [], 14.567, None, S_HDRIVER_D_WALTRIP, S_HDRIVER_R_PETTY, S_DRIVER_K_BUSCH_02, S_HDRIVER_C_GLOTZBACH, False, 22.0, 26.0, 129.535, 101.074, 59, False, None, S_HDRIVER_R_PETTY, [], 17.856, 19.0, 22.0, 21.465, 16.465, 0.98, Bristol Night)",False,"RACESERIES_c(22538, S_SERIES_SPRINT_CUP, 22539, [], [], 2014, False, None)",False,131924753,,-1
LIVERIE_c,25227,,25227,0x169DB,25227,DLC_LIV_1_MCMURRAY_2013_7,"BaseColour_c(106, 181, 0)",,"DRIVER_c(1121, S_DRIVER_J_MCMURRAY, None, False, True, JamieMcMurray, 131727617, True, False)",False,False,DLCPACKAGE_c(7581),"WORLDSCRIPT_c(1211, 1212, S_WORLD_POCONO, 14.0, 2.5, None, S_WORLD_LOC_LONGP, None, False, 24, 43, 100000, 129370116, [], 48.567, None, S_DRIVER_J_GORDON, S_DRIVER_M_MARTIN, S_DRIVER_J_JOHNSON, S_DRIVER_J_JOHNSON, False, 15.0, 23.0, 180.654, 144.202, 75, False, None, S_DRIVER_M_MARTIN, [], 52.935, 13.0, 30.0, 58.363, 51.356, 0.98, Pocono)",False,"RACESERIES_c(22538, S_SERIES_SPRINT_CUP, 22539, [], [], 2014, False, None)",False,131926020,,-1
LIVERIE_c,25228,,25228,0x16A23,25228,DLC_LIV_1_MCMURRAY_2013_6,"BaseColour_c(106, 181, 0)",,"DRIVER_c(1121, S_DRIVER_J_MCMURRAY, None, False, True, JamieMcMurray, 131727617, True, False)",False,False,DLCPACKAGE_c(7581),"WORLDSCRIPT_c(1458, 1459, S_WORLD_DOVER, 24.0, 1.0, None, S_WORLD_LOC_DOVER, None, False, 12, 32, 113000, 129042182, [], 21.975, None, S_DRIVER_J_JOHNSON, S_DRIVER_M_MARTIN, S_DRIVER_D_EARNHARDT_JR, S_DRIVER_M_MARTIN, False, 16.0, 21.0, 161.849, 132.719, 64, False, None, S_DRIVER_M_MARTIN, [], 25.543, 13.0, 28.0, 28.534, 24.125, 0.985, Dover)",False,"RACESERIES_c(22538, S_SERIES_SPRINT_CUP, 22539, [], [], 2014, False, None)",False,131925506,,-1
LIVERIE_c,25229,,25229,0x16A6B,25229,DLC_LIV_1_MCMURRAY_2013_3,"BaseColour_c(106, 181, 0)",,"DRIVER_c(1121, S_DRIVER_J_MCMURRAY, None, False, True, JamieMcMurray, 131727617, True, False)",False,False,DLCPACKAGE_c(7581),"WORLDSCRIPT_c(2438, 2439, S_WORLD_TEXAS, 24.0, 1.5, None, S_WORLD_LOC_TEXAS, None, False, 27, 46, 112552, 130876421, [], 27.787, None, S_DRIVER_C_EDWARDS, S_DRIVER_M_KENSETH, S_DRIVER_K_BUSCH_02, S_DRIVER_G_BIFFLE, False, 19.0, 27.0, 196.299, 160.577, 78, False, None, S_TH_KENSETH_JOHNSON, [], 31.856, 15.0, 32.0, 35.485, 30.003, 0.98, Texas)",False,"RACESERIES_c(22538, S_SERIES_SPRINT_CUP, 22539, [], [], 2014, False, None)",False,131925005,,-1
LIVERIE_c,25230,,25230,0x16AB3,25230,DLC_LIV_22_LOGANO_2013_2,"BaseColour_c(106, 181, 0)",All-Star,"DRIVER_c(1117, S_DRIVER_J_LOGANO, None, False, True, joeylogano, 129106177, True, False)",False,False,DLCPACKAGE_c(7581),"WORLDSCRIPT_c(1528, 1529, S_WORLD_CHARLOTTE, 24.0, 1.5, None, S_WORLD_LOC_CHARLOTTE, None, False, 6, 38, 146000, 128452115, [], 28.645, None, S_DRIVER_J_JOHNSON, S_TH_ALLISON_PETTY, S_DRIVER_D_HAMLIN, S_DRIVER_J_GORDON, False, 20.0, 25.0, 195.624, 160.306, 70, False, None, S_HDRIVER_R_PETTY, [], 32.987, 19.0, 30.0, 35.476, 30.354, 0.98, Lowes)",False,"RACESERIES_c(22538, S_SERIES_SPRINT_CUP, 22539, [], [], 2014, False, None)",False,131925266,,-1
LIVERIE_c,25231,,25231,0x16AFB,25231,DLC_LIV_22_LOGANO_2013_3,"BaseColour_c(106, 181, 0)",,"DRIVER_c(1117, S_DRIVER_J_LOGANO, None, False, True, joeylogano, 129106177, True, False)",False,False,DLCPACKAGE_c(7581),"WORLDSCRIPT_c(2522, 2523, S_WORLD_KANSAS_CITY, 15.0, 1.5, None, S_WORLD_LOC_KANSAS_CITY, None, False, 16, 36, 74000, 131139870, [], 29.654, None, S_TH_KENSETH_JOHNSON, S_DRIVER_J_GORDON, S_DRIVER_M_KENSETH, S_DRIVER_D_HAMLIN, False, 17.0, 32.0, 191.864, 144.122, 68, False, None, S_DRIVER_J_JOHNSON, [], 33.987, 19.0, 27.0, 37.824, 32.035, 0.98, Kansas)",False,"RACESERIES_c(22538, S_SERIES_SPRINT_CUP, 22539, [], [], 2014, False, None)",False,131925006,,-1
LIVERIE_c,25232,,25232,0x16B43,25232,DLC_LIV_47_LABONTE_2013_8,"BaseColour_c(106, 181, 0)",All-Star,"DRIVER_c(1116, S_DRIVER_B_LABONTE, None, False, True, Bobby_Labonte, 129106177, False, False)",True,False,DLCPACKAGE_c(7581),"WORLDSCRIPT_c(1528, 1529, S_WORLD_CHARLOTTE, 24.0, 1.5, None, S_WORLD_LOC_CHARLOTTE, None, False, 6, 38, 146000, 128452115, [], 28.645, None, S_DRIVER_J_JOHNSON, S_TH_ALLISON_PETTY, S_DRIVER_D_HAMLIN, S_DRIVER_J_GORDON, False, 20.0, 25.0, 195.624, 160.306, 70, False, None, S_HDRIVER_R_PETTY, [], 32.987, 19.0, 30.0, 35.476, 30.354, 0.98, Lowes)",False,"RACESERIES_c(18306, S_SERIES_SPRINT_CUP, 18307, [], [], 2013, False, None)",False,131925266,,-1
LIVERIE_c,25233,,25233,0x16B8B,25233,DLC_LIV_42_MONTOYA_2013_2,"BaseColour_c(106, 181, 0)",,"DRIVER_c(1125, S_DRIVER_J_MONTOYA, None, False, True, JPMontoya, 131727617, False, False)",True,False,DLCPACKAGE_c(7581),"WORLDSCRIPT_c(1635, 1636, S_WORLD_RICHMOND, 14.0, 0.75, None, S_WORLD_LOC_RICHMOND, None, False, 25, 44, 97912, 127992851, [], 20.754, None, S_HDRIVER_R_PETTY, S_HDRIVER_R_PETTY, S_DRIVER_J_GORDON, S_HDRIVER_D_JARRET, False, 18.0, 23.0, 130.599, 109.047, 76, False, None, S_HDRIVER_R_PETTY, [], 23.435, 16.0, 30.0, 26.984, 22.952, 0.98, Richmond)",False,"RACESERIES_c(18306, S_SERIES_SPRINT_CUP, 18307, [], [], 2013, False, None)",False,131925019,,-1
LIVERIE_c,25234,,25234,0x16BD3,25234,DLC_LIV_48_JOHNSON_2013_5,"BaseColour_c(106, 181, 0)",,"DRIVER_c(1111, S_DRIVER_J_JOHNSON, None, False, True, JimmieJohnson, 131793153, True, True)",False,False,DLCPACKAGE_c(7581),"WORLDSCRIPT_c(1180, 1181, S_WORLD_DAYTONA_BEACH, 31.0, 2.5, None, S_WORLD_LOC_DAYTONA_BEACH, None, False, 10, 31, 168000, 128385558, [], 47.567, None, S_HDRIVER_R_PETTY, S_HDRIVER_R_PETTY, S_DRIVER_B_ELLIOT, S_HDRIVER_B_BAKER, False, 15.0, 22.0, 210.364, 177.602, 63, False, None, S_HDRIVER_R_PETTY, [], 52.435, 12.0, 27.0, 56.883, 49.463, 0.985, Daytona)",False,"RACESERIES_c(22538, S_SERIES_SPRINT_CUP, 22539, [], [], 2014, False, None)",False,131925766,,-1
LIVERIE_c,25235,,25235,0x16C1B,25235,DLC_LIV_99_EDWARDS_2013_7,"BaseColour_c(106, 181, 0)",,"DRIVER_c(1101, S_DRIVER_C_EDWARDS, None, False, True, , 131793153, True, False)",False,False,DLCPACKAGE_c(7581),"WORLDSCRIPT_c(1528, 1529, S_WORLD_CHARLOTTE, 24.0, 1.5, None, S_WORLD_LOC_CHARLOTTE, None, False, 6, 38, 146000, 128452115, [], 28.645, None, S_DRIVER_J_JOHNSON, S_TH_ALLISON_PETTY, S_DRIVER_D_HAMLIN, S_DRIVER_J_GORDON, False, 20.0, 25.0, 195.624, 160.306, 70, False, None, S_HDRIVER_R_PETTY, [], 32.987, 19.0, 30.0, 35.476, 30.354, 0.98, Lowes)",False,"RACESERIES_c(22538, S_SERIES_SPRINT_CUP, 22539, [], [], 2014, False, None)",False,131925274,,-1
LIVERIE_c,25236,,25236,0x16C63,25236,DLC_LIV_99_EDWARDS_2013_6,"BaseColour_c(106, 181, 0)",,"DRIVER_c(1101, S_DRIVER_C_EDWARDS, None, False, True, , 131793153, True, False)",False,False,DLCPACKAGE_c(7581),"WORLDSCRIPT_c(1635, 1636, S_WORLD_RICHMOND, 14.0, 0.75, None, S_WORLD_LOC_RICHMOND, None, False, 25, 44, 97912, 127992851, [], 20.754, None, S_HDRIVER_R_PETTY, S_HDRIVER_R_PETTY, S_DRIVER_J_GORDON, S_HDRIVER_D_JARRET, False, 18.0, 23.0, 130.599, 109.047, 76, False, None, S_HDRIVER_R_PETTY, [], 23.435, 16.0, 30.0, 26.984, 22.952, 0.98, Richmond)",False,"RACESERIES_c(22538, S_SERIES_SPRINT_CUP, 22539, [], [], 2014, False, None)",False,131926279,,-1
