archive,container,entry,family,w,h,fmt,payload_size,payload_abs,archive_entry_offset_hex,archive_entry_size,decoded,png_path,image_sha1,decode_error
0,TEAMSHOPLOGO.ARC,Logo,team_logos,1024,256,DXT5,262144,216,0xAAB6630,262398,1,,,
0,TEAMSHOPLOGO2.ARC,Logo,team_logos,1024,256,DXT5,262144,216,0xAAF6730,262398,1,,,
0,TRACKTESTING.ARC,lap_session_best_image001.tga,track_select,256,32,DXT5,8192,47304,0xB1C27A8,216754,1,,,
0,TRACKTESTING.ARC,lap_times_image001.tga,track_select,256,32,DXT5,8192,55528,0xB1C27A8,216754,1,,,
0,TRACKTESTING.ARC,rival_image001.tga,track_select,512,32,DXT1,32768,63752,0xB1C27A8,216754,1,,,
0,TRACKTESTING.ARC,rival_image002.tga,track_select,512,32,DXT1,32768,96552,0xB1C27A8,216754,1,,,
0,TRACKTESTING.ARC,messages_image001.tga,track_select,256,32,DXT5,8192,129352,0xB1C27A8,216754,1,,,
0,TRACKTESTING.ARC,messages_image002.tga,track_select,256,32,DXT5,8192,137576,0xB1C27A8,216754,1,,,
0,TRACKTESTING.ARC,brakeIndicator_image001.tga,track_select,64,32,DXT5,4096,145800,0xB1C27A8,216754,1,,,
0,TRACKTESTING.ARC,brakeIndicator_image002.tga,track_select,65,64,FMT_0x15,24576,149928,0xB1C27A8,216754,0,,,Unsupported resource format FMT_0x15; raw export only
0,TRACKTESTING.ARC,brakeIndicator_image003.tga,track_select,64,64,DXT5,8192,174536,0xB1C27A8,216754,1,,,
0,TRACKTESTING.ARC,brakeIndicator_image004.tga,track_select,16,32,FMT_0x15,8192,182760,0xB1C27A8,216754,0,,,Unsupported resource format FMT_0x15; raw export only
0,TRACKTESTING.ARC,brakeIndicator_image005.tga,track_select,64,32,DXT5,4096,190984,0xB1C27A8,216754,1,,,
0,TRACKTESTING.ARC,brakeIndicator_image006.tga,track_select,65,32,FMT_0x15,12288,195112,0xB1C27A8,216754,0,,,Unsupported resource format FMT_0x15; raw export only
0,TRACKTESTING.ARC,brakeIndicator_image007.tga,track_select,64,32,DXT5,4096,207432,0xB1C27A8,216754,1,,,
0,TRACKTESTING.ARC,practice_image001.tga,track_select,256,32,DXT1,4096,211560,0xB1C27A8,216754,1,,,
0,SPRINTNUMS2015.ARC,2015_MENARD,driver_number_cards,128,64,DXT1,4096,3192,0xB59F020,393866,1,,,
0,SPRINTNUMS2015.ARC,2015_WALLACE,driver_number_cards,128,64,DXT1,4096,7320,0xB59F020,393866,1,,,
0,SPRINTNUMS2015.ARC,2015_MCDOWELL,driver_number_cards,128,64,DXT1,4096,11448,0xB59F020,393866,1,,,
0,SPRINTNUMS2015.ARC,2015_LOGANO,driver_number_cards,128,64,DXT1,4096,15576,0xB59F020,393866,1,,,
0,SPRINTNUMS2015.ARC,2015_JOHNSON,driver_number_cards,128,64,DXT1,4096,19704,0xB59F020,393866,1,,,
0,SPRINTNUMS2015.ARC,2015_WISE,driver_number_cards,128,64,DXT1,4096,23832,0xB59F020,393866,1,,,
0,SPRINTNUMS2015.ARC,2015_BIFFLE,driver_number_cards,128,64,DXT1,4096,27960,0xB59F020,393866,1,,,
0,SPRINTNUMS2015.ARC,2015_WHITT,driver_number_cards,128,64,DXT1,4096,32088,0xB59F020,393866,1,,,
0,SPRINTNUMS2015.ARC,2015_ALMIROLA,driver_number_cards,128,64,DXT1,4096,36216,0xB59F020,393866,1,,,
0,SPRINTNUMS2015.ARC,2015_TRUEXMARTIN,driver_number_cards,128,64,DXT1,4096,40344,0xB59F020,393866,1,,,
0,SPRINTNUMS2015.ARC,2015_PATRICK,driver_number_cards,128,64,DXT1,4096,44472,0xB59F020,393866,1,,,
0,SPRINTNUMS2015.ARC,2015_DILLON,driver_number_cards,128,64,DXT1,4096,48600,0xB59F020,393866,1,,,
0,SPRINTNUMS2015.ARC,2015_MCMURRAY,driver_number_cards,128,64,DXT1,4096,52728,0xB59F020,393866,1,,,
0,SPRINTNUMS2015.ARC,2015_WALTRIP,driver_number_cards,128,64,DXT1,4096,56856,0xB59F020,393866,1,,,
0,SPRINTNUMS2015.ARC,2015_BUSCHKYLE,driver_number_cards,128,64,DXT1,4096,60984,0xB59F020,393866,1,,,
0,SPRINTNUMS2015.ARC,2015_BUSCHKURT,driver_number_cards,128,64,DXT1,4096,65112,0xB59F020,393866,1,,,
0,SPRINTNUMS2015.ARC,2015_VICKERS,driver_number_cards,128,64,DXT1,4096,69240,0xB59F020,393866,1,,,
0,SPRINTNUMS2015.ARC,2015_KESELOWSKI,driver_number_cards,128,64,DXT1,4096,73368,0xB59F020,393866,1,,,
0,SPRINTNUMS2015.ARC,2015_ANNETT,driver_number_cards,128,64,DXT1,4096,77496,0xB59F020,393866,1,,,
0,SPRINTNUMS2015.ARC,2015_EARNHARDT,driver_number_cards,128,64,DXT1,4096,81624,0xB59F020,393866,1,,,
0,SPRINTNUMS2015.ARC,2015_BAYNE,driver_number_cards,128,64,DXT1,4096,85752,0xB59F020,393866,1,,,
0,SPRINTNUMS2015.ARC,2015_BOWYER,driver_number_cards,128,64,DXT1,4096,89880,0xB59F020,393866,1,,,
0,SPRINTNUMS2015.ARC,2015_EDWARDS,driver_number_cards,128,64,DXT1,4096,94008,0xB59F020,393866,1,,,
0,SPRINTNUMS2015.ARC,2015_GILLILAND,driver_number_cards,128,64,DXT1,4096,98136,0xB59F020,393866,1,,,
0,SPRINTNUMS2015.ARC,2015_LARSON,driver_number_cards,128,64,DXT1,4096,102264,0xB59F020,393866,1,,,
0,SPRINTNUMS2015.ARC,2015_ELLIOTT,driver_number_cards,128,64,DXT1,4096,106392,0xB59F020,393866,1,,,
0,SPRINTNUMS2015.ARC,2015_ALLMENDINGER,driver_number_cards,128,64,DXT1,4096,110520,0xB59F020,393866,1,,,
0,SPRINTNUMS2015.ARC,2015_KAHNE,driver_number_cards,128,64,DXT1,4096,114648,0xB59F020,393866,1,,,
0,SPRINTNUMS2015.ARC,2015_NEWMAN,driver_number_cards,128,64,DXT1,4096,118776,0xB59F020,393866,1,,,
0,SPRINTNUMS2015.ARC,2015_KENSETH,driver_number_cards,128,64,DXT1,4096,122904,0xB59F020,393866,1,,,
0,SPRINTNUMS2015.ARC,2015_STEWART,driver_number_cards,128,64,DXT1,4096,127032,0xB59F020,393866,1,,,
0,SPRINTNUMS2015.ARC,2015_ALLGAIER,driver_number_cards,128,64,DXT1,4096,131160,0xB59F020,393866,1,,,
0,SPRINTNUMS2015.ARC,2015_HAMLIN,driver_number_cards,128,64,DXT1,4096,135288,0xB59F020,393866,1,,,
0,SPRINTNUMS2015.ARC,2015_GORDONJEFF,driver_number_cards,128,64,DXT1,4096,139416,0xB59F020,393866,1,,,
0,SPRINTNUMS2015.ARC,2015_MEARS,driver_number_cards,128,64,DXT1,4096,143544,0xB59F020,393866,1,,,
0,SPRINTNUMS2015.ARC,2015_YELEY,driver_number_cards,128,64,DXT1,4096,147672,0xB59F020,393866,1,,,
0,SPRINTNUMS2015.ARC,2015_HARVICK,driver_number_cards,128,64,DXT1,4096,151800,0xB59F020,393866,1,,,
0,SPRINTNUMS2015.ARC,2015_RAGAN,driver_number_cards,128,64,DXT1,4096,155928,0xB59F020,393866,1,,,
0,SPRINTNUMS2015.ARC,2015_STENHOUSE,driver_number_cards,128,64,DXT1,4096,160056,0xB59F020,393866,1,,,
0,SPRINTNUMS2015.ARC,2015_SMITHREGAN,driver_number_cards,128,64,DXT1,4096,164184,0xB59F020,393866,1,,,
0,SPRINTNUMS2015.ARC,2015_DILLONTY,driver_number_cards,128,64,DXT1,4096,168312,0xB59F020,393866,1,,,
0,SPRINTNUMS2015.ARC,2015_HORNISH_JR,driver_number_cards,128,64,DXT1,4096,172440,0xB59F020,393866,1,,,
0,SPRINTNUMS2015.ARC,2015_BLANEYRYAN,driver_number_cards,128,64,DXT1,4096,176568,0xB59F020,393866,1,,,
0,SPRINTNUMS2015.ARC,2015_LABONTE,driver_number_cards,128,64,DXT1,4096,180696,0xB59F020,393866,1,,,
0,SPRINTNUMS2015.ARC,2015_BURTONJEB,driver_number_cards,128,64,DXT1,4096,184824,0xB59F020,393866,1,,,
0,SPRINTNUMS2015.ARC,2015_JONES,driver_number_cards,128,64,DXT1,4096,188952,0xB59F020,393866,1,,,
0,SPRINTNUMS2015.ARC,2015_TIFFT,driver_number_cards,128,64,DXT1,4096,193080,0xB59F020,393866,1,,,
0,SPRINTNUMS2015.ARC,BIG_2015_MENARD,driver_number_cards,128,64,DXT1,4096,197208,0xB59F020,393866,1,,,
0,SPRINTNUMS2015.ARC,BIG_2015_WALLACE,driver_number_cards,128,64,DXT1,4096,201336,0xB59F020,393866,1,,,
0,SPRINTNUMS2015.ARC,BIG_2015_MCDOWELL,driver_number_cards,128,64,DXT1,4096,205464,0xB59F020,393866,1,,,
0,SPRINTNUMS2015.ARC,BIG_2015_LOGANO,driver_number_cards,128,64,DXT1,4096,209592,0xB59F020,393866,1,,,
0,SPRINTNUMS2015.ARC,BIG_2015_JOHNSON,driver_number_cards,128,64,DXT1,4096,213720,0xB59F020,393866,1,,,
0,SPRINTNUMS2015.ARC,BIG_2015_WISE,driver_number_cards,128,64,DXT1,4096,217848,0xB59F020,393866,1,,,
0,SPRINTNUMS2015.ARC,BIG_2015_BIFFLE,driver_number_cards,128,64,DXT1,4096,221976,0xB59F020,393866,1,,,
0,SPRINTNUMS2015.ARC,BIG_2015_WHITT,driver_number_cards,128,64,DXT1,4096,226104,0xB59F020,393866,1,,,
0,SPRINTNUMS2015.ARC,BIG_2015_ALMIROLA,driver_number_cards,128,64,DXT1,4096,230232,0xB59F020,393866,1,,,
0,SPRINTNUMS2015.ARC,BIG_2015_TRUEXMARTIN,driver_number_cards,128,64,DXT1,4096,234360,0xB59F020,393866,1,,,
0,SPRINTNUMS2015.ARC,BIG_2015_PATRICK,driver_number_cards,128,64,DXT1,4096,238488,0xB59F020,393866,1,,,
0,SPRINTNUMS2015.ARC,BIG_2015_DILLON,driver_number_cards,128,64,DXT1,4096,242616,0xB59F020,393866,1,,,
0,SPRINTNUMS2015.ARC,BIG_2015_MCMURRAY,driver_number_cards,128,64,DXT1,4096,246744,0xB59F020,393866,1,,,
0,SPRINTNUMS2015.ARC,BIG_2015_WALTRIP,driver_number_cards,128,64,DXT1,4096,250872,0xB59F020,393866,1,,,
0,SPRINTNUMS2015.ARC,BIG_2015_BUSCHKYLE,driver_number_cards,128,64,DXT1,4096,255000,0xB59F020,393866,1,,,
0,SPRINTNUMS2015.ARC,BIG_2015_BUSCHKURT,driver_number_cards,128,64,DXT1,4096,259128,0xB59F020,393866,1,,,
0,SPRINTNUMS2015.ARC,BIG_2015_VICKERS,driver_number_cards,128,64,DXT1,4096,263256,0xB59F020,393866,1,,,
0,SPRINTNUMS2015.ARC,BIG_2015_KESELOWSKI,driver_number_cards,128,64,DXT1,4096,267384,0xB59F020,393866,1,,,
0,SPRINTNUMS2015.ARC,BIG_2015_ANNETT,driver_number_cards,128,64,DXT1,4096,271512,0xB59F020,393866,1,,,
0,SPRINTNUMS2015.ARC,BIG_2015_EARNHARDT,driver_number_cards,128,64,DXT1,4096,275640,0xB59F020,393866,1,,,
0,SPRINTNUMS2015.ARC,BIG_2015_BAYNE,driver_number_cards,128,64,DXT1,4096,279768,0xB59F020,393866,1,,,
0,SPRINTNUMS2015.ARC,BIG_2015_BOWYER,driver_number_cards,128,64,DXT1,4096,283896,0xB59F020,393866,1,,,
0,SPRINTNUMS2015.ARC,BIG_2015_EDWARDS,driver_number_cards,128,64,DXT1,4096,288024,0xB59F020,393866,1,,,
0,SPRINTNUMS2015.ARC,BIG_2015_GILLILAND,driver_number_cards,128,64,DXT1,4096,292152,0xB59F020,393866,1,,,
0,SPRINTNUMS2015.ARC,BIG_2015_LARSON,driver_number_cards,128,64,DXT1,4096,296280,0xB59F020,393866,1,,,
0,SPRINTNUMS2015.ARC,BIG_2015_ELLIOTT,driver_number_cards,128,64,DXT1,4096,300408,0xB59F020,393866,1,,,
0,SPRINTNUMS2015.ARC,BIG_2015_ALLMENDINGER,driver_number_cards,128,64,DXT1,4096,304536,0xB59F020,393866,1,,,
0,SPRINTNUMS2015.ARC,BIG_2015_KAHNE,driver_number_cards,128,64,DXT1,4096,308664,0xB59F020,393866,1,,,
0,SPRINTNUMS2015.ARC,BIG_2015_NEWMAN,driver_number_cards,128,64,DXT1,4096,312792,0xB59F020,393866,1,,,
0,SPRINTNUMS2015.ARC,BIG_2015_KENSETH,driver_number_cards,128,64,DXT1,4096,316920,0xB59F020,393866,1,,,
0,SPRINTNUMS2015.ARC,BIG_2015_STEWART,driver_number_cards,128,64,DXT1,4096,321048,0xB59F020,393866,1,,,
0,SPRINTNUMS2015.ARC,BIG_2015_ALLGAIER,driver_number_cards,128,64,DXT1,4096,325176,0xB59F020,393866,1,,,
0,SPRINTNUMS2015.ARC,BIG_2015_HAMLIN,driver_number_cards,128,64,DXT1,4096,329304,0xB59F020,393866,1,,,
0,SPRINTNUMS2015.ARC,BIG_2015_GORDONJEFF,driver_number_cards,128,64,DXT1,4096,333432,0xB59F020,393866,1,,,
0,SPRINTNUMS2015.ARC,BIG_2015_MEARS,driver_number_cards,128,64,DXT1,4096,337560,0xB59F020,393866,1,,,
0,SPRINTNUMS2015.ARC,BIG_2015_YELEY,driver_number_cards,128,64,DXT1,4096,341688,0xB59F020,393866,1,,,
0,SPRINTNUMS2015.ARC,BIG_2015_HARVICK,driver_number_cards,128,64,DXT1,4096,345816,0xB59F020,393866,1,,,
0,SPRINTNUMS2015.ARC,BIG_2015_RAGAN,driver_number_cards,128,64,DXT1,4096,349944,0xB59F020,393866,1,,,
0,SPRINTNUMS2015.ARC,BIG_2015_STENHOUSE,driver_number_cards,128,64,DXT1,4096,354072,0xB59F020,393866,1,,,
0,SPRINTNUMS2015.ARC,BIG_2015_SMITHREGAN,driver_number_cards,128,64,DXT1,4096,358200,0xB59F020,393866,1,,,
0,SPRINTNUMS2015.ARC,BIG_2015_DILLONTY,driver_number_cards,128,64,DXT1,4096,362328,0xB59F020,393866,1,,,
0,SPRINTNUMS2015.ARC,BIG_2015_HORNISH_JR,driver_number_cards,128,64,DXT1,4096,366456,0xB59F020,393866,1,,,
0,SPRINTNUMS2015.ARC,BIG_2015_BLANEYRYAN,driver_number_cards,128,64,DXT1,4096,370584,0xB59F020,393866,1,,,
0,SPRINTNUMS2015.ARC,BIG_2015_LABONTE,driver_number_cards,128,64,DXT1,4096,374712,0xB59F020,393866,1,,,
0,SPRINTNUMS2015.ARC,BIG_2015_BURTONJEB,driver_number_cards,128,64,DXT1,4096,378840,0xB59F020,393866,1,,,
0,SPRINTNUMS2015.ARC,BIG_2015_JONES,driver_number_cards,128,64,DXT1,4096,382968,0xB59F020,393866,1,,,
0,SPRINTNUMS2015.ARC,BIG_2015_TIFFT,driver_number_cards,128,64,DXT1,4096,387096,0xB59F020,393866,1,,,
0,BASESCHEMETHUMBNAILS.ARC,14_CAREER_CHEVY_4,paint_scheme_preview,256,256,DXT5,65536,3064,0xF091778,5906859,1,,,
0,BASESCHEMETHUMBNAILS.ARC,14_CAREER_CHEVY_1,paint_scheme_preview,256,256,DXT5,65536,68632,0xF091778,5906859,1,,,
0,BASESCHEMETHUMBNAILS.ARC,14_CAREER_CHEVY_2,paint_scheme_preview,256,256,DXT5,65536,134200,0xF091778,5906859,1,,,
0,BASESCHEMETHUMBNAILS.ARC,14_CAREER_CHEVY_3,paint_scheme_preview,256,256,DXT5,65536,199768,0xF091778,5906859,1,,,
0,BASESCHEMETHUMBNAILS.ARC,14_CAREER_CHEVY_5,paint_scheme_preview,256,256,DXT5,65536,265336,0xF091778,5906859,1,,,
0,BASESCHEMETHUMBNAILS.ARC,14_CAREER_CHEVY_6,paint_scheme_preview,256,256,DXT5,65536,330904,0xF091778,5906859,1,,,
0,BASESCHEMETHUMBNAILS.ARC,twt,paint_scheme_preview,256,256,DXT5,65536,396472,0xF091778,5906859,1,,,
0,BASESCHEMETHUMBNAILS.ARC,14_CAREER_CHEVY_8,paint_scheme_preview,256,256,DXT5,65536,462040,0xF091778,5906859,1,,,
0,BASESCHEMETHUMBNAILS.ARC,14_CAREER_CHEVY_9,paint_scheme_preview,256,256,DXT5,65536,527608,0xF091778,5906859,1,,,
0,BASESCHEMETHUMBNAILS.ARC,14_CAREER_CHEVY_10,paint_scheme_preview,256,256,DXT5,65536,593176,0xF091778,5906859,1,,,
0,BASESCHEMETHUMBNAILS.ARC,14_CAREER_CHEVY_11,paint_scheme_preview,256,256,DXT5,65536,658744,0xF091778,5906859,1,,,
0,BASESCHEMETHUMBNAILS.ARC,14_CAREER_CHEVY_12,paint_scheme_preview,256,256,DXT5,65536,724312,0xF091778,5906859,1,,,
0,BASESCHEMETHUMBNAILS.ARC,14_CAREER_CHEVY_13,paint_scheme_preview,256,256,DXT5,65536,789880,0xF091778,5906859,1,,,
0,BASESCHEMETHUMBNAILS.ARC,14_CAREER_CHEVY_14,paint_scheme_preview,256,256,DXT5,65536,855448,0xF091778,5906859,1,,,
0,BASESCHEMETHUMBNAILS.ARC,14_CAREER_CHEVY_15,paint_scheme_preview,256,256,DXT5,65536,921016,0xF091778,5906859,1,,,
0,BASESCHEMETHUMBNAILS.ARC,14_CAREER_FORD_1,paint_scheme_preview,256,256,DXT5,65536,986584,0xF091778,5906859,1,,,
0,BASESCHEMETHUMBNAILS.ARC,14_CAREER_FORD_2,paint_scheme_preview,256,256,DXT5,65536,1052152,0xF091778,5906859,1,,,
0,BASESCHEMETHUMBNAILS.ARC,14_CAREER_FORD_3,paint_scheme_preview,256,256,DXT5,65536,1117720,0xF091778,5906859,1,,,
0,BASESCHEMETHUMBNAILS.ARC,14_CAREER_FORD_4,paint_scheme_preview,256,256,DXT5,65536,1183288,0xF091778,5906859,1,,,
0,BASESCHEMETHUMBNAILS.ARC,14_CAREER_FORD_5,paint_scheme_preview,256,256,DXT5,65536,1248856,0xF091778,5906859,1,,,
0,BASESCHEMETHUMBNAILS.ARC,14_CAREER_FORD_6,paint_scheme_preview,256,256,DXT5,65536,1314424,0xF091778,5906859,1,,,
0,BASESCHEMETHUMBNAILS.ARC,14_CAREER_FORD_7,paint_scheme_preview,256,256,DXT5,65536,1379992,0xF091778,5906859,1,,,
0,BASESCHEMETHUMBNAILS.ARC,14_CAREER_FORD_8,paint_scheme_preview,256,256,DXT5,65536,1445560,0xF091778,5906859,1,,,
0,BASESCHEMETHUMBNAILS.ARC,14_CAREER_FORD_9,paint_scheme_preview,256,256,DXT5,65536,1511128,0xF091778,5906859,1,,,
0,BASESCHEMETHUMBNAILS.ARC,14_CAREER_FORD_10,paint_scheme_preview,256,256,DXT5,65536,1576696,0xF091778,5906859,1,,,
0,BASESCHEMETHUMBNAILS.ARC,14_CAREER_FORD_11,paint_scheme_preview,256,256,DXT5,65536,1642264,0xF091778,5906859,1,,,
0,BASESCHEMETHUMBNAILS.ARC,14_CAREER_FORD_12,paint_scheme_preview,256,256,DXT5,65536,1707832,0xF091778,5906859,1,,,
0,BASESCHEMETHUMBNAILS.ARC,14_CAREER_FORD_13,paint_scheme_preview,256,256,DXT5,65536,1773400,0xF091778,5906859,1,,,
0,BASESCHEMETHUMBNAILS.ARC,14_CAREER_FORD_14,paint_scheme_preview,256,256,DXT5,65536,1838968,0xF091778,5906859,1,,,
0,BASESCHEMETHUMBNAILS.ARC,14_CAREER_FORD_15,paint_scheme_preview,256,256,DXT5,65536,1904536,0xF091778,5906859,1,,,
0,BASESCHEMETHUMBNAILS.ARC,14_CAREER_TOYOTA_1,paint_scheme_preview,256,256,DXT5,65536,1970104,0xF091778,5906859,1,,,
0,BASESCHEMETHUMBNAILS.ARC,14_CAREER_TOYOTA_2,paint_scheme_preview,256,256,DXT5,65536,2035672,0xF091778,5906859,1,,,
0,BASESCHEMETHUMBNAILS.ARC,14_CAREER_TOYOTA_3,paint_scheme_preview,256,256,DXT5,65536,2101240,0xF091778,5906859,1,,,
0,BASESCHEMETHUMBNAILS.ARC,14_CAREER_TOYOTA_4,paint_scheme_preview,256,256,DXT5,65536,2166808,0xF091778,5906859,1,,,
0,BASESCHEMETHUMBNAILS.ARC,14_CAREER_TOYOTA_5,paint_scheme_preview,256,256,DXT5,65536,2232376,0xF091778,5906859,1,,,
0,BASESCHEMETHUMBNAILS.ARC,14_CAREER_TOYOTA_6,paint_scheme_preview,256,256,DXT5,65536,2297944,0xF091778,5906859,1,,,
0,BASESCHEMETHUMBNAILS.ARC,14_CAREER_TOYOTA_7,paint_scheme_preview,256,256,DXT5,65536,2363512,0xF091778,5906859,1,,,
0,BASESCHEMETHUMBNAILS.ARC,14_CAREER_TOYOTA_8,paint_scheme_preview,256,256,DXT5,65536,2429080,0xF091778,5906859,1,,,
0,BASESCHEMETHUMBNAILS.ARC,14_CAREER_TOYOTA_9,paint_scheme_preview,256,256,DXT5,65536,2494648,0xF091778,5906859,1,,,
0,BASESCHEMETHUMBNAILS.ARC,14_CAREER_TOYOTA_10,paint_scheme_preview,256,256,DXT5,65536,2560216,0xF091778,5906859,1,,,
0,BASESCHEMETHUMBNAILS.ARC,14_CAREER_TOYOTA_11,paint_scheme_preview,256,256,DXT5,65536,2625784,0xF091778,5906859,1,,,
0,BASESCHEMETHUMBNAILS.ARC,14_CAREER_TOYOTA_12,paint_scheme_preview,256,256,DXT5,65536,2691352,0xF091778,5906859,1,,,
0,BASESCHEMETHUMBNAILS.ARC,14_CAREER_TOYOTA_13,paint_scheme_preview,256,256,DXT5,65536,2756920,0xF091778,5906859,1,,,
0,BASESCHEMETHUMBNAILS.ARC,14_CAREER_TOYOTA_14,paint_scheme_preview,256,256,DXT5,65536,2822488,0xF091778,5906859,1,,,
0,BASESCHEMETHUMBNAILS.ARC,14_CAREER_TOYOTA_15,paint_scheme_preview,256,256,DXT5,65536,2888056,0xF091778,5906859,1,,,
0,BASESCHEMETHUMBNAILS.ARC,Wl6d,paint_scheme_preview,256,256,DXT5,65536,2953624,0xF091778,5906859,1,,,
0,BASESCHEMETHUMBNAILS.ARC,CAREER_FORD_4,paint_scheme_preview,256,256,DXT5,65536,3019192,0xF091778,5906859,1,,,
0,BASESCHEMETHUMBNAILS.ARC,CAREER_FORD_7,paint_scheme_preview,256,256,DXT5,65536,3084760,0xF091778,5906859,1,,,
0,BASESCHEMETHUMBNAILS.ARC,CAREER_FORD_6,paint_scheme_preview,256,256,DXT5,65536,3150328,0xF091778,5906859,1,,,
0,BASESCHEMETHUMBNAILS.ARC,CAREER_FORD_1,paint_scheme_preview,256,256,DXT5,65536,3215896,0xF091778,5906859,1,,,
0,BASESCHEMETHUMBNAILS.ARC,CAREER_FORD_3,paint_scheme_preview,256,256,DXT5,65536,3281464,0xF091778,5906859,1,,,
0,BASESCHEMETHUMBNAILS.ARC,CAREER_FORD_2,paint_scheme_preview,256,256,DXT5,65536,3347032,0xF091778,5906859,1,,,
0,BASESCHEMETHUMBNAILS.ARC,1E1,paint_scheme_preview,256,256,DXT5,65536,3412600,0xF091778,5906859,1,,,
0,BASESCHEMETHUMBNAILS.ARC,CAREER_FORD_8,paint_scheme_preview,256,256,DXT5,65536,3478168,0xF091778,5906859,1,,,
0,BASESCHEMETHUMBNAILS.ARC,CAREER_TOYOTA_11,paint_scheme_preview,256,256,DXT5,65536,3543736,0xF091778,5906859,1,,,
0,BASESCHEMETHUMBNAILS.ARC,CAREER_TOYOTA_15,paint_scheme_preview,256,256,DXT5,65536,3609304,0xF091778,5906859,1,,,
0,BASESCHEMETHUMBNAILS.ARC,CAREER_FORD_15,paint_scheme_preview,256,256,DXT5,65536,3674872,0xF091778,5906859,1,,,
0,BASESCHEMETHUMBNAILS.ARC,CAREER_FORD_14,paint_scheme_preview,256,256,DXT5,65536,3740440,0xF091778,5906859,1,,,
0,BASESCHEMETHUMBNAILS.ARC,CAREER_FORD_11,paint_scheme_preview,256,256,DXT5,65536,3806008,0xF091778,5906859,1,,,
0,BASESCHEMETHUMBNAILS.ARC,CAREER_FORD_10,paint_scheme_preview,256,256,DXT5,65536,3871576,0xF091778,5906859,1,,,
0,BASESCHEMETHUMBNAILS.ARC,CAREER_FORD_13,paint_scheme_preview,256,256,DXT5,65536,3937144,0xF091778,5906859,1,,,
0,BASESCHEMETHUMBNAILS.ARC,CAREER_FORD_12,paint_scheme_preview,256,256,DXT5,65536,4002712,0xF091778,5906859,1,,,
0,BASESCHEMETHUMBNAILS.ARC,CAREER_TOYOTA_14,paint_scheme_preview,256,256,DXT5,65536,4068280,0xF091778,5906859,1,,,
0,BASESCHEMETHUMBNAILS.ARC,CAREER_CHEVY_14,paint_scheme_preview,256,256,DXT5,65536,4133848,0xF091778,5906859,1,,,
0,BASESCHEMETHUMBNAILS.ARC,CAREER_CHEVY_15,paint_scheme_preview,256,256,DXT5,65536,4199416,0xF091778,5906859,1,,,
0,BASESCHEMETHUMBNAILS.ARC,CAREER_CHEVY_12,paint_scheme_preview,256,256,DXT5,65536,4264984,0xF091778,5906859,1,,,
0,BASESCHEMETHUMBNAILS.ARC,CAREER_CHEVY_13,paint_scheme_preview,256,256,DXT5,65536,4330552,0xF091778,5906859,1,,,
0,BASESCHEMETHUMBNAILS.ARC,CAREER_CHEVY_10,paint_scheme_preview,256,256,DXT5,65536,4396120,0xF091778,5906859,1,,,
0,BASESCHEMETHUMBNAILS.ARC,CAREER_CHEVY_11,paint_scheme_preview,256,256,DXT5,65536,4461688,0xF091778,5906859,1,,,
0,BASESCHEMETHUMBNAILS.ARC,CAREER_CHEVY_8,paint_scheme_preview,256,256,DXT5,65536,4527256,0xF091778,5906859,1,,,
0,BASESCHEMETHUMBNAILS.ARC,CAREER_CHEVY_9,paint_scheme_preview,256,256,DXT5,65536,4592824,0xF091778,5906859,1,,,
0,BASESCHEMETHUMBNAILS.ARC,CAREER_CHEVY_4,paint_scheme_preview,256,256,DXT5,65536,4658392,0xF091778,5906859,1,,,
0,BASESCHEMETHUMBNAILS.ARC,CAREER_CHEVY_5,paint_scheme_preview,256,256,DXT5,65536,4723960,0xF091778,5906859,1,,,
0,BASESCHEMETHUMBNAILS.ARC,CAREER_CHEVY_6,paint_scheme_preview,256,256,DXT5,65536,4789528,0xF091778,5906859,1,,,
0,BASESCHEMETHUMBNAILS.ARC,CAREER_CHEVY_7,paint_scheme_preview,256,256,DXT5,65536,4855096,0xF091778,5906859,1,,,
0,BASESCHEMETHUMBNAILS.ARC,CAREER_TOYOTA_10,paint_scheme_preview,256,256,DXT5,65536,4920664,0xF091778,5906859,1,,,
0,BASESCHEMETHUMBNAILS.ARC,CAREER_CHEVY_1,paint_scheme_preview,256,256,DXT5,65536,4986232,0xF091778,5906859,1,,,
0,BASESCHEMETHUMBNAILS.ARC,CAREER_CHEVY_2,paint_scheme_preview,256,256,DXT5,65536,5051800,0xF091778,5906859,1,,,
0,BASESCHEMETHUMBNAILS.ARC,CAREER_CHEVY_3,paint_scheme_preview,256,256,DXT5,65536,5117368,0xF091778,5906859,1,,,
0,BASESCHEMETHUMBNAILS.ARC,CAREER_TOYOTA_12,paint_scheme_preview,256,256,DXT5,65536,5182936,0xF091778,5906859,1,,,
0,BASESCHEMETHUMBNAILS.ARC,CAREER_TOYOTA_13,paint_scheme_preview,256,256,DXT5,65536,5248504,0xF091778,5906859,1,,,
0,BASESCHEMETHUMBNAILS.ARC,CAREER_TOYOTA_6,paint_scheme_preview,256,256,DXT5,65536,5314072,0xF091778,5906859,1,,,
0,BASESCHEMETHUMBNAILS.ARC,6l,paint_scheme_preview,256,256,DXT5,65536,5379640,0xF091778,5906859,1,,,
0,BASESCHEMETHUMBNAILS.ARC,CAREER_TOYOTA_4,paint_scheme_preview,256,256,DXT5,65536,5445208,0xF091778,5906859,1,,,
0,BASESCHEMETHUMBNAILS.ARC,CAREER_TOYOTA_5,paint_scheme_preview,256,256,DXT5,65536,5510776,0xF091778,5906859,1,,,
0,BASESCHEMETHUMBNAILS.ARC,CAREER_TOYOTA_2,paint_scheme_preview,256,256,DXT5,65536,5576344,0xF091778,5906859,1,,,
0,BASESCHEMETHUMBNAILS.ARC,CAREER_TOYOTA_3,paint_scheme_preview,256,256,DXT5,65536,5641912,0xF091778,5906859,1,,,
0,BASESCHEMETHUMBNAILS.ARC,CAREER_TOYOTA_1,paint_scheme_preview,256,256,DXT5,65536,5707480,0xF091778,5906859,1,,,
0,BASESCHEMETHUMBNAILS.ARC,CAREER_TOYOTA_8,paint_scheme_preview,256,256,DXT5,65536,5773048,0xF091778,5906859,1,,,
0,BASESCHEMETHUMBNAILS.ARC,CAREER_TOYOTA_9,paint_scheme_preview,256,256,DXT5,65536,5838616,0xF091778,5906859,1,,,
0,2DRIVERSELECTMENUIMAGE.ARC,mk,team_logos,256,256,DXT5,65536,952,0xF633928,1575138,1,,,
0,2DRIVERSELECTMENUIMAGE.ARC,TEAM_1325,team_logos,256,256,DXT5,65536,66520,0xF633928,1575138,1,,,
0,2DRIVERSELECTMENUIMAGE.ARC,TEAM_1335,team_logos,256,256,DXT5,65536,132088,0xF633928,1575138,1,,,
0,2DRIVERSELECTMENUIMAGE.ARC,TEAM_1355,team_logos,256,256,DXT5,65536,197656,0xF633928,1575138,1,,,
0,2DRIVERSELECTMENUIMAGE.ARC,TEAM_1340,team_logos,256,256,DXT5,65536,263224,0xF633928,1575138,1,,,
0,2DRIVERSELECTMENUIMAGE.ARC,ms,team_logos,256,256,DXT5,65536,328792,0xF633928,1575138,1,,,
0,2DRIVERSELECTMENUIMAGE.ARC,TEAM_5762,team_logos,256,256,DXT5,65536,394360,0xF633928,1575138,1,,,
0,2DRIVERSELECTMENUIMAGE.ARC,TEAM_1341,team_logos,256,256,DXT5,65536,459928,0xF633928,1575138,1,,,
0,2DRIVERSELECTMENUIMAGE.ARC,TEAM_10518,team_logos,256,256,DXT5,65536,525496,0xF633928,1575138,1,,,
0,2DRIVERSELECTMENUIMAGE.ARC,TEAM_11444,team_logos,256,256,DXT5,65536,591064,0xF633928,1575138,1,,,
0,2DRIVERSELECTMENUIMAGE.ARC,TEAM_1354,team_logos,256,256,DXT5,65536,656632,0xF633928,1575138,1,,,
0,2DRIVERSELECTMENUIMAGE.ARC,TEAM_25381,team_logos,256,256,DXT5,65536,722200,0xF633928,1575138,1,,,
0,2DRIVERSELECTMENUIMAGE.ARC,TEAM_1336,team_logos,256,256,DXT5,65536,787768,0xF633928,1575138,1,,,
0,2DRIVERSELECTMENUIMAGE.ARC,TEAM_1352,team_logos,256,256,DXT5,65536,853336,0xF633928,1575138,1,,,
0,2DRIVERSELECTMENUIMAGE.ARC,TEAM_1331,team_logos,256,256,DXT5,65536,918904,0xF633928,1575138,1,,,
0,2DRIVERSELECTMENUIMAGE.ARC,TEAM_2495,team_logos,256,256,DXT5,65536,984472,0xF633928,1575138,1,,,
0,2DRIVERSELECTMENUIMAGE.ARC,TEAM_1351,team_logos,256,256,DXT5,65536,1050040,0xF633928,1575138,1,,,
0,2DRIVERSELECTMENUIMAGE.ARC,TEAM_1349,team_logos,256,256,DXT5,65536,1115608,0xF633928,1575138,1,,,
0,2DRIVERSELECTMENUIMAGE.ARC,TEAM_1326,team_logos,256,256,DXT5,65536,1181176,0xF633928,1575138,1,,,
0,2DRIVERSELECTMENUIMAGE.ARC,TEAM_8739,team_logos,256,256,DXT5,65536,1246744,0xF633928,1575138,1,,,
0,2DRIVERSELECTMENUIMAGE.ARC,mk__r41,team_logos,256,256,DXT5,65536,1312312,0xF633928,1575138,1,,,
0,2DRIVERSELECTMENUIMAGE.ARC,CUSTOM,team_logos,256,256,DXT5,65536,1377880,0xF633928,1575138,1,,,
0,2DRIVERSELECTMENUIMAGE.ARC,PAINTSCHEME_CAREERCAR,team_logos,256,256,DXT5,65536,1443448,0xF633928,1575138,1,,,
0,2DRIVERSELECTMENUIMAGE.ARC,PAINTSCHEME_RESTRICTED,team_logos,256,256,DXT5,65536,1509016,0xF633928,1575138,1,,,
0,TRACKDETAILIMAGES.ARC,WORLD_ALL,track_select,1024,256,DXT5,262144,1240,0xF7B4210,8522760,1,,,
0,TRACKDETAILIMAGES.ARC,WORLD_12290,track_select,1024,256,DXT5,262144,263416,0xF7B4210,8522760,1,,,
0,TRACKDETAILIMAGES.ARC,WORLD_5407,track_select,1024,256,DXT5,262144,525592,0xF7B4210,8522760,1,,,
0,TRACKDETAILIMAGES.ARC,WORLD_5415,track_select,1024,256,DXT5,262144,787768,0xF7B4210,8522760,1,,,
0,TRACKDETAILIMAGES.ARC,WORLD_5418,track_select,1024,256,DXT5,262144,1049944,0xF7B4210,8522760,1,,,
0,TRACKDETAILIMAGES.ARC,WORLD_1859,track_select,1024,256,DXT5,262144,1312120,0xF7B4210,8522760,1,,,
0,TRACKDETAILIMAGES.ARC,WORLD_2631,track_select,1024,256,DXT5,262144,1574296,0xF7B4210,8522760,1,,,
0,TRACKDETAILIMAGES.ARC,WORLD_1628,track_select,1024,256,DXT5,262144,1836472,0xF7B4210,8522760,1,,,
0,TRACKDETAILIMAGES.ARC,WORLD_1632,track_select,1024,256,DXT5,262144,2098648,0xF7B4210,8522760,1,,,
0,TRACKDETAILIMAGES.ARC,WORLD_1636,track_select,1024,256,DXT5,262144,2360824,0xF7B4210,8522760,1,,,
0,TRACKDETAILIMAGES.ARC,WORLD_1658,track_select,1024,256,DXT5,262144,2623000,0xF7B4210,8522760,1,,,
0,TRACKDETAILIMAGES.ARC,WORLD_1670,track_select,1024,256,DXT5,262144,2885176,0xF7B4210,8522760,1,,,
0,TRACKDETAILIMAGES.ARC,WORLD_2439,track_select,1024,256,DXT5,262144,3147352,0xF7B4210,8522760,1,,,
0,TRACKDETAILIMAGES.ARC,WORLD_1250,track_select,1024,256,DXT5,262144,3409528,0xF7B4210,8522760,1,,,
0,TRACKDETAILIMAGES.ARC,WORLD_22671,track_select,1024,256,DXT5,262144,3671704,0xF7B4210,8522760,1,,,
0,TRACKDETAILIMAGES.ARC,WORLD_1690,track_select,1024,256,DXT5,262144,3933880,0xF7B4210,8522760,1,,,
0,TRACKDETAILIMAGES.ARC,WORLD_1181,track_select,1024,256,DXT5,262144,4196056,0xF7B4210,8522760,1,,,
0,TRACKDETAILIMAGES.ARC,WORLD_1187,track_select,1024,256,DXT5,262144,4458232,0xF7B4210,8522760,1,,,
0,TRACKDETAILIMAGES.ARC,WORLD_1198,track_select,1024,256,DXT5,262144,4720408,0xF7B4210,8522760,1,,,
0,TRACKDETAILIMAGES.ARC,WORLD_1459,track_select,1024,256,DXT5,262144,4982584,0xF7B4210,8522760,1,,,
0,TRACKDETAILIMAGES.ARC,WORLD_1212,track_select,1024,256,DXT5,262144,5244760,0xF7B4210,8522760,1,,,
0,TRACKDETAILIMAGES.ARC,WORLD_1222,track_select,1024,256,DXT5,262144,5506936,0xF7B4210,8522760,1,,,
0,TRACKDETAILIMAGES.ARC,WORLD_1225,track_select,1024,256,DXT1,131072,5769112,0xF7B4210,8522760,1,,,
0,TRACKDETAILIMAGES.ARC,WORLD_12748,track_select,1024,256,DXT5,262144,5900216,0xF7B4210,8522760,1,,,
0,TRACKDETAILIMAGES.ARC,WORLD_1529,track_select,1024,256,DXT5,262144,6162392,0xF7B4210,8522760,1,,,
0,TRACKDETAILIMAGES.ARC,WORLD_2777,track_select,1024,256,DXT5,262144,6424568,0xF7B4210,8522760,1,,,
0,TRACKDETAILIMAGES.ARC,WORLD_2523,track_select,1024,256,DXT5,262144,6686744,0xF7B4210,8522760,1,,,
0,TRACKDETAILIMAGES.ARC,WORLD_2527,track_select,1024,256,DXT5,262144,6948920,0xF7B4210,8522760,1,,,
0,TRACKDETAILIMAGES.ARC,WORLD_11232,track_select,1024,256,DXT5,262144,7211096,0xF7B4210,8522760,1,,,
0,TRACKDETAILIMAGES.ARC,WORLD_1762,track_select,1024,256,DXT5,262144,7473272,0xF7B4210,8522760,1,,,
0,TRACKDETAILIMAGES.ARC,WORLD_5349,track_select,1024,256,DXT5,262144,7735448,0xF7B4210,8522760,1,,,
0,TRACKDETAILIMAGES.ARC,WORLD_11242,track_select,1024,256,DXT5,262144,7997624,0xF7B4210,8522760,1,,,
0,TRACKDETAILIMAGES.ARC,WORLD_9726,track_select,1024,256,DXT5,262144,8259800,0xF7B4210,8522760,1,,,
0,MAP_LASVEGASCR000.ARC,IMG_MAP,track_logos_maps,256,156,DXT5,65536,344,0x10437040,82542,1,,,
0,MAP_LASVEGASCR000.ARC,IMG_BLIP_PLAYER,track_logos_maps,32,32,DXT5,4096,65912,0x10437040,82542,1,,,
0,MAP_LASVEGASCR000.ARC,IMG_BLIP_FIRST,track_logos_maps,32,32,DXT5,4096,70040,0x10437040,82542,1,,,
0,MAP_LASVEGASCR000.ARC,IMG_BLIP_OTHERS,track_logos_maps,32,32,DXT5,4096,74168,0x10437040,82542,1,,,
0,MAP_LASVEGASCR000.ARC,IMG_ARROW,track_logos_maps,32,32,DXT5,4096,78296,0x10437040,82542,1,,,
0,MAP_NEWHAMPSHIRECR000.ARC,IMG_MAP,track_logos_maps,256,107,FMT_0x15,131072,344,0x1046F520,148078,0,,,Unsupported resource format FMT_0x15; raw export only
0,MAP_NEWHAMPSHIRECR000.ARC,IMG_BLIP_PLAYER,track_logos_maps,32,32,DXT5,4096,131448,0x1046F520,148078,1,,,
0,MAP_NEWHAMPSHIRECR000.ARC,IMG_BLIP_FIRST,track_logos_maps,32,32,DXT5,4096,135576,0x1046F520,148078,1,,,
0,MAP_NEWHAMPSHIRECR000.ARC,IMG_BLIP_OTHERS,track_logos_maps,32,32,DXT5,4096,139704,0x1046F520,148078,1,,,
0,MAP_NEWHAMPSHIRECR000.ARC,IMG_ARROW,track_logos_maps,32,32,DXT5,4096,143832,0x1046F520,148078,1,,,
0,MAP_KANSASCR000.ARC,IMG_MAP,track_logos_maps,256,159,FMT_0x15,163840,344,0x10493790,180846,0,,,Unsupported resource format FMT_0x15; raw export only
0,MAP_KANSASCR000.ARC,IMG_BLIP_PLAYER,track_logos_maps,32,32,DXT5,4096,164216,0x10493790,180846,1,,,
0,MAP_KANSASCR000.ARC,IMG_BLIP_FIRST,track_logos_maps,32,32,DXT5,4096,168344,0x10493790,180846,1,,,
0,MAP_KANSASCR000.ARC,IMG_BLIP_OTHERS,track_logos_maps,32,32,DXT5,4096,172472,0x10493790,180846,1,,,
0,MAP_KANSASCR000.ARC,IMG_ARROW,track_logos_maps,32,32,DXT5,4096,176600,0x10493790,180846,1,,,
0,MAP_MICHIGANCR000.ARC,IMG_MAP,track_logos_maps,256,127,FMT_0x15,131072,344,0x104BFA00,148078,0,,,Unsupported resource format FMT_0x15; raw export only
0,MAP_MICHIGANCR000.ARC,IMG_BLIP_PLAYER,track_logos_maps,32,32,DXT5,4096,131448,0x104BFA00,148078,1,,,
0,MAP_MICHIGANCR000.ARC,IMG_BLIP_FIRST,track_logos_maps,32,32,DXT5,4096,135576,0x104BFA00,148078,1,,,
0,MAP_MICHIGANCR000.ARC,IMG_BLIP_OTHERS,track_logos_maps,32,32,DXT5,4096,139704,0x104BFA00,148078,1,,,
0,MAP_MICHIGANCR000.ARC,IMG_ARROW,track_logos_maps,32,32,DXT5,4096,143832,0x104BFA00,148078,1,,,
0,MAP_PHOENIXCR000.ARC,IMG_MAP,track_logos_maps,256,148,DXT5,65536,344,0x104E3C70,82542,1,,,
0,MAP_PHOENIXCR000.ARC,IMG_BLIP_PLAYER,track_logos_maps,32,32,DXT5,4096,65912,0x104E3C70,82542,1,,,
0,MAP_PHOENIXCR000.ARC,IMG_BLIP_FIRST,track_logos_maps,32,32,DXT5,4096,70040,0x104E3C70,82542,1,,,
0,MAP_PHOENIXCR000.ARC,IMG_BLIP_OTHERS,track_logos_maps,32,32,DXT5,4096,74168,0x104E3C70,82542,1,,,
0,MAP_PHOENIXCR000.ARC,IMG_ARROW,track_logos_maps,32,32,DXT5,4096,78296,0x104E3C70,82542,1,,,
0,MAP_ATLANTACR000.ARC,IMG_MAP,track_logos_maps,256,141,FMT_0x15,163840,344,0x104F7EE0,180846,0,,,Unsupported resource format FMT_0x15; raw export only
0,MAP_ATLANTACR000.ARC,IMG_BLIP_PLAYER,track_logos_maps,32,32,DXT5,4096,164216,0x104F7EE0,180846,1,,,
0,MAP_ATLANTACR000.ARC,IMG_BLIP_FIRST,track_logos_maps,32,32,DXT5,4096,168344,0x104F7EE0,180846,1,,,
0,MAP_ATLANTACR000.ARC,IMG_BLIP_OTHERS,track_logos_maps,32,32,DXT5,4096,172472,0x104F7EE0,180846,1,,,
0,MAP_ATLANTACR000.ARC,IMG_ARROW,track_logos_maps,32,32,DXT5,4096,176600,0x104F7EE0,180846,1,,,
0,MAP_BRISTOLCR000.ARC,IMG_MAP,track_logos_maps,256,152,DXT5,65536,344,0x105483C0,82542,1,,,
0,MAP_BRISTOLCR000.ARC,IMG_BLIP_PLAYER,track_logos_maps,32,32,DXT5,4096,65912,0x105483C0,82542,1,,,
0,MAP_BRISTOLCR000.ARC,IMG_BLIP_FIRST,track_logos_maps,32,32,DXT5,4096,70040,0x105483C0,82542,1,,,
0,MAP_BRISTOLCR000.ARC,IMG_BLIP_OTHERS,track_logos_maps,32,32,DXT5,4096,74168,0x105483C0,82542,1,,,
0,MAP_BRISTOLCR000.ARC,IMG_ARROW,track_logos_maps,32,32,DXT5,4096,78296,0x105483C0,82542,1,,,
0,MAP_DOVERCR000.ARC,IMG_MAP,track_logos_maps,256,131,FMT_0x15,163840,344,0x1055C630,180846,0,,,Unsupported resource format FMT_0x15; raw export only
0,MAP_DOVERCR000.ARC,IMG_BLIP_PLAYER,track_logos_maps,32,32,DXT5,4096,164216,0x1055C630,180846,1,,,
0,MAP_DOVERCR000.ARC,IMG_BLIP_FIRST,track_logos_maps,32,32,DXT5,4096,168344,0x1055C630,180846,1,,,
0,MAP_DOVERCR000.ARC,IMG_BLIP_OTHERS,track_logos_maps,32,32,DXT5,4096,172472,0x1055C630,180846,1,,,
0,MAP_DOVERCR000.ARC,IMG_ARROW,track_logos_maps,32,32,DXT5,4096,176600,0x1055C630,180846,1,,,
0,MAP_WATKINSGLENCR000.ARC,IMG_MAP,track_logos_maps,256,130,FMT_0x15,163840,344,0x105888A0,180846,0,,,Unsupported resource format FMT_0x15; raw export only
0,MAP_WATKINSGLENCR000.ARC,IMG_BLIP_PLAYER,track_logos_maps,32,32,DXT5,4096,164216,0x105888A0,180846,1,,,
0,MAP_WATKINSGLENCR000.ARC,IMG_BLIP_FIRST,track_logos_maps,32,32,DXT5,4096,168344,0x105888A0,180846,1,,,
0,MAP_WATKINSGLENCR000.ARC,IMG_BLIP_OTHERS,track_logos_maps,32,32,DXT5,4096,172472,0x105888A0,180846,1,,,
0,MAP_WATKINSGLENCR000.ARC,IMG_ARROW,track_logos_maps,32,32,DXT5,4096,176600,0x105888A0,180846,1,,,
0,MAP_RICHMONDCR000.ARC,IMG_MAP,track_logos_maps,256,142,FMT_0x15,163840,344,0x105D8D80,180846,0,,,Unsupported resource format FMT_0x15; raw export only
0,MAP_RICHMONDCR000.ARC,IMG_BLIP_PLAYER,track_logos_maps,32,32,DXT5,4096,164216,0x105D8D80,180846,1,,,
0,MAP_RICHMONDCR000.ARC,IMG_BLIP_FIRST,track_logos_maps,32,32,DXT5,4096,168344,0x105D8D80,180846,1,,,
0,MAP_RICHMONDCR000.ARC,IMG_BLIP_OTHERS,track_logos_maps,32,32,DXT5,4096,172472,0x105D8D80,180846,1,,,
0,MAP_RICHMONDCR000.ARC,IMG_ARROW,track_logos_maps,32,32,DXT5,4096,176600,0x105D8D80,180846,1,,,
0,MAP_MARTINSVILLECR000.ARC,IMG_MAP,track_logos_maps,256,107,FMT_0x15,131072,344,0x10619260,148078,0,,,Unsupported resource format FMT_0x15; raw export only
0,MAP_MARTINSVILLECR000.ARC,IMG_BLIP_PLAYER,track_logos_maps,32,32,DXT5,4096,131448,0x10619260,148078,1,,,
0,MAP_MARTINSVILLECR000.ARC,IMG_BLIP_FIRST,track_logos_maps,32,32,DXT5,4096,135576,0x10619260,148078,1,,,
0,MAP_MARTINSVILLECR000.ARC,IMG_BLIP_OTHERS,track_logos_maps,32,32,DXT5,4096,139704,0x10619260,148078,1,,,
0,MAP_MARTINSVILLECR000.ARC,IMG_ARROW,track_logos_maps,32,32,DXT5,4096,143832,0x10619260,148078,1,,,
0,MAP_DAYTONACR000.ARC,IMG_MAP,track_logos_maps,256,133,FMT_0x15,163840,344,0x1063D4D0,180846,0,,,Unsupported resource format FMT_0x15; raw export only
0,MAP_DAYTONACR000.ARC,IMG_BLIP_PLAYER,track_logos_maps,32,32,DXT5,4096,164216,0x1063D4D0,180846,1,,,
0,MAP_DAYTONACR000.ARC,IMG_BLIP_FIRST,track_logos_maps,32,32,DXT5,4096,168344,0x1063D4D0,180846,1,,,
0,MAP_DAYTONACR000.ARC,IMG_BLIP_OTHERS,track_logos_maps,32,32,DXT5,4096,172472,0x1063D4D0,180846,1,,,
0,MAP_DAYTONACR000.ARC,IMG_ARROW,track_logos_maps,32,32,DXT5,4096,176600,0x1063D4D0,180846,1,,,
0,MAP_HOMESTEADCR000.ARC,IMG_MAP,track_logos_maps,256,120,DXT5,32768,344,0x10669740,49774,1,,,
0,MAP_HOMESTEADCR000.ARC,IMG_BLIP_PLAYER,track_logos_maps,32,32,DXT5,4096,33144,0x10669740,49774,1,,,
0,MAP_HOMESTEADCR000.ARC,IMG_BLIP_FIRST,track_logos_maps,32,32,DXT5,4096,37272,0x10669740,49774,1,,,
0,MAP_HOMESTEADCR000.ARC,IMG_BLIP_OTHERS,track_logos_maps,32,32,DXT5,4096,41400,0x10669740,49774,1,,,
0,MAP_HOMESTEADCR000.ARC,IMG_ARROW,track_logos_maps,32,32,DXT5,4096,45528,0x10669740,49774,1,,,
0,MAP_POCONOCR000.ARC,IMG_MAP,track_logos_maps,256,153,FMT_0x15,163840,344,0x106759B0,180846,0,,,Unsupported resource format FMT_0x15; raw export only
0,MAP_POCONOCR000.ARC,IMG_BLIP_PLAYER,track_logos_maps,32,32,DXT5,4096,164216,0x106759B0,180846,1,,,
0,MAP_POCONOCR000.ARC,IMG_BLIP_FIRST,track_logos_maps,32,32,DXT5,4096,168344,0x106759B0,180846,1,,,
0,MAP_POCONOCR000.ARC,IMG_BLIP_OTHERS,track_logos_maps,32,32,DXT5,4096,172472,0x106759B0,180846,1,,,
0,MAP_POCONOCR000.ARC,IMG_ARROW,track_logos_maps,32,32,DXT5,4096,176600,0x106759B0,180846,1,,,
0,MAP_TALLADEGACR000.ARC,IMG_MAP,track_logos_maps,256,133,FMT_0x15,163840,344,0x106DA100,180846,0,,,Unsupported resource format FMT_0x15; raw export only
0,MAP_TALLADEGACR000.ARC,IMG_BLIP_PLAYER,track_logos_maps,32,32,DXT5,4096,164216,0x106DA100,180846,1,,,
0,MAP_TALLADEGACR000.ARC,IMG_BLIP_FIRST,track_logos_maps,32,32,DXT5,4096,168344,0x106DA100,180846,1,,,
0,MAP_TALLADEGACR000.ARC,IMG_BLIP_OTHERS,track_logos_maps,32,32,DXT5,4096,172472,0x106DA100,180846,1,,,
0,MAP_TALLADEGACR000.ARC,IMG_ARROW,track_logos_maps,32,32,DXT5,4096,176600,0x106DA100,180846,1,,,
0,MAP_CHICAGOLANDCR000.ARC,IMG_MAP,track_logos_maps,256,165,FMT_0x15,196608,344,0x10706370,213614,0,,,Unsupported resource format FMT_0x15; raw export only
0,MAP_CHICAGOLANDCR000.ARC,IMG_BLIP_PLAYER,track_logos_maps,32,32,DXT5,4096,196984,0x10706370,213614,1,,,
0,MAP_CHICAGOLANDCR000.ARC,IMG_BLIP_FIRST,track_logos_maps,32,32,DXT5,4096,201112,0x10706370,213614,1,,,
0,MAP_CHICAGOLANDCR000.ARC,IMG_BLIP_OTHERS,track_logos_maps,32,32,DXT5,4096,205240,0x10706370,213614,1,,,
0,MAP_CHICAGOLANDCR000.ARC,IMG_ARROW,track_logos_maps,32,32,DXT5,4096,209368,0x10706370,213614,1,,,
0,MAP_TEXASCR000.ARC,IMG_MAP,track_logos_maps,256,148,DXT5,65536,344,0x1073A5E0,82542,1,,,
0,MAP_TEXASCR000.ARC,IMG_BLIP_PLAYER,track_logos_maps,32,32,DXT5,4096,65912,0x1073A5E0,82542,1,,,
0,MAP_TEXASCR000.ARC,IMG_BLIP_FIRST,track_logos_maps,32,32,DXT5,4096,70040,0x1073A5E0,82542,1,,,
0,MAP_TEXASCR000.ARC,IMG_BLIP_OTHERS,track_logos_maps,32,32,DXT5,4096,74168,0x1073A5E0,82542,1,,,
0,MAP_TEXASCR000.ARC,IMG_ARROW,track_logos_maps,32,32,DXT5,4096,78296,0x1073A5E0,82542,1,,,
0,TRACK_FACTS_IMG_12290.ARC,TrackFactsIcon,track_select,512,256,DXT5,131072,248,0x10872318,393572,1,,,
0,TRACK_FACTS_IMG_12290.ARC,TrackFactsTrackImg,track_select,512,512,DXT5,262144,131352,0x10872318,393572,1,,,
0,TRACK_FACTS_IMG_5403.ARC,TrackFactsIcon,track_select,512,256,DXT5,131072,248,0x108D2480,393572,1,,,
0,TRACK_FACTS_IMG_5403.ARC,TrackFactsTrackImg,track_select,512,512,DXT5,262144,131352,0x108D2480,393572,1,,,
0,TRACK_FACTS_IMG_5407.ARC,TrackFactsIcon,track_select,512,256,DXT5,131072,248,0x109325E8,393572,1,,,
0,TRACK_FACTS_IMG_5407.ARC,TrackFactsTrackImg,track_select,512,512,DXT5,262144,131352,0x109325E8,393572,1,,,
0,TRACK_FACTS_IMG_5415.ARC,TrackFactsIcon,track_select,512,256,DXT5,131072,248,0x10992750,393572,1,,,
0,TRACK_FACTS_IMG_5415.ARC,TrackFactsTrackImg,track_select,512,512,DXT5,262144,131352,0x10992750,393572,1,,,
0,TRACK_FACTS_IMG_24873.ARC,TrackFactsIcon,track_select,512,256,DXT5,131072,248,0x109F28B8,393572,1,,,
0,TRACK_FACTS_IMG_24873.ARC,TrackFactsTrackImg,track_select,512,512,DXT5,262144,131352,0x109F28B8,393572,1,,,
0,TRACK_FACTS_IMG_5418.ARC,TrackFactsIcon,track_select,512,256,DXT5,131072,248,0x10A52A20,393572,1,,,
0,TRACK_FACTS_IMG_5418.ARC,TrackFactsTrackImg,track_select,512,512,DXT5,262144,131352,0x10A52A20,393572,1,,,
0,TRACK_FACTS_IMG_24875.ARC,TrackFactsIcon,track_select,512,256,DXT5,131072,248,0x10AB2B88,393572,1,,,
0,TRACK_FACTS_IMG_24875.ARC,TrackFactsTrackImg,track_select,512,512,DXT5,262144,131352,0x10AB2B88,393572,1,,,
0,TRACK_FACTS_IMG_24544.ARC,TrackFactsIcon,track_select,512,256,DXT5,131072,248,0x10B12CF0,393572,1,,,
0,TRACK_FACTS_IMG_24544.ARC,TrackFactsTrackImg,track_select,512,512,DXT5,262144,131352,0x10B12CF0,393572,1,,,
0,TRACK_FACTS_IMG_1859.ARC,TrackFactsIcon,track_select,512,256,DXT5,131072,248,0x10B72E58,393572,1,,,
0,TRACK_FACTS_IMG_1859.ARC,TrackFactsTrackImg,track_select,512,512,DXT5,262144,131352,0x10B72E58,393572,1,,,
0,TRACK_FACTS_IMG_2631.ARC,TrackFactsIcon,track_select,512,256,DXT5,131072,248,0x10BD2FC0,393572,1,,,
0,TRACK_FACTS_IMG_2631.ARC,TrackFactsTrackImg,track_select,512,512,DXT5,262144,131352,0x10BD2FC0,393572,1,,,
0,TRACK_FACTS_IMG_24546.ARC,TrackFactsIcon,track_select,512,256,DXT5,131072,248,0x10C33128,393572,1,,,
0,TRACK_FACTS_IMG_24546.ARC,TrackFactsTrackImg,track_select,512,512,DXT5,262144,131352,0x10C33128,393572,1,,,
0,TRACK_FACTS_IMG_1628.ARC,TrackFactsIcon,track_select,512,256,DXT5,131072,248,0x10C93290,393572,1,,,
0,TRACK_FACTS_IMG_1628.ARC,TrackFactsTrackImg,track_select,512,512,DXT5,262144,131352,0x10C93290,393572,1,,,
0,TRACK_FACTS_IMG_1632.ARC,TrackFactsIcon,track_select,512,256,DXT5,131072,248,0x10CF33F8,393572,1,,,
0,TRACK_FACTS_IMG_1632.ARC,TrackFactsTrackImg,track_select,512,512,DXT5,262144,131352,0x10CF33F8,393572,1,,,
0,TRACK_FACTS_IMG_1636.ARC,TrackFactsIcon,track_select,512,256,DXT5,131072,248,0x10D53560,393572,1,,,
0,TRACK_FACTS_IMG_1636.ARC,TrackFactsTrackImg,track_select,512,512,DXT5,262144,131352,0x10D53560,393572,1,,,
0,TRACK_FACTS_IMG_1658.ARC,TrackFactsIcon,track_select,512,256,DXT5,131072,248,0x10DB36C8,393572,1,,,
0,TRACK_FACTS_IMG_1658.ARC,TrackFactsTrackImg,track_select,512,512,DXT5,262144,131352,0x10DB36C8,393572,1,,,
0,TRACK_FACTS_IMG_24704.ARC,TrackFactsIcon,track_select,512,256,DXT5,131072,248,0x10E13830,393572,1,,,
0,TRACK_FACTS_IMG_24704.ARC,TrackFactsTrackImg,track_select,512,512,DXT5,262144,131352,0x10E13830,393572,1,,,
0,TRACK_FACTS_IMG_1670.ARC,TrackFactsIcon,track_select,512,256,DXT5,131072,248,0x10E73998,393572,1,,,
0,TRACK_FACTS_IMG_1670.ARC,TrackFactsTrackImg,track_select,512,512,DXT5,262144,131352,0x10E73998,393572,1,,,
0,TRACK_FACTS_IMG_2439.ARC,TrackFactsIcon,track_select,512,256,DXT5,131072,248,0x10ED3B00,393572,1,,,
0,TRACK_FACTS_IMG_2439.ARC,TrackFactsTrackImg,track_select,512,512,DXT5,262144,131352,0x10ED3B00,393572,1,,,
0,TRACK_FACTS_IMG_1250.ARC,TrackFactsIcon,track_select,512,256,DXT5,131072,248,0x10F33C68,393572,1,,,
0,TRACK_FACTS_IMG_1250.ARC,TrackFactsTrackImg,track_select,512,512,DXT5,262144,131352,0x10F33C68,393572,1,,,
0,TRACK_FACTS_IMG_22671.ARC,TrackFactsIcon,track_select,512,256,DXT5,131072,248,0x10F93DD0,393572,1,,,
0,TRACK_FACTS_IMG_22671.ARC,TrackFactsTrackImg,track_select,512,512,DXT5,262144,131352,0x10F93DD0,393572,1,,,
0,TRACK_FACTS_IMG_24724.ARC,TrackFactsIcon,track_select,512,256,DXT5,131072,248,0x10FF3F38,393572,1,,,
0,TRACK_FACTS_IMG_24724.ARC,TrackFactsTrackImg,track_select,512,512,DXT5,262144,131352,0x10FF3F38,393572,1,,,
0,TRACK_FACTS_IMG_24726.ARC,TrackFactsIcon,track_select,512,256,DXT5,131072,248,0x110540A0,393572,1,,,
0,TRACK_FACTS_IMG_24726.ARC,TrackFactsTrackImg,track_select,512,512,DXT5,262144,131352,0x110540A0,393572,1,,,
0,TRACK_FACTS_IMG_24728.ARC,TrackFactsIcon,track_select,512,256,DXT5,131072,248,0x110B4208,393572,1,,,
0,TRACK_FACTS_IMG_24728.ARC,TrackFactsTrackImg,track_select,512,512,DXT5,262144,131352,0x110B4208,393572,1,,,
0,TRACK_FACTS_IMG_1690.ARC,TrackFactsIcon,track_select,512,256,DXT5,131072,248,0x11114370,393572,1,,,
0,TRACK_FACTS_IMG_1690.ARC,TrackFactsTrackImg,track_select,512,512,DXT5,262144,131352,0x11114370,393572,1,,,
0,TRACK_FACTS_IMG_1181.ARC,TrackFactsIcon,track_select,512,256,DXT5,131072,248,0x111744D8,393572,1,,,
0,TRACK_FACTS_IMG_1181.ARC,TrackFactsTrackImg,track_select,512,512,DXT5,262144,131352,0x111744D8,393572,1,,,
0,TRACK_FACTS_IMG_1187.ARC,TrackFactsIcon,track_select,512,256,DXT5,131072,248,0x111D4640,393572,1,,,
0,TRACK_FACTS_IMG_1187.ARC,TrackFactsTrackImg,track_select,512,512,DXT5,262144,131352,0x111D4640,393572,1,,,
0,TRACK_FACTS_IMG_1198.ARC,TrackFactsIcon,track_select,512,256,DXT5,131072,248,0x112347A8,393572,1,,,
0,TRACK_FACTS_IMG_1198.ARC,TrackFactsTrackImg,track_select,512,512,DXT5,262144,131352,0x112347A8,393572,1,,,
0,TRACK_FACTS_IMG_24777.ARC,TrackFactsIcon,track_select,512,256,DXT5,131072,248,0x11294910,393572,1,,,
0,TRACK_FACTS_IMG_24777.ARC,TrackFactsTrackImg,track_select,512,512,DXT5,262144,131352,0x11294910,393572,1,,,
0,TRACK_FACTS_IMG_1459.ARC,TrackFactsIcon,track_select,512,256,DXT5,131072,248,0x112F4A78,393572,1,,,
0,TRACK_FACTS_IMG_1459.ARC,TrackFactsTrackImg,track_select,512,512,DXT5,262144,131352,0x112F4A78,393572,1,,,
0,TRACK_FACTS_IMG_1212.ARC,TrackFactsIcon,track_select,512,256,DXT5,131072,248,0x11354BE0,393572,1,,,
0,TRACK_FACTS_IMG_1212.ARC,TrackFactsTrackImg,track_select,512,512,DXT5,262144,131352,0x11354BE0,393572,1,,,
0,TRACK_FACTS_IMG_1222.ARC,TrackFactsIcon,track_select,512,256,DXT5,131072,248,0x113B4D48,393572,1,,,
0,TRACK_FACTS_IMG_1222.ARC,TrackFactsTrackImg,track_select,512,512,DXT5,262144,131352,0x113B4D48,393572,1,,,
0,TRACK_FACTS_IMG_24775.ARC,TrackFactsIcon,track_select,512,256,DXT5,131072,248,0x11414EB0,393572,1,,,
0,TRACK_FACTS_IMG_24775.ARC,TrackFactsTrackImg,track_select,512,512,DXT5,262144,131352,0x11414EB0,393572,1,,,
0,TRACK_FACTS_IMG_1225.ARC,TrackFactsIcon,track_select,512,256,DXT5,131072,248,0x11475018,393572,1,,,
0,TRACK_FACTS_IMG_1225.ARC,TrackFactsTrackImg,track_select,512,512,DXT5,262144,131352,0x11475018,393572,1,,,
0,TRACK_FACTS_IMG_24779.ARC,TrackFactsIcon,track_select,512,256,DXT5,131072,248,0x114D5180,393572,1,,,
0,TRACK_FACTS_IMG_24779.ARC,TrackFactsTrackImg,track_select,512,512,DXT5,262144,131352,0x114D5180,393572,1,,,
0,TRACK_FACTS_IMG_12748.ARC,TrackFactsIcon,track_select,512,256,DXT5,131072,248,0x115352E8,393572,1,,,
0,TRACK_FACTS_IMG_12748.ARC,TrackFactsTrackImg,track_select,512,512,DXT5,262144,131352,0x115352E8,393572,1,,,
0,TRACK_FACTS_IMG_1529.ARC,TrackFactsIcon,track_select,512,256,DXT5,131072,248,0x11595450,393572,1,,,
0,TRACK_FACTS_IMG_1529.ARC,TrackFactsTrackImg,track_select,512,512,DXT5,262144,131352,0x11595450,393572,1,,,
0,TRACK_FACTS_IMG_2777.ARC,TrackFactsIcon,track_select,512,256,DXT5,131072,248,0x115F55B8,393572,1,,,
0,TRACK_FACTS_IMG_2777.ARC,TrackFactsTrackImg,track_select,512,512,DXT5,262144,131352,0x115F55B8,393572,1,,,
0,TRACK_FACTS_IMG_2523.ARC,TrackFactsIcon,track_select,512,256,DXT5,131072,248,0x11655720,393572,1,,,
0,TRACK_FACTS_IMG_2523.ARC,TrackFactsTrackImg,track_select,512,512,DXT5,262144,131352,0x11655720,393572,1,,,
0,TRACK_FACTS_IMG_2527.ARC,TrackFactsIcon,track_select,512,256,DXT5,131072,248,0x116B5888,393572,1,,,
0,TRACK_FACTS_IMG_2527.ARC,TrackFactsTrackImg,track_select,512,512,DXT5,262144,131352,0x116B5888,393572,1,,,
0,TRACK_FACTS_IMG_11232.ARC,TrackFactsIcon,track_select,512,256,DXT5,131072,248,0x117159F0,393572,1,,,
0,TRACK_FACTS_IMG_11232.ARC,TrackFactsTrackImg,track_select,512,512,DXT5,262144,131352,0x117159F0,393572,1,,,
0,TRACK_FACTS_IMG_1762.ARC,TrackFactsIcon,track_select,512,256,DXT5,131072,248,0x11775B58,393572,1,,,
0,TRACK_FACTS_IMG_1762.ARC,TrackFactsTrackImg,track_select,512,512,DXT5,262144,131352,0x11775B58,393572,1,,,
0,TRACK_FACTS_IMG_24548.ARC,TrackFactsIcon,track_select,512,256,DXT5,131072,248,0x117D5CC0,393572,1,,,
0,TRACK_FACTS_IMG_24548.ARC,TrackFactsTrackImg,track_select,512,512,DXT5,262144,131352,0x117D5CC0,393572,1,,,
0,TRACK_FACTS_IMG_5349.ARC,TrackFactsIcon,track_select,512,256,DXT5,131072,248,0x11835E28,393572,1,,,
0,TRACK_FACTS_IMG_5349.ARC,TrackFactsTrackImg,track_select,512,512,DXT5,262144,131352,0x11835E28,393572,1,,,
0,TRACK_FACTS_IMG_11242.ARC,TrackFactsIcon,track_select,512,256,DXT5,131072,248,0x11895F90,393572,1,,,
0,TRACK_FACTS_IMG_11242.ARC,TrackFactsTrackImg,track_select,512,512,DXT5,262144,131352,0x11895F90,393572,1,,,
0,TRACK_FACTS_IMG_24557.ARC,TrackFactsIcon,track_select,512,256,DXT5,131072,248,0x118F60F8,393572,1,,,
0,TRACK_FACTS_IMG_24557.ARC,TrackFactsTrackImg,track_select,512,512,DXT5,262144,131352,0x118F60F8,393572,1,,,
0,TRACK_FACTS_IMG_24818.ARC,TrackFactsIcon,track_select,512,256,DXT5,131072,248,0x11956260,393572,1,,,
0,TRACK_FACTS_IMG_24818.ARC,TrackFactsTrackImg,track_select,512,512,DXT5,262144,131352,0x11956260,393572,1,,,
0,TRACK_FACTS_IMG_24563.ARC,TrackFactsIcon,track_select,512,256,DXT5,131072,248,0x119B63C8,393572,1,,,
0,TRACK_FACTS_IMG_24563.ARC,TrackFactsTrackImg,track_select,512,512,DXT5,262144,131352,0x119B63C8,393572,1,,,
0,TRACK_FACTS_IMG_24820.ARC,TrackFactsIcon,track_select,512,256,DXT5,131072,248,0x11A16530,393572,1,,,
0,TRACK_FACTS_IMG_24820.ARC,TrackFactsTrackImg,track_select,512,512,DXT5,262144,131352,0x11A16530,393572,1,,,
0,TRACK_FACTS_IMG_24822.ARC,TrackFactsIcon,track_select,512,256,DXT5,131072,248,0x11A76698,393572,1,,,
0,TRACK_FACTS_IMG_24822.ARC,TrackFactsTrackImg,track_select,512,512,DXT5,262144,131352,0x11A76698,393572,1,,,
0,TRACK_FACTS_IMG_24824.ARC,TrackFactsIcon,track_select,512,256,DXT5,131072,248,0x11AD6800,393572,1,,,
0,TRACK_FACTS_IMG_24824.ARC,TrackFactsTrackImg,track_select,512,512,DXT5,262144,131352,0x11AD6800,393572,1,,,
0,TRACK_FACTS_IMG_24569.ARC,TrackFactsIcon,track_select,512,256,DXT5,131072,248,0x11B36968,393572,1,,,
0,TRACK_FACTS_IMG_24569.ARC,TrackFactsTrackImg,track_select,512,512,DXT5,262144,131352,0x11B36968,393572,1,,,
0,TRACK_FACTS_IMG_9726.ARC,TrackFactsIcon,track_select,512,256,DXT5,131072,248,0x11B96AD0,393572,1,,,
0,TRACK_FACTS_IMG_9726.ARC,TrackFactsTrackImg,track_select,512,512,DXT5,262144,131352,0x11B96AD0,393572,1,,,
0,INFIELDGARAGEREPLACETEX.ARC,IMG_PITCREWFACE1DIFF,unknown_visual,512,512,DXT1,229376,568,0x2AF3A448,2230456,1,,,
0,INFIELDGARAGEREPLACETEX.ARC,IMG_PITCREWFACE1NORM,unknown_visual,512,512,DXT1,229376,230056,0x2AF3A448,2230456,1,,,
0,INFIELDGARAGEREPLACETEX.ARC,IMG_PITCREWFACE1SPEC,unknown_visual,256,256,DXT1,98304,459544,0x2AF3A448,2230456,1,,,
0,INFIELDGARAGEREPLACETEX.ARC,IMG_PITCREWFACE2DIFF,unknown_visual,512,512,DXT1,229376,557944,0x2AF3A448,2230456,1,,,
0,INFIELDGARAGEREPLACETEX.ARC,IMG_PITCREWFACE2NORM,unknown_visual,512,512,DXT1,229376,787432,0x2AF3A448,2230456,1,,,
0,INFIELDGARAGEREPLACETEX.ARC,IMG_PITCREWFACE2SPEC,unknown_visual,256,256,DXT1,98304,1016920,0x2AF3A448,2230456,1,,,
0,INFIELDGARAGEREPLACETEX.ARC,IMG_PITCREWFACE3DIFF,unknown_visual,512,512,DXT1,229376,1115320,0x2AF3A448,2230456,1,,,
0,INFIELDGARAGEREPLACETEX.ARC,IMG_PITCREWFACE3NORM,unknown_visual,512,512,DXT1,229376,1344808,0x2AF3A448,2230456,1,,,
0,INFIELDGARAGEREPLACETEX.ARC,IMG_PITCREWFACE3SPEC,unknown_visual,256,256,DXT1,98304,1574296,0x2AF3A448,2230456,1,,,
0,INFIELDGARAGEREPLACETEX.ARC,IMG_PITCREWFACE4DIFF,unknown_visual,512,512,DXT1,229376,1672696,0x2AF3A448,2230456,1,,,
0,INFIELDGARAGEREPLACETEX.ARC,IMG_PITCREWFACE4NORM,unknown_visual,512,512,DXT1,229376,1902184,0x2AF3A448,2230456,1,,,
0,INFIELDGARAGEREPLACETEX.ARC,IMG_PITCREWFACE4SPEC,unknown_visual,256,256,DXT1,98304,2131672,0x2AF3A448,2230456,1,,,
0,RACESHOPREPLACETEX.ARC,IMG_PITCREWFACE1DIFF,unknown_visual,512,512,DXT1,229376,952,0x2B71C690,3706924,1,,,
0,RACESHOPREPLACETEX.ARC,IMG_PITCREWFACE1NORM,unknown_visual,512,512,DXT1,229376,230440,0x2B71C690,3706924,1,,,
0,RACESHOPREPLACETEX.ARC,IMG_PITCREWFACE1SPEC,unknown_visual,256,256,DXT1,98304,459928,0x2B71C690,3706924,1,,,
0,RACESHOPREPLACETEX.ARC,IMG_PITCREWFACE2DIFF,unknown_visual,512,512,DXT1,229376,558328,0x2B71C690,3706924,1,,,
0,RACESHOPREPLACETEX.ARC,IMG_PITCREWFACE2NORM,unknown_visual,512,512,DXT1,229376,787816,0x2B71C690,3706924,1,,,
0,RACESHOPREPLACETEX.ARC,IMG_PITCREWFACE2SPEC,unknown_visual,256,256,DXT1,98304,1017304,0x2B71C690,3706924,1,,,
0,RACESHOPREPLACETEX.ARC,IMG_PITCREWFACE3DIFF,unknown_visual,512,512,DXT1,229376,1115704,0x2B71C690,3706924,1,,,
0,RACESHOPREPLACETEX.ARC,IMG_PITCREWFACE3NORM,unknown_visual,512,512,DXT1,229376,1345192,0x2B71C690,3706924,1,,,
0,RACESHOPREPLACETEX.ARC,IMG_PITCREWFACE3SPEC,unknown_visual,256,256,DXT1,98304,1574680,0x2B71C690,3706924,1,,,
0,RACESHOPREPLACETEX.ARC,IMG_PITCREWFACE4DIFF,unknown_visual,512,512,DXT1,229376,1673080,0x2B71C690,3706924,1,,,
0,RACESHOPREPLACETEX.ARC,IMG_PITCREWFACE4NORM,unknown_visual,512,512,DXT1,229376,1902568,0x2B71C690,3706924,1,,,
0,RACESHOPREPLACETEX.ARC,IMG_PITCREWFACE4SPEC,unknown_visual,256,256,DXT1,98304,2132056,0x2B71C690,3706924,1,,,
0,RACESHOPREPLACETEX.ARC,IMG_FEMALE01_ADIFF,unknown_visual,256,256,DXT1,98304,2230456,0x2B71C690,3706924,1,,,
0,RACESHOPREPLACETEX.ARC,IMG_FEMALE01_BDIFF,unknown_visual,256,256,DXT1,98304,2328856,0x2B71C690,3706924,1,,,
0,RACESHOPREPLACETEX.ARC,IMG_FEMALE01_CDIFF,unknown_visual,256,256,DXT1,98304,2427256,0x2B71C690,3706924,1,,,
0,RACESHOPREPLACETEX.ARC,IMG_FEMALE02_ADIFF,unknown_visual,256,256,DXT5,196608,2525656,0x2B71C690,3706924,1,,,
0,RACESHOPREPLACETEX.ARC,IMG_FEMALE02_BDIFF,unknown_visual,256,256,DXT5,196608,2722360,0x2B71C690,3706924,1,,,
0,RACESHOPREPLACETEX.ARC,IMG_FEMALE02_CDIFF,unknown_visual,256,256,DXT5,196608,2919064,0x2B71C690,3706924,1,,,
0,RACESHOPREPLACETEX.ARC,IMG_MALE01_ADIFF,unknown_visual,256,256,DXT1,98304,3115768,0x2B71C690,3706924,1,,,
0,RACESHOPREPLACETEX.ARC,IMG_MALE01_BDIFF,unknown_visual,256,256,DXT1,98304,3214168,0x2B71C690,3706924,1,,,
0,RACESHOPREPLACETEX.ARC,IMG_MALE01_CDIFF,unknown_visual,256,256,DXT1,98304,3312568,0x2B71C690,3706924,1,,,
0,RACESHOPREPLACETEX.ARC,IMG_MALE02_ADIFF,unknown_visual,256,256,DXT1,98304,3410968,0x2B71C690,3706924,1,,,
0,RACESHOPREPLACETEX.ARC,IMG_MALE02_BDIFF,unknown_visual,256,256,DXT1,98304,3509368,0x2B71C690,3706924,1,,,
0,RACESHOPREPLACETEX.ARC,IMG_MALE02_CDIFF,unknown_visual,256,256,DXT1,98304,3607768,0x2B71C690,3706924,1,,,
1,GLOBALMENUASSETS.ARC,grey.png,misc_ui,16,16,DXT1,40960,159720,0x2E0FE50,331978,1,,,
1,GLOBALMENUASSETS.ARC,TeamShop_Interface01.dds,misc_ui,32,1024,FMT_0x15,131072,200744,0x2E0FE50,331978,0,,,Unsupported resource format FMT_0x15; raw export only
1,IMGWATKINSGLEN.ARC,IMGTRACKLOGO,track_logos_maps,299,110,FMT_0x15,163840,216,0x40A9950,164102,0,,,Unsupported resource format FMT_0x15; raw export only
1,IMGTEXASDUSK.ARC,IMGTRACKLOGO,track_select,299,110,FMT_0x15,163840,216,0x40D1A58,164102,0,,,Unsupported resource format FMT_0x15; raw export only
1,IMGMARTINSVILLE.ARC,IMGTRACKLOGO,track_select,299,110,FMT_0x15,163840,216,0x40F9B60,164102,0,,,Unsupported resource format FMT_0x15; raw export only
1,IMGTEXAS.ARC,IMGTRACKLOGO,track_select,299,110,FMT_0x15,163840,216,0x4121C68,164102,0,,,Unsupported resource format FMT_0x15; raw export only
1,IMGCHICAGOLAND.ARC,IMGTRACKLOGO,track_select,299,110,FMT_0x15,163840,216,0x4149D70,164102,0,,,Unsupported resource format FMT_0x15; raw export only
1,IMGDAYTONA.ARC,IMGTRACKLOGO,track_select,299,110,FMT_0x15,163840,216,0x4171E78,164102,0,,,Unsupported resource format FMT_0x15; raw export only
1,IMGLASVEGAS.ARC,IMGTRACKLOGO,track_logos_maps,299,110,FMT_0x15,163840,216,0x41C2088,164102,0,,,Unsupported resource format FMT_0x15; raw export only
1,IMGHOMESTEAD.ARC,IMGTRACKLOGO,track_select,299,110,FMT_0x15,163840,216,0x41EA190,164102,0,,,Unsupported resource format FMT_0x15; raw export only
1,IMGPOCONO.ARC,IMGTRACKLOGO,track_select,299,110,FMT_0x15,163840,216,0x423A3A0,164102,0,,,Unsupported resource format FMT_0x15; raw export only
1,IMGATLANTA.ARC,IMGTRACKLOGO,track_select,299,110,FMT_0x15,163840,216,0x42624A8,164102,0,,,Unsupported resource format FMT_0x15; raw export only
1,IMGDAYTONADUSK.ARC,IMGTRACKLOGO,track_select,299,110,FMT_0x15,163840,216,0x428A5B0,164102,0,,,Unsupported resource format FMT_0x15; raw export only
1,IMGMICHIGAN.ARC,IMGTRACKLOGO,track_select,299,110,FMT_0x15,163840,216,0x42B26B8,164102,0,,,Unsupported resource format FMT_0x15; raw export only
1,IMGTALLADEGA.ARC,IMGTRACKLOGO,track_select,299,110,FMT_0x15,163840,216,0x42DA7C0,164102,0,,,Unsupported resource format FMT_0x15; raw export only
1,IMGATLANTADAY.ARC,IMGTRACKLOGO,track_select,299,110,FMT_0x15,163840,216,0x43028C8,164102,0,,,Unsupported resource format FMT_0x15; raw export only
1,IMGDOVER.ARC,IMGTRACKLOGO,track_select,299,110,FMT_0x15,163840,216,0x432A9D0,164102,0,,,Unsupported resource format FMT_0x15; raw export only
1,IMGRICHMOND.ARC,IMGTRACKLOGO,track_select,299,110,FMT_0x15,163840,216,0x4352AD8,164102,0,,,Unsupported resource format FMT_0x15; raw export only
1,IMGBRISTOL.ARC,IMGTRACKLOGO,track_select,299,110,FMT_0x15,163840,216,0x437ABE0,164102,0,,,Unsupported resource format FMT_0x15; raw export only
1,IMGKANSAS.ARC,IMGTRACKLOGO,track_select,299,110,FMT_0x15,163840,216,0x43A2CE8,164102,0,,,Unsupported resource format FMT_0x15; raw export only
1,IMGPHOENIX.ARC,IMGTRACKLOGO,track_select,299,110,FMT_0x15,163840,216,0x43CADF0,164102,0,,,Unsupported resource format FMT_0x15; raw export only
1,IMGPHOENIXDUSK.ARC,IMGTRACKLOGO,track_select,299,110,FMT_0x15,163840,216,0x441B000,164102,0,,,Unsupported resource format FMT_0x15; raw export only
1,IMGBRISTOLDAY.ARC,IMGTRACKLOGO,track_select,299,110,FMT_0x15,163840,216,0x4443108,164102,0,,,Unsupported resource format FMT_0x15; raw export only
1,IMGNEWHAMPSHIRE.ARC,IMGTRACKLOGO,track_select,299,110,FMT_0x15,163840,216,0x4493318,164102,0,,,Unsupported resource format FMT_0x15; raw export only
1,IMGGARAGE.ARC,IMGTRACKLOGO,track_select,299,110,FMT_0x15,163840,216,0x44E3528,164102,0,,,Unsupported resource format FMT_0x15; raw export only
1,RACEMEDIAIMAGES.ARC,IMG_CORRUPT_THUMB,misc_ui,256,128,DXT5,32768,248,0x549FFB8,295271,1,,,
1,RACEMEDIAIMAGES.ARC,IMG_CORRUPT_DETAIL,backgrounds_panels,1024,512,DXT1,262144,33048,0x549FFB8,295271,1,,,
1,CUSTOMSCHEMETHUMBNAILS.ARC,PAINTSCHEME_23221,paint_scheme_preview,256,256,DXT5,65536,440,0x54E8120,525205,1,,,
1,CUSTOMSCHEMETHUMBNAILS.ARC,PAINTSCHEME_23222,paint_scheme_preview,256,256,DXT5,65536,66008,0x54E8120,525205,1,,,
1,CUSTOMSCHEMETHUMBNAILS.ARC,PAINTSCHEME_23223,paint_scheme_preview,256,256,DXT5,65536,131576,0x54E8120,525205,1,,,
1,CUSTOMSCHEMETHUMBNAILS.ARC,PAINTSCHEME_23224,paint_scheme_preview,256,256,DXT5,65536,197144,0x54E8120,525205,1,,,
1,CUSTOMSCHEMETHUMBNAILS.ARC,PAINTSCHEME_23225,paint_scheme_preview,256,256,DXT5,65536,262712,0x54E8120,525205,1,,,
1,CUSTOMSCHEMETHUMBNAILS.ARC,PAINTSCHEME_23226,paint_scheme_preview,256,256,DXT5,65536,328280,0x54E8120,525205,1,,,
1,CUSTOMSCHEMETHUMBNAILS.ARC,PAINTSCHEME_24517,paint_scheme_preview,256,256,DXT5,65536,393848,0x54E8120,525205,1,,,
1,CUSTOMSCHEMETHUMBNAILS.ARC,CAREER_CHEVY_8,paint_scheme_preview,256,256,DXT5,65536,459416,0x54E8120,525205,1,,,
1,2DRIVERSELECTTD_25430.ARC,DRIVERPAINT_1116_25041,driver_select,256,256,DXT5,65536,280,0x55684B8,262604,1,,,
1,2DRIVERSELECTTD_25430.ARC,DRIVER_1116_3DNUM_25041,driver_select,512,256,DXT5,131072,65848,0x55684B8,262604,1,,,
1,2DRIVERSELECTTD_25430.ARC,PAINTSCHEME_25443,paint_scheme_preview,256,256,DXT5,65536,196952,0x55684B8,262604,1,,,
1,2DRIVERSELECTTD_1325.ARC,DRIVERPAINT_1084_25041,driver_select,256,256,DXT5,65536,376,0x55A8688,525048,1,,,
1,2DRIVERSELECTTD_1325.ARC,DRIVERPAINT_1109_25041,driver_select,256,256,DXT5,65536,65944,0x55A8688,525048,1,,,
1,2DRIVERSELECTTD_1325.ARC,DRIVER_1109_3DNUM_25041,driver_select,512,256,DXT5,131072,131512,0x55A8688,525048,1,,,
1,2DRIVERSELECTTD_1325.ARC,DRIVER_1084_3DNUM_25041,driver_select,512,256,DXT5,131072,262616,0x55A8688,525048,1,,,
1,2DRIVERSELECTTD_1325.ARC,PAINTSCHEME_25445,paint_scheme_preview,256,256,DXT5,65536,393720,0x55A8688,525048,1,,,
1,2DRIVERSELECTTD_1325.ARC,PAINTSCHEME_25363,paint_scheme_preview,256,256,DXT5,65536,459288,0x55A8688,525048,1,,,
1,2DRIVERSELECTTD_1335.ARC,UUU,driver_select,256,256,DXT5,65536,664,0x5628980,1312366,1,,,
1,2DRIVERSELECTTD_1335.ARC,UUU__r3,driver_select,256,256,DXT5,65536,66232,0x5628980,1312366,1,,,
1,2DRIVERSELECTTD_1335.ARC,UUU__r5,driver_select,256,256,DXT5,65536,131800,0x5628980,1312366,1,,,
1,2DRIVERSELECTTD_1335.ARC,UUU__r7,driver_select,256,256,DXT5,65536,197368,0x5628980,1312366,1,,,
1,2DRIVERSELECTTD_1335.ARC,UUU__r9,driver_select,256,256,DXT5,65536,262936,0x5628980,1312366,1,,,
1,2DRIVERSELECTTD_1335.ARC,UU,driver_select,512,256,DXT5,131072,328504,0x5628980,1312366,1,,,
1,2DRIVERSELECTTD_1335.ARC,UU__r13,driver_select,512,256,DXT5,131072,459608,0x5628980,1312366,1,,,
1,2DRIVERSELECTTD_1335.ARC,DRIVER_1096_3DNUM_25041,driver_select,512,256,DXT5,131072,590712,0x5628980,1312366,1,,,
1,2DRIVERSELECTTD_1335.ARC,DRIVER_1114_3DNUM_25041,driver_select,512,256,DXT5,131072,721816,0x5628980,1312366,1,,,
1,2DRIVERSELECTTD_1335.ARC,DRIVER_25442_3DNUM_25041,driver_select,512,256,DXT5,131072,852920,0x5628980,1312366,1,,,
1,2DRIVERSELECTTD_1335.ARC,PAINTSCHEME_25354,paint_scheme_preview,256,256,DXT5,65536,984024,0x5628980,1312366,1,,,
1,2DRIVERSELECTTD_1335.ARC,PAINTSCHEME_25446,paint_scheme_preview,256,256,DXT5,65536,1049592,0x5628980,1312366,1,,,
1,2DRIVERSELECTTD_1335.ARC,PAINTSCHEME_25347,paint_scheme_preview,256,256,DXT5,65536,1115160,0x5628980,1312366,1,,,
1,2DRIVERSELECTTD_1335.ARC,PAINTSCHEME_25352,paint_scheme_preview,256,256,DXT5,65536,1180728,0x5628980,1312366,1,,,
1,2DRIVERSELECTTD_1335.ARC,PAINTSCHEME_25353,paint_scheme_preview,256,256,DXT5,65536,1246296,0x5628980,1312366,1,,,
1,2DRIVERSELECTTD_1355.ARC,DRIVERPAINT_1138_25041,driver_select,256,256,DXT5,65536,280,0x5768FF0,262604,1,,,
1,2DRIVERSELECTTD_1355.ARC,DRIVER_1138_3DNUM_25041,driver_select,512,256,DXT5,131072,65848,0x5768FF0,262604,1,,,
1,2DRIVERSELECTTD_1355.ARC,PAINTSCHEME_25438,paint_scheme_preview,256,256,DXT5,65536,196952,0x5768FF0,262604,1,,,
1,2DRIVERSELECTTD_1340.ARC,RU,driver_select,256,256,DXT5,65536,664,0x57A91C0,1312366,1,,,
1,2DRIVERSELECTTD_1340.ARC,RU__r3,driver_select,256,256,DXT5,65536,66232,0x57A91C0,1312366,1,,,
1,2DRIVERSELECTTD_1340.ARC,RU__r5,driver_select,256,256,DXT5,65536,131800,0x57A91C0,1312366,1,,,
1,2DRIVERSELECTTD_1340.ARC,DRIVERPAINT_1113_25041,driver_select,256,256,DXT5,65536,197368,0x57A91C0,1312366,1,,,
1,2DRIVERSELECTTD_1340.ARC,DRIVERPAINT_1105_25041,driver_select,256,256,DXT5,65536,262936,0x57A91C0,1312366,1,,,
1,2DRIVERSELECTTD_1340.ARC,WTVW,driver_select,512,256,DXT5,131072,328504,0x57A91C0,1312366,1,,,
1,2DRIVERSELECTTD_1340.ARC,DRIVER_1100_3DNUM_25041,driver_select,512,256,DXT5,131072,459608,0x57A91C0,1312366,1,,,
1,2DRIVERSELECTTD_1340.ARC,DRIVER_1105_3DNUM_25041,driver_select,512,256,DXT5,131072,590712,0x57A91C0,1312366,1,,,
1,2DRIVERSELECTTD_1340.ARC,DRIVER_1113_3DNUM_25041,driver_select,512,256,DXT5,131072,721816,0x57A91C0,1312366,1,,,
1,2DRIVERSELECTTD_1340.ARC,DRIVER_23022_3DNUM_25041,driver_select,512,256,DXT5,131072,852920,0x57A91C0,1312366,1,,,
1,2DRIVERSELECTTD_1340.ARC,PAINTSCHEME_25365,paint_scheme_preview,256,256,DXT5,65536,984024,0x57A91C0,1312366,1,,,
1,2DRIVERSELECTTD_1340.ARC,PAINTSCHEME_25368,paint_scheme_preview,256,256,DXT5,65536,1049592,0x57A91C0,1312366,1,,,
1,2DRIVERSELECTTD_1340.ARC,PAINTSCHEME_25356,paint_scheme_preview,256,256,DXT5,65536,1115160,0x57A91C0,1312366,1,,,
1,2DRIVERSELECTTD_1340.ARC,PAINTSCHEME_25434,paint_scheme_preview,256,256,DXT5,65536,1180728,0x57A91C0,1312366,1,,,
1,2DRIVERSELECTTD_1340.ARC,PAINTSCHEME_25371,paint_scheme_preview,256,256,DXT5,65536,1246296,0x57A91C0,1312366,1,,,
1,2DRIVERSELECTTD_1327.ARC,DRIVERPAINT_9665_25041,driver_select,256,256,DXT5,65536,472,0x58E9830,787492,1,,,
1,2DRIVERSELECTTD_1327.ARC,DRIVERPAINT_1104_25041,driver_select,256,256,DXT5,65536,66040,0x58E9830,787492,1,,,
1,2DRIVERSELECTTD_1327.ARC,DRIVERPAINT_1129_25041,driver_select,256,256,DXT5,65536,131608,0x58E9830,787492,1,,,
1,2DRIVERSELECTTD_1327.ARC,DRIVER_1129_3DNUM_25041,driver_select,512,256,DXT5,131072,197176,0x58E9830,787492,1,,,
1,2DRIVERSELECTTD_1327.ARC,DRIVER_9665_3DNUM_25041,driver_select,512,256,DXT5,131072,328280,0x58E9830,787492,1,,,
1,2DRIVERSELECTTD_1327.ARC,DRIVER_1104_3DNUM_25041,driver_select,512,256,DXT5,131072,459384,0x58E9830,787492,1,,,
1,2DRIVERSELECTTD_1327.ARC,PAINTSCHEME_25460,paint_scheme_preview,256,256,DXT5,65536,590488,0x58E9830,787492,1,,,
1,2DRIVERSELECTTD_1327.ARC,PAINTSCHEME_25437,paint_scheme_preview,256,256,DXT5,65536,656056,0x58E9830,787492,1,,,
1,2DRIVERSELECTTD_1327.ARC,PAINTSCHEME_25436,paint_scheme_preview,256,256,DXT5,65536,721624,0x58E9830,787492,1,,,
1,2DRIVERSELECTTD_5762.ARC,DRIVERPAINT_1134_25041,driver_select,256,256,DXT5,65536,280,0x59A9C58,262604,1,,,
1,2DRIVERSELECTTD_5762.ARC,DRIVER_1134_3DNUM_25041,driver_select,512,256,DXT5,131072,65848,0x59A9C58,262604,1,,,
1,2DRIVERSELECTTD_5762.ARC,PAINTSCHEME_25370,paint_scheme_preview,256,256,DXT5,65536,196952,0x59A9C58,262604,1,,,
1,2DRIVERSELECTTD_1341.ARC,DRIVERPAINT_25376_25041,driver_select,256,256,DXT5,65536,280,0x59E9E28,262606,1,,,
1,2DRIVERSELECTTD_1341.ARC,DRIVER_25376_3DNUM_25041,driver_select,512,256,DXT5,131072,65848,0x59E9E28,262606,1,,,
1,2DRIVERSELECTTD_1341.ARC,PAINTSCHEME_25466,paint_scheme_preview,256,256,DXT5,65536,196952,0x59E9E28,262606,1,,,
1,2DRIVERSELECTTD_10518.ARC,DRIVERPAINT_1142_25041,driver_select,256,256,DXT5,65536,376,0x5A29FF8,525050,1,,,
1,2DRIVERSELECTTD_10518.ARC,DRIVERPAINT_25447_25041,driver_select,256,256,DXT5,65536,65944,0x5A29FF8,525050,1,,,
1,2DRIVERSELECTTD_10518.ARC,DRIVER_1142_3DNUM_25041,driver_select,512,256,DXT5,131072,131512,0x5A29FF8,525050,1,,,
1,2DRIVERSELECTTD_10518.ARC,DRIVER_25447_3DNUM_25041,driver_select,512,256,DXT5,131072,262616,0x5A29FF8,525050,1,,,
1,2DRIVERSELECTTD_10518.ARC,PAINTSCHEME_25471,paint_scheme_preview,256,256,DXT5,65536,393720,0x5A29FF8,525050,1,,,
1,2DRIVERSELECTTD_10518.ARC,PAINTSCHEME_25470,paint_scheme_preview,256,256,DXT5,65536,459288,0x5A29FF8,525050,1,,,
1,2DRIVERSELECTTD_11444.ARC,DRIVERPAINT_7174_25041,driver_select,256,256,DXT5,65536,280,0x5AAA2F8,262604,1,,,
1,2DRIVERSELECTTD_11444.ARC,DRIVER_7174_3DNUM_25041,driver_select,512,256,DXT5,131072,65848,0x5AAA2F8,262604,1,,,
1,2DRIVERSELECTTD_11444.ARC,PAINTSCHEME_25439,paint_scheme_preview,256,256,DXT5,65536,196952,0x5AAA2F8,262604,1,,,
1,2DRIVERSELECTTD_1354.ARC,EU,driver_select,256,256,DXT5,65536,472,0x5AEA4C8,787492,1,,,
1,2DRIVERSELECTTD_1354.ARC,EU__r3,driver_select,256,256,DXT5,65536,66040,0x5AEA4C8,787492,1,,,
1,2DRIVERSELECTTD_1354.ARC,EU__r5,driver_select,256,256,DXT5,65536,131608,0x5AEA4C8,787492,1,,,
1,2DRIVERSELECTTD_1354.ARC,EU__r7,driver_select,512,256,DXT5,131072,197176,0x5AEA4C8,787492,1,,,
1,2DRIVERSELECTTD_1354.ARC,DRIVER_1141_3DNUM_25041,driver_select,512,256,DXT5,131072,328280,0x5AEA4C8,787492,1,,,
1,2DRIVERSELECTTD_1354.ARC,DRIVER_1139_3DNUM_25041,driver_select,512,256,DXT5,131072,459384,0x5AEA4C8,787492,1,,,
1,2DRIVERSELECTTD_1354.ARC,PAINTSCHEME_25367,paint_scheme_preview,256,256,DXT5,65536,590488,0x5AEA4C8,787492,1,,,
1,2DRIVERSELECTTD_1354.ARC,PAINTSCHEME_25349,paint_scheme_preview,256,256,DXT5,65536,656056,0x5AEA4C8,787492,1,,,
1,2DRIVERSELECTTD_1354.ARC,PAINTSCHEME_25472,paint_scheme_preview,256,256,DXT5,65536,721624,0x5AEA4C8,787492,1,,,
1,2DRIVERSELECTTD_25381.ARC,DRIVERPAINT_22986_25041,driver_select,256,256,DXT5,65536,376,0x5BAA8F0,525052,1,,,
1,2DRIVERSELECTTD_25381.ARC,DRIVERPAINT_22949_25041,driver_select,256,256,DXT5,65536,65944,0x5BAA8F0,525052,1,,,
1,2DRIVERSELECTTD_25381.ARC,DRIVER_22949_3DNUM_25041,driver_select,512,256,DXT5,131072,131512,0x5BAA8F0,525052,1,,,
1,2DRIVERSELECTTD_25381.ARC,DRIVER_22986_3DNUM_25041,driver_select,512,256,DXT5,131072,262616,0x5BAA8F0,525052,1,,,
1,2DRIVERSELECTTD_25381.ARC,PAINTSCHEME_25468,paint_scheme_preview,256,256,DXT5,65536,393720,0x5BAA8F0,525052,1,,,
1,2DRIVERSELECTTD_25381.ARC,PAINTSCHEME_25469,paint_scheme_preview,256,256,DXT5,65536,459288,0x5BAA8F0,525052,1,,,
1,2DRIVERSELECTTD_1336.ARC,DRIVERPAINT_1117_25041,driver_select,256,256,DXT5,65536,504,0x5C2ABF0,787572,1,,,
1,2DRIVERSELECTTD_1336.ARC,DRIVERPAINT_1115_25041,driver_select,256,256,DXT5,65536,66072,0x5C2ABF0,787572,1,,,
1,2DRIVERSELECTTD_1336.ARC,DRIVER_1115_3DNUM_25041,driver_select,512,256,DXT5,131072,131640,0x5C2ABF0,787572,1,,,
1,2DRIVERSELECTTD_1336.ARC,DRIVER_1117_3DNUM_25041,driver_select,512,256,DXT5,131072,262744,0x5C2ABF0,787572,1,,,
1,2DRIVERSELECTTD_1336.ARC,PAINTSCHEME_25358,paint_scheme_preview,256,256,DXT5,65536,393848,0x5C2ABF0,787572,1,,,
1,2DRIVERSELECTTD_1336.ARC,PAINTSCHEME_25355,paint_scheme_preview,256,256,DXT5,65536,459416,0x5C2ABF0,787572,1,,,
1,2DRIVERSELECTTD_1336.ARC,PAINTSCHEME_25580,paint_scheme_preview,256,256,DXT5,65536,524984,0x5C2ABF0,787572,1,,,
1,2DRIVERSELECTTD_1336.ARC,PAINTSCHEME_25583,paint_scheme_preview,256,256,DXT5,65536,590552,0x5C2ABF0,787572,1,,,
1,2DRIVERSELECTTD_1336.ARC,PAINTSCHEME_25585,paint_scheme_preview,256,256,DXT5,65536,656120,0x5C2ABF0,787572,1,,,
1,2DRIVERSELECTTD_1336.ARC,PAINTSCHEME_25584,paint_scheme_preview,256,256,DXT5,65536,721688,0x5C2ABF0,787572,1,,,
1,2DRIVERSELECTTD_1352.ARC,DRIVERPAINT_1124_25041,driver_select,256,256,DXT5,65536,280,0x5CEB068,262604,1,,,
1,2DRIVERSELECTTD_1352.ARC,DRIVER_1124_3DNUM_25041,driver_select,512,256,DXT5,131072,65848,0x5CEB068,262604,1,,,
1,2DRIVERSELECTTD_1352.ARC,PAINTSCHEME_25459,paint_scheme_preview,256,256,DXT5,65536,196952,0x5CEB068,262604,1,,,
1,2DRIVERSELECTTD_1331.ARC,Lc,driver_select,256,256,DXT5,65536,568,0x5D2B238,1049922,1,,,
1,2DRIVERSELECTTD_1331.ARC,Mc,driver_select,256,256,DXT5,65536,66136,0x5D2B238,1049922,1,,,
1,2DRIVERSELECTTD_1331.ARC,mc,driver_select,256,256,DXT5,65536,131704,0x5D2B238,1049922,1,,,
1,2DRIVERSELECTTD_1331.ARC,mc__r7,driver_select,256,256,DXT5,65536,197272,0x5D2B238,1049922,1,,,
1,2DRIVERSELECTTD_1331.ARC,DRIVER_5766_3DNUM_25041,driver_select,512,256,DXT5,131072,262840,0x5D2B238,1049922,1,,,
1,2DRIVERSELECTTD_1331.ARC,DRIVER_23147_3DNUM_25041,driver_select,512,256,DXT5,131072,393944,0x5D2B238,1049922,1,,,
1,2DRIVERSELECTTD_1331.ARC,DRIVER_1090_3DNUM_25041,driver_select,512,256,DXT5,131072,525048,0x5D2B238,1049922,1,,,
1,2DRIVERSELECTTD_1331.ARC,DRIVER_7175_3DNUM_25041,driver_select,512,256,DXT5,131072,656152,0x5D2B238,1049922,1,,,
1,2DRIVERSELECTTD_1331.ARC,PAINTSCHEME_25592,paint_scheme_preview,256,256,DXT5,65536,787256,0x5D2B238,1049922,1,,,
1,2DRIVERSELECTTD_1331.ARC,PAINTSCHEME_25369,paint_scheme_preview,256,256,DXT5,65536,852824,0x5D2B238,1049922,1,,,
1,2DRIVERSELECTTD_1331.ARC,PAINTSCHEME_25350,paint_scheme_preview,256,256,DXT5,65536,918392,0x5D2B238,1049922,1,,,
1,2DRIVERSELECTTD_1331.ARC,PAINTSCHEME_25351,paint_scheme_preview,256,256,DXT5,65536,983960,0x5D2B238,1049922,1,,,
1,2DRIVERSELECTTD_2495.ARC,DRIVERPAINT_2491_9671,driver_select,256,256,DXT5,65536,376,0x5E2B780,295683,1,,,
1,2DRIVERSELECTTD_2495.ARC,DRIVERPAINT_25558_25041,driver_select,256,256,DXT5,65536,65944,0x5E2B780,295683,1,,,
1,2DRIVERSELECTTD_2495.ARC,DRIVERPAINT_2491_25041,driver_select,256,256,DXT5,65536,131512,0x5E2B780,295683,1,,,
1,2DRIVERSELECTTD_2495.ARC,DRIVER_2491_3DNUM_25041,driver_select,256,128,DXT5,32768,197080,0x5E2B780,295683,1,,,
1,2DRIVERSELECTTD_2495.ARC,DRIVER_25558_3DNUM_25041,driver_select,256,128,DXT5,32768,229880,0x5E2B780,295683,1,,,
1,2DRIVERSELECTTD_2495.ARC,DRIVER_2491_3DNUM_9671,driver_select,256,128,DXT5,32768,262680,0x5E2B780,295683,1,,,
1,2DRIVERSELECTTD_1351.ARC,UUU,driver_select,256,256,DXT5,65536,568,0x5E73A88,1049920,1,,,
1,2DRIVERSELECTTD_1351.ARC,UUU__r3,driver_select,256,256,DXT5,65536,66136,0x5E73A88,1049920,1,,,
1,2DRIVERSELECTTD_1351.ARC,UUU__r5,driver_select,256,256,DXT5,65536,131704,0x5E73A88,1049920,1,,,
1,2DRIVERSELECTTD_1351.ARC,UUU__r7,driver_select,256,256,DXT5,65536,197272,0x5E73A88,1049920,1,,,
1,2DRIVERSELECTTD_1351.ARC,UUU__r9,driver_select,512,256,DXT5,131072,262840,0x5E73A88,1049920,1,,,
1,2DRIVERSELECTTD_1351.ARC,UU,driver_select,512,256,DXT5,131072,393944,0x5E73A88,1049920,1,,,
1,2DRIVERSELECTTD_1351.ARC,DRIVER_5758_3DNUM_25041,driver_select,512,256,DXT5,131072,525048,0x5E73A88,1049920,1,,,
1,2DRIVERSELECTTD_1351.ARC,DRIVER_1108_3DNUM_25041,driver_select,512,256,DXT5,131072,656152,0x5E73A88,1049920,1,,,
1,2DRIVERSELECTTD_1351.ARC,PAINTSCHEME_25366,paint_scheme_preview,256,256,DXT5,65536,787256,0x5E73A88,1049920,1,,,
1,2DRIVERSELECTTD_1351.ARC,PAINTSCHEME_25348,paint_scheme_preview,256,256,DXT5,65536,852824,0x5E73A88,1049920,1,,,
1,2DRIVERSELECTTD_1351.ARC,PAINTSCHEME_25361,paint_scheme_preview,256,256,DXT5,65536,918392,0x5E73A88,1049920,1,,,
1,2DRIVERSELECTTD_1351.ARC,PAINTSCHEME_25346,paint_scheme_preview,256,256,DXT5,65536,983960,0x5E73A88,1049920,1,,,
1,2DRIVERSELECTTD_1349.ARC,DRIVERPAINT_1121_25041,driver_select,256,256,DXT5,65536,376,0x5F73FC8,525050,1,,,
1,2DRIVERSELECTTD_1349.ARC,DRIVERPAINT_22676_25041,driver_select,256,256,DXT5,65536,65944,0x5F73FC8,525050,1,,,
1,2DRIVERSELECTTD_1349.ARC,DRIVER_1121_3DNUM_25041,driver_select,512,256,DXT5,131072,131512,0x5F73FC8,525050,1,,,
1,2DRIVERSELECTTD_1349.ARC,DRIVER_22676_3DNUM_25041,driver_select,512,256,DXT5,131072,262616,0x5F73FC8,525050,1,,,
1,2DRIVERSELECTTD_1349.ARC,PAINTSCHEME_25444,paint_scheme_preview,256,256,DXT5,65536,393720,0x5F73FC8,525050,1,,,
1,2DRIVERSELECTTD_1349.ARC,PAINTSCHEME_25362,paint_scheme_preview,256,256,DXT5,65536,459288,0x5F73FC8,525050,1,,,
1,2DRIVERSELECTTD_1326.ARC,DRIVERPAINT_1083_25041,driver_select,256,256,DXT5,65536,280,0x5FF42C8,262604,1,,,
1,2DRIVERSELECTTD_1326.ARC,DRIVER_1083_3DNUM_25041,driver_select,512,256,DXT5,131072,65848,0x5FF42C8,262604,1,,,
1,2DRIVERSELECTTD_1326.ARC,PAINTSCHEME_25364,paint_scheme_preview,256,256,DXT5,65536,196952,0x5FF42C8,262604,1,,,
1,2DRIVERSELECTTD_8739.ARC,DRIVERPAINT_1400_25041,driver_select,256,256,DXT5,65536,280,0x6034498,262604,1,,,
1,2DRIVERSELECTTD_8739.ARC,DRIVER_1400_3DNUM_25041,driver_select,512,256,DXT5,131072,65848,0x6034498,262604,1,,,
1,2DRIVERSELECTTD_8739.ARC,PAINTSCHEME_25372,paint_scheme_preview,256,256,DXT5,65536,196952,0x6034498,262604,1,,,
1,2DRIVERSELECTTD_1333.ARC,UU,driver_select,256,256,DXT5,65536,568,0x6074668,1049922,1,,,
1,2DRIVERSELECTTD_1333.ARC,UU__r3,driver_select,256,256,DXT5,65536,66136,0x6074668,1049922,1,,,
1,2DRIVERSELECTTD_1333.ARC,UU__r5,driver_select,256,256,DXT5,65536,131704,0x6074668,1049922,1,,,
1,2DRIVERSELECTTD_1333.ARC,UU__r7,driver_select,256,256,DXT5,65536,197272,0x6074668,1049922,1,,,
1,2DRIVERSELECTTD_1333.ARC,DRIVER_25375_3DNUM_25041,driver_select,512,256,DXT5,131072,262840,0x6074668,1049922,1,,,
1,2DRIVERSELECTTD_1333.ARC,DRIVER_1123_3DNUM_25041,driver_select,512,256,DXT5,131072,393944,0x6074668,1049922,1,,,
1,2DRIVERSELECTTD_1333.ARC,DRIVER_9663_3DNUM_25041,driver_select,512,256,DXT5,131072,525048,0x6074668,1049922,1,,,
1,2DRIVERSELECTTD_1333.ARC,DRIVER_1127_3DNUM_25041,driver_select,512,256,DXT5,131072,656152,0x6074668,1049922,1,,,
1,2DRIVERSELECTTD_1333.ARC,PAINTSCHEME_25357,paint_scheme_preview,256,256,DXT5,65536,787256,0x6074668,1049922,1,,,
1,2DRIVERSELECTTD_1333.ARC,PAINTSCHEME_25435,paint_scheme_preview,256,256,DXT5,65536,852824,0x6074668,1049922,1,,,
1,2DRIVERSELECTTD_1333.ARC,PAINTSCHEME_25360,paint_scheme_preview,256,256,DXT5,65536,918392,0x6074668,1049922,1,,,
1,2DRIVERSELECTTD_1333.ARC,PAINTSCHEME_25359,paint_scheme_preview,256,256,DXT5,65536,983960,0x6074668,1049922,1,,,
1,2TRACKSELECTMENUIMAGE.ARC,WORLD_ALL,track_select,256,256,DXT5,65536,1272,0x6174BB0,2428006,1,,,
1,2TRACKSELECTMENUIMAGE.ARC,WORLD_1181,track_select,256,256,DXT5,65536,66840,0x6174BB0,2428006,1,,,
1,2TRACKSELECTMENUIMAGE.ARC,WORLD_1187,track_select,256,256,DXT5,65536,132408,0x6174BB0,2428006,1,,,
1,2TRACKSELECTMENUIMAGE.ARC,WORLD_1198,track_select,256,256,DXT5,65536,197976,0x6174BB0,2428006,1,,,
1,2TRACKSELECTMENUIMAGE.ARC,WORLD_1212,track_select,256,256,DXT5,65536,263544,0x6174BB0,2428006,1,,,
1,2TRACKSELECTMENUIMAGE.ARC,WORLD_1222,track_select,256,256,DXT5,65536,329112,0x6174BB0,2428006,1,,,
1,2TRACKSELECTMENUIMAGE.ARC,WORLD_1225,track_select,256,256,DXT5,65536,394680,0x6174BB0,2428006,1,,,
1,2TRACKSELECTMENUIMAGE.ARC,WORLD_1250,track_select,256,256,DXT5,65536,460248,0x6174BB0,2428006,1,,,
1,2TRACKSELECTMENUIMAGE.ARC,WORLD_1459,track_select,256,256,DXT5,65536,525816,0x6174BB0,2428006,1,,,
1,2TRACKSELECTMENUIMAGE.ARC,WORLD_1529,track_select,256,256,DXT5,65536,591384,0x6174BB0,2428006,1,,,
1,2TRACKSELECTMENUIMAGE.ARC,WORLD_1628,track_select,256,256,DXT5,65536,656952,0x6174BB0,2428006,1,,,
1,2TRACKSELECTMENUIMAGE.ARC,WORLD_1632,track_select,256,256,DXT5,65536,722520,0x6174BB0,2428006,1,,,
1,2TRACKSELECTMENUIMAGE.ARC,WORLD_1636,track_select,256,256,DXT5,65536,788088,0x6174BB0,2428006,1,,,
1,2TRACKSELECTMENUIMAGE.ARC,WORLD_1658,track_select,256,256,DXT5,65536,853656,0x6174BB0,2428006,1,,,
1,2TRACKSELECTMENUIMAGE.ARC,WORLD_1670,track_select,256,256,DXT5,65536,919224,0x6174BB0,2428006,1,,,
1,2TRACKSELECTMENUIMAGE.ARC,WORLD_1690,track_select,256,256,DXT5,65536,984792,0x6174BB0,2428006,1,,,
1,2TRACKSELECTMENUIMAGE.ARC,WORLD_1762,track_select,256,256,DXT5,65536,1050360,0x6174BB0,2428006,1,,,
1,2TRACKSELECTMENUIMAGE.ARC,WORLD_1859,track_select,256,256,DXT5,65536,1115928,0x6174BB0,2428006,1,,,
1,2TRACKSELECTMENUIMAGE.ARC,WORLD_2439,track_select,256,256,DXT5,65536,1181496,0x6174BB0,2428006,1,,,
1,2TRACKSELECTMENUIMAGE.ARC,WORLD_2523,track_select,256,256,DXT5,65536,1247064,0x6174BB0,2428006,1,,,
1,2TRACKSELECTMENUIMAGE.ARC,WORLD_2527,track_select,256,256,DXT5,65536,1312632,0x6174BB0,2428006,1,,,
1,2TRACKSELECTMENUIMAGE.ARC,WORLD_2631,track_select,256,256,DXT5,65536,1378200,0x6174BB0,2428006,1,,,
1,2TRACKSELECTMENUIMAGE.ARC,WORLD_2777,track_select,256,256,DXT5,65536,1443768,0x6174BB0,2428006,1,,,
1,2TRACKSELECTMENUIMAGE.ARC,WORLD_5349,track_select,256,256,DXT5,65536,1509336,0x6174BB0,2428006,1,,,
1,2TRACKSELECTMENUIMAGE.ARC,WORLD_5407,track_select,256,256,DXT5,65536,1574904,0x6174BB0,2428006,1,,,
1,2TRACKSELECTMENUIMAGE.ARC,WORLD_5415,track_select,256,256,DXT5,65536,1640472,0x6174BB0,2428006,1,,,
1,2TRACKSELECTMENUIMAGE.ARC,WORLD_5418,track_select,256,256,DXT5,65536,1706040,0x6174BB0,2428006,1,,,
1,2TRACKSELECTMENUIMAGE.ARC,WORLD_9726,track_select,256,256,DXT5,65536,1771608,0x6174BB0,2428006,1,,,
1,2TRACKSELECTMENUIMAGE.ARC,WORLD_11232,track_select,256,256,DXT5,65536,1837176,0x6174BB0,2428006,1,,,
1,2TRACKSELECTMENUIMAGE.ARC,WORLD_11242,track_select,256,256,DXT5,65536,1902744,0x6174BB0,2428006,1,,,
1,2TRACKSELECTMENUIMAGE.ARC,WORLD_12290,track_select,256,256,DXT5,65536,1968312,0x6174BB0,2428006,1,,,
1,2TRACKSELECTMENUIMAGE.ARC,WORLD_12748,track_select,256,256,DXT5,65536,2033880,0x6174BB0,2428006,1,,,
1,2TRACKSELECTMENUIMAGE.ARC,WORLD_22671,track_select,256,256,DXT5,65536,2099448,0x6174BB0,2428006,1,,,
1,2TRACKSELECTMENUIMAGE.ARC,IMGTrackSelectBG.tga,misc_ui,1024,256,DXT5,262144,2165016,0x6174BB0,2428006,1,,,
1,CALENDAR_TRACK_IMAGES.ARC,CAL_WORLD_1181,track_select,256,128,DXT5,32768,1240,0x63C5818,1084553,1,,,
1,CALENDAR_TRACK_IMAGES.ARC,CAL_WORLD_1187,track_select,256,128,DXT5,32768,34040,0x63C5818,1084553,1,,,
1,CALENDAR_TRACK_IMAGES.ARC,CAL_WORLD_1198,track_select,256,128,DXT5,32768,66840,0x63C5818,1084553,1,,,
1,CALENDAR_TRACK_IMAGES.ARC,CAL_WORLD_1212,track_select,256,128,DXT5,32768,99640,0x63C5818,1084553,1,,,
1,CALENDAR_TRACK_IMAGES.ARC,CAL_WORLD_1222,track_select,256,128,DXT5,32768,132440,0x63C5818,1084553,1,,,
1,CALENDAR_TRACK_IMAGES.ARC,CAL_WORLD_1225,track_select,256,128,DXT5,32768,165240,0x63C5818,1084553,1,,,
1,CALENDAR_TRACK_IMAGES.ARC,CAL_WORLD_1250,track_select,256,128,DXT5,32768,198040,0x63C5818,1084553,1,,,
1,CALENDAR_TRACK_IMAGES.ARC,CAL_WORLD_1459,track_select,256,128,DXT5,32768,230840,0x63C5818,1084553,1,,,
1,CALENDAR_TRACK_IMAGES.ARC,CAL_WORLD_1529,track_select,256,128,DXT5,32768,263640,0x63C5818,1084553,1,,,
1,CALENDAR_TRACK_IMAGES.ARC,CAL_WORLD_1628,track_select,256,128,DXT5,32768,296440,0x63C5818,1084553,1,,,
1,CALENDAR_TRACK_IMAGES.ARC,CAL_WORLD_1632,track_select,256,128,DXT5,32768,329240,0x63C5818,1084553,1,,,
1,CALENDAR_TRACK_IMAGES.ARC,CAL_WORLD_1636,track_select,256,128,DXT5,32768,362040,0x63C5818,1084553,1,,,
1,CALENDAR_TRACK_IMAGES.ARC,CAL_WORLD_1658,track_select,256,128,DXT5,32768,394840,0x63C5818,1084553,1,,,
1,CALENDAR_TRACK_IMAGES.ARC,CAL_WORLD_1670,track_select,256,128,DXT5,32768,427640,0x63C5818,1084553,1,,,
1,CALENDAR_TRACK_IMAGES.ARC,CAL_WORLD_1690,track_select,256,128,DXT5,32768,460440,0x63C5818,1084553,1,,,
1,CALENDAR_TRACK_IMAGES.ARC,CAL_WORLD_1762,track_select,256,128,DXT5,32768,493240,0x63C5818,1084553,1,,,
1,CALENDAR_TRACK_IMAGES.ARC,CAL_WORLD_1859,track_select,256,128,DXT5,32768,526040,0x63C5818,1084553,1,,,
1,CALENDAR_TRACK_IMAGES.ARC,CAL_WORLD_2439,track_select,256,128,DXT5,32768,558840,0x63C5818,1084553,1,,,
1,CALENDAR_TRACK_IMAGES.ARC,CAL_WORLD_2523,track_select,256,128,DXT5,32768,591640,0x63C5818,1084553,1,,,
1,CALENDAR_TRACK_IMAGES.ARC,CAL_WORLD_2527,track_select,256,128,DXT5,32768,624440,0x63C5818,1084553,1,,,
1,CALENDAR_TRACK_IMAGES.ARC,CAL_WORLD_2631,track_select,256,128,DXT5,32768,657240,0x63C5818,1084553,1,,,
1,CALENDAR_TRACK_IMAGES.ARC,CAL_WORLD_2777,track_select,256,128,DXT5,32768,690040,0x63C5818,1084553,1,,,
1,CALENDAR_TRACK_IMAGES.ARC,CAL_WORLD_5349,track_select,256,128,DXT5,32768,722840,0x63C5818,1084553,1,,,
1,CALENDAR_TRACK_IMAGES.ARC,CAL_WORLD_5407,track_select,256,128,DXT5,32768,755640,0x63C5818,1084553,1,,,
1,CALENDAR_TRACK_IMAGES.ARC,CAL_WORLD_5415,track_select,256,128,DXT5,32768,788440,0x63C5818,1084553,1,,,
1,CALENDAR_TRACK_IMAGES.ARC,CAL_WORLD_5418,track_select,256,128,DXT5,32768,821240,0x63C5818,1084553,1,,,
1,CALENDAR_TRACK_IMAGES.ARC,CAL_WORLD_9726,track_select,256,128,DXT5,32768,854040,0x63C5818,1084553,1,,,
1,CALENDAR_TRACK_IMAGES.ARC,CAL_WORLD_11232,track_select,256,128,DXT5,32768,886840,0x63C5818,1084553,1,,,
1,CALENDAR_TRACK_IMAGES.ARC,CAL_WORLD_11242,track_select,256,128,DXT5,32768,919640,0x63C5818,1084553,1,,,
1,CALENDAR_TRACK_IMAGES.ARC,CAL_WORLD_12290,track_select,256,128,DXT5,32768,952440,0x63C5818,1084553,1,,,
1,CALENDAR_TRACK_IMAGES.ARC,CAL_WORLD_12748,track_select,256,128,DXT5,32768,985240,0x63C5818,1084553,1,,,
1,CALENDAR_TRACK_IMAGES.ARC,CAL_WORLD_22671,track_select,256,128,DXT5,32768,1018040,0x63C5818,1084553,1,,,
1,CALENDAR_TRACK_IMAGES.ARC,NEW_SEASON,track_select,256,128,DXT5,32768,1050840,0x63C5818,1084553,1,,,
1,RACE_SETTINGS_WORLD_1181.ARC,WORLD_LOGO_1181,track_select,256,256,DXT5,65536,248,0x64CE4A8,328032,1,,,
1,RACE_SETTINGS_WORLD_1181.ARC,WORLD_BG_1181,track_select,512,512,DXT5,262144,65816,0x64CE4A8,328032,1,,,
1,RACE_SETTINGS_WORLD_1187.ARC,WORLD_LOGO_1187,track_select,256,256,DXT5,65536,248,0x651E608,328032,1,,,
1,RACE_SETTINGS_WORLD_1187.ARC,WORLD_BG_1187,track_select,512,512,DXT5,262144,65816,0x651E608,328032,1,,,
1,RACE_SETTINGS_WORLD_1198.ARC,WORLD_LOGO_1198,track_select,256,256,DXT5,65536,248,0x656E768,328032,1,,,
1,RACE_SETTINGS_WORLD_1198.ARC,WORLD_BG_1198,track_select,512,512,DXT5,262144,65816,0x656E768,328032,1,,,
1,RACE_SETTINGS_WORLD_1212.ARC,WORLD_LOGO_1212,track_select,256,256,DXT5,65536,248,0x65BE8C8,328032,1,,,
1,RACE_SETTINGS_WORLD_1212.ARC,WORLD_BG_1212,track_select,512,512,DXT5,262144,65816,0x65BE8C8,328032,1,,,
1,RACE_SETTINGS_WORLD_1222.ARC,WORLD_LOGO_1222,track_select,256,256,DXT5,65536,248,0x660EA28,328032,1,,,
1,RACE_SETTINGS_WORLD_1222.ARC,WORLD_BG_1222,track_select,512,512,DXT5,262144,65816,0x660EA28,328032,1,,,
1,RACE_SETTINGS_WORLD_1225.ARC,WORLD_LOGO_1225,track_select,256,256,DXT5,65536,248,0x665EB88,328032,1,,,
1,RACE_SETTINGS_WORLD_1225.ARC,WORLD_BG_1225,track_select,512,512,DXT5,262144,65816,0x665EB88,328032,1,,,
1,RACE_SETTINGS_WORLD_1250.ARC,WORLD_LOGO_1250,track_select,256,256,DXT5,65536,248,0x66AECE8,328032,1,,,
1,RACE_SETTINGS_WORLD_1250.ARC,WORLD_BG_1250,track_select,512,512,DXT5,262144,65816,0x66AECE8,328032,1,,,
1,RACE_SETTINGS_WORLD_1459.ARC,WORLD_LOGO_1459,track_select,256,256,DXT5,65536,248,0x66FEE48,328032,1,,,
1,RACE_SETTINGS_WORLD_1459.ARC,WORLD_BG_1459,track_select,512,512,DXT5,262144,65816,0x66FEE48,328032,1,,,
1,RACE_SETTINGS_WORLD_1529.ARC,WORLD_LOGO_1529,track_select,256,256,DXT5,65536,248,0x674EFA8,328032,1,,,
1,RACE_SETTINGS_WORLD_1529.ARC,WORLD_BG_1529,track_select,512,512,DXT5,262144,65816,0x674EFA8,328032,1,,,
1,RACE_SETTINGS_WORLD_1628.ARC,WORLD_LOGO_1628,track_select,256,256,DXT5,65536,248,0x679F108,328032,1,,,
1,RACE_SETTINGS_WORLD_1628.ARC,WORLD_BG_1628,track_select,512,512,DXT5,262144,65816,0x679F108,328032,1,,,
1,RACE_SETTINGS_WORLD_1632.ARC,WORLD_LOGO_1632,track_select,256,256,DXT5,65536,248,0x67EF268,328032,1,,,
1,RACE_SETTINGS_WORLD_1632.ARC,WORLD_BG_1632,track_select,512,512,DXT5,262144,65816,0x67EF268,328032,1,,,
1,RACE_SETTINGS_WORLD_1636.ARC,WORLD_LOGO_1636,track_select,256,256,DXT5,65536,248,0x683F3C8,328032,1,,,
1,RACE_SETTINGS_WORLD_1636.ARC,WORLD_BG_1636,track_select,512,512,DXT5,262144,65816,0x683F3C8,328032,1,,,
1,RACE_SETTINGS_WORLD_1658.ARC,WORLD_LOGO_1658,track_select,256,256,DXT5,65536,248,0x688F528,328032,1,,,
1,RACE_SETTINGS_WORLD_1658.ARC,WORLD_BG_1658,track_select,512,512,DXT5,262144,65816,0x688F528,328032,1,,,
1,RACE_SETTINGS_WORLD_1670.ARC,WORLD_LOGO_1670,track_select,256,256,DXT5,65536,248,0x68DF688,328032,1,,,
1,RACE_SETTINGS_WORLD_1670.ARC,WORLD_BG_1670,track_select,512,512,DXT5,262144,65816,0x68DF688,328032,1,,,
1,RACE_SETTINGS_WORLD_1690.ARC,WORLD_LOGO_1690,track_select,256,256,DXT5,65536,248,0x692F7E8,328032,1,,,
1,RACE_SETTINGS_WORLD_1690.ARC,WORLD_BG_1690,track_select,512,512,DXT5,262144,65816,0x692F7E8,328032,1,,,
1,RACE_SETTINGS_WORLD_1762.ARC,WORLD_LOGO_1762,track_select,256,256,DXT5,65536,248,0x697F948,328032,1,,,
1,RACE_SETTINGS_WORLD_1762.ARC,WORLD_BG_1762,track_select,512,512,DXT5,262144,65816,0x697F948,328032,1,,,
1,RACE_SETTINGS_WORLD_1859.ARC,WORLD_LOGO_1859,track_select,256,256,DXT5,65536,248,0x69CFAA8,328032,1,,,
1,RACE_SETTINGS_WORLD_1859.ARC,WORLD_BG_1859,track_select,512,512,DXT5,262144,65816,0x69CFAA8,328032,1,,,
1,RACE_SETTINGS_WORLD_2439.ARC,WORLD_LOGO_2439,track_select,256,256,DXT5,65536,248,0x6A1FC08,328032,1,,,
1,RACE_SETTINGS_WORLD_2439.ARC,WORLD_BG_2439,track_select,512,512,DXT5,262144,65816,0x6A1FC08,328032,1,,,
1,RACE_SETTINGS_WORLD_2523.ARC,WORLD_LOGO_2523,track_select,256,256,DXT5,65536,248,0x6A6FD68,328032,1,,,
1,RACE_SETTINGS_WORLD_2523.ARC,WORLD_BG_2523,track_select,512,512,DXT5,262144,65816,0x6A6FD68,328032,1,,,
1,RACE_SETTINGS_WORLD_2527.ARC,WORLD_LOGO_2527,track_select,256,256,DXT5,65536,248,0x6ABFEC8,328032,1,,,
1,RACE_SETTINGS_WORLD_2527.ARC,WORLD_BG_2527,track_select,512,512,DXT5,262144,65816,0x6ABFEC8,328032,1,,,
1,RACE_SETTINGS_WORLD_2631.ARC,WORLD_LOGO_2631,track_select,256,256,DXT5,65536,248,0x6B10028,328032,1,,,
1,RACE_SETTINGS_WORLD_2631.ARC,WORLD_BG_2631,track_select,512,512,DXT5,262144,65816,0x6B10028,328032,1,,,
1,RACE_SETTINGS_WORLD_2777.ARC,WORLD_LOGO_2777,track_select,256,256,DXT5,65536,248,0x6B60188,328032,1,,,
1,RACE_SETTINGS_WORLD_2777.ARC,WORLD_BG_2777,track_select,512,512,DXT5,262144,65816,0x6B60188,328032,1,,,
1,RACE_SETTINGS_WORLD_5349.ARC,WORLD_LOGO_5349,track_select,256,256,DXT5,65536,248,0x6BB02E8,328032,1,,,
1,RACE_SETTINGS_WORLD_5349.ARC,WORLD_BG_5349,track_select,512,512,DXT5,262144,65816,0x6BB02E8,328032,1,,,
1,RACE_SETTINGS_WORLD_5407.ARC,WORLD_LOGO_5407,track_select,256,256,DXT5,65536,248,0x6C00448,328032,1,,,
1,RACE_SETTINGS_WORLD_5407.ARC,WORLD_BG_5407,track_select,512,512,DXT5,262144,65816,0x6C00448,328032,1,,,
1,RACE_SETTINGS_WORLD_5415.ARC,WORLD_LOGO_5415,track_select,256,256,DXT5,65536,248,0x6C505A8,328032,1,,,
1,RACE_SETTINGS_WORLD_5415.ARC,WORLD_BG_5415,track_select,512,512,DXT5,262144,65816,0x6C505A8,328032,1,,,
1,RACE_SETTINGS_WORLD_5418.ARC,WORLD_LOGO_5418,track_select,256,256,DXT5,65536,248,0x6CA0708,328032,1,,,
1,RACE_SETTINGS_WORLD_5418.ARC,WORLD_BG_5418,track_select,512,512,DXT5,262144,65816,0x6CA0708,328032,1,,,
1,RACE_SETTINGS_WORLD_9726.ARC,WORLD_LOGO_9726,track_select,256,256,DXT5,65536,248,0x6CF0868,328032,1,,,
1,RACE_SETTINGS_WORLD_9726.ARC,WORLD_BG_9726,track_select,512,512,DXT5,262144,65816,0x6CF0868,328032,1,,,
1,RACE_SETTINGS_WORLD_11232.ARC,WORLD_LOGO_11232,track_select,256,256,DXT5,65536,248,0x6D409C8,328034,1,,,
1,RACE_SETTINGS_WORLD_11232.ARC,WORLD_BG_11232,track_select,512,512,DXT5,262144,65816,0x6D409C8,328034,1,,,
1,RACE_SETTINGS_WORLD_11242.ARC,WORLD_LOGO_11242,track_select,256,256,DXT5,65536,248,0x6D90B30,328034,1,,,
1,RACE_SETTINGS_WORLD_11242.ARC,WORLD_BG_11242,track_select,512,512,DXT5,262144,65816,0x6D90B30,328034,1,,,
1,RACE_SETTINGS_WORLD_12290.ARC,WORLD_LOGO_12290,track_select,256,256,DXT5,65536,248,0x6DE0C98,328034,1,,,
1,RACE_SETTINGS_WORLD_12290.ARC,WORLD_BG_12290,track_select,512,512,DXT5,262144,65816,0x6DE0C98,328034,1,,,
1,RACE_SETTINGS_WORLD_12748.ARC,WORLD_LOGO_12748,track_select,256,256,DXT5,65536,248,0x6E30E00,328034,1,,,
1,RACE_SETTINGS_WORLD_12748.ARC,WORLD_BG_12748,track_select,512,512,DXT5,262144,65816,0x6E30E00,328034,1,,,
1,RACE_SETTINGS_WORLD_22671.ARC,WORLD_LOGO_22671,track_select,256,256,DXT5,65536,248,0x6E80F68,328034,1,,,
1,RACE_SETTINGS_WORLD_22671.ARC,WORLD_BG_22671,track_select,512,512,DXT5,262144,65816,0x6E80F68,328034,1,,,
1,3TRACKCARDIMAGE.ARC,WORLD_ALL,track_select,512,256,DXT5,131072,1240,0x6ED10D0,2231304,1,,,
1,3TRACKCARDIMAGE.ARC,WORLD_1181,track_select,512,256,DXT1,65536,132344,0x6ED10D0,2231304,1,,,
1,3TRACKCARDIMAGE.ARC,WORLD_1187,track_select,512,256,DXT1,65536,197912,0x6ED10D0,2231304,1,,,
1,3TRACKCARDIMAGE.ARC,WORLD_1198,track_select,512,256,DXT1,65536,263480,0x6ED10D0,2231304,1,,,
1,3TRACKCARDIMAGE.ARC,WORLD_1212,track_select,512,256,DXT1,65536,329048,0x6ED10D0,2231304,1,,,
1,3TRACKCARDIMAGE.ARC,WORLD_1222,track_select,512,256,DXT1,65536,394616,0x6ED10D0,2231304,1,,,
1,3TRACKCARDIMAGE.ARC,WORLD_1225,track_select,512,256,DXT1,65536,460184,0x6ED10D0,2231304,1,,,
1,3TRACKCARDIMAGE.ARC,WORLD_1250,track_select,512,256,DXT1,65536,525752,0x6ED10D0,2231304,1,,,
1,3TRACKCARDIMAGE.ARC,WORLD_1459,track_select,512,256,DXT1,65536,591320,0x6ED10D0,2231304,1,,,
1,3TRACKCARDIMAGE.ARC,WORLD_1529,track_select,512,256,DXT1,65536,656888,0x6ED10D0,2231304,1,,,
1,3TRACKCARDIMAGE.ARC,WORLD_1628,track_select,512,256,DXT1,65536,722456,0x6ED10D0,2231304,1,,,
1,3TRACKCARDIMAGE.ARC,WORLD_1632,track_select,512,256,DXT1,65536,788024,0x6ED10D0,2231304,1,,,
1,3TRACKCARDIMAGE.ARC,WORLD_1636,track_select,512,256,DXT1,65536,853592,0x6ED10D0,2231304,1,,,
1,3TRACKCARDIMAGE.ARC,WORLD_1658,track_select,512,256,DXT1,65536,919160,0x6ED10D0,2231304,1,,,
1,3TRACKCARDIMAGE.ARC,WORLD_1670,track_select,512,256,DXT1,65536,984728,0x6ED10D0,2231304,1,,,
1,3TRACKCARDIMAGE.ARC,WORLD_1690,track_select,512,256,DXT1,65536,1050296,0x6ED10D0,2231304,1,,,
1,3TRACKCARDIMAGE.ARC,WORLD_1762,track_select,512,256,DXT1,65536,1115864,0x6ED10D0,2231304,1,,,
1,3TRACKCARDIMAGE.ARC,WORLD_1859,track_select,512,256,DXT1,65536,1181432,0x6ED10D0,2231304,1,,,
1,3TRACKCARDIMAGE.ARC,WORLD_2439,track_select,512,256,DXT1,65536,1247000,0x6ED10D0,2231304,1,,,
1,3TRACKCARDIMAGE.ARC,WORLD_2523,track_select,512,256,DXT1,65536,1312568,0x6ED10D0,2231304,1,,,
1,3TRACKCARDIMAGE.ARC,WORLD_2527,track_select,512,256,DXT1,65536,1378136,0x6ED10D0,2231304,1,,,
1,3TRACKCARDIMAGE.ARC,WORLD_2631,track_select,512,256,DXT1,65536,1443704,0x6ED10D0,2231304,1,,,
1,3TRACKCARDIMAGE.ARC,WORLD_2777,track_select,512,256,DXT1,65536,1509272,0x6ED10D0,2231304,1,,,
1,3TRACKCARDIMAGE.ARC,WORLD_5349,track_select,512,256,DXT1,65536,1574840,0x6ED10D0,2231304,1,,,
1,3TRACKCARDIMAGE.ARC,WORLD_5407,track_select,512,256,DXT1,65536,1640408,0x6ED10D0,2231304,1,,,
1,3TRACKCARDIMAGE.ARC,WORLD_5415,track_select,512,256,DXT1,65536,1705976,0x6ED10D0,2231304,1,,,
1,3TRACKCARDIMAGE.ARC,WORLD_5418,track_select,512,256,DXT1,65536,1771544,0x6ED10D0,2231304,1,,,
1,3TRACKCARDIMAGE.ARC,WORLD_9726,track_select,512,256,DXT1,65536,1837112,0x6ED10D0,2231304,1,,,
1,3TRACKCARDIMAGE.ARC,WORLD_11232,track_select,512,256,DXT1,65536,1902680,0x6ED10D0,2231304,1,,,
1,3TRACKCARDIMAGE.ARC,WORLD_11242,track_select,512,256,DXT1,65536,1968248,0x6ED10D0,2231304,1,,,
1,3TRACKCARDIMAGE.ARC,WORLD_12290,track_select,512,256,DXT1,65536,2033816,0x6ED10D0,2231304,1,,,
1,3TRACKCARDIMAGE.ARC,WORLD_12748,track_select,512,256,DXT1,65536,2099384,0x6ED10D0,2231304,1,,,
1,3TRACKCARDIMAGE.ARC,WORLD_22671,track_select,512,256,DXT1,65536,2164952,0x6ED10D0,2231304,1,,,
1,2LOBBYTRACKCARDIMAGE.ARC,WORLD_1181,track_select,512,256,DXT5,131072,1208,0x70F1CD8,4197285,1,,,
1,2LOBBYTRACKCARDIMAGE.ARC,WORLD_1187,track_select,512,256,DXT5,131072,132312,0x70F1CD8,4197285,1,,,
1,2LOBBYTRACKCARDIMAGE.ARC,WORLD_1198,track_select,512,256,DXT5,131072,263416,0x70F1CD8,4197285,1,,,
1,2LOBBYTRACKCARDIMAGE.ARC,WORLD_1212,track_select,512,256,DXT5,131072,394520,0x70F1CD8,4197285,1,,,
1,2LOBBYTRACKCARDIMAGE.ARC,WORLD_1222,track_select,512,256,DXT5,131072,525624,0x70F1CD8,4197285,1,,,
1,2LOBBYTRACKCARDIMAGE.ARC,WORLD_1225,track_select,512,256,DXT5,131072,656728,0x70F1CD8,4197285,1,,,
1,2LOBBYTRACKCARDIMAGE.ARC,WORLD_1250,track_select,512,256,DXT5,131072,787832,0x70F1CD8,4197285,1,,,
1,2LOBBYTRACKCARDIMAGE.ARC,WORLD_1459,track_select,512,256,DXT5,131072,918936,0x70F1CD8,4197285,1,,,
1,2LOBBYTRACKCARDIMAGE.ARC,WORLD_1529,track_select,512,256,DXT5,131072,1050040,0x70F1CD8,4197285,1,,,
1,2LOBBYTRACKCARDIMAGE.ARC,WORLD_1628,track_select,512,256,DXT5,131072,1181144,0x70F1CD8,4197285,1,,,
1,2LOBBYTRACKCARDIMAGE.ARC,WORLD_1632,track_select,512,256,DXT5,131072,1312248,0x70F1CD8,4197285,1,,,
1,2LOBBYTRACKCARDIMAGE.ARC,WORLD_1636,track_select,512,256,DXT5,131072,1443352,0x70F1CD8,4197285,1,,,
1,2LOBBYTRACKCARDIMAGE.ARC,WORLD_1658,track_select,512,256,DXT5,131072,1574456,0x70F1CD8,4197285,1,,,
1,2LOBBYTRACKCARDIMAGE.ARC,WORLD_1670,track_select,512,256,DXT5,131072,1705560,0x70F1CD8,4197285,1,,,
1,2LOBBYTRACKCARDIMAGE.ARC,WORLD_1690,track_select,512,256,DXT5,131072,1836664,0x70F1CD8,4197285,1,,,
1,2LOBBYTRACKCARDIMAGE.ARC,WORLD_1762,track_select,512,256,DXT5,131072,1967768,0x70F1CD8,4197285,1,,,
1,2LOBBYTRACKCARDIMAGE.ARC,WORLD_1859,track_select,512,256,DXT5,131072,2098872,0x70F1CD8,4197285,1,,,
1,2LOBBYTRACKCARDIMAGE.ARC,WORLD_2439,track_select,512,256,DXT5,131072,2229976,0x70F1CD8,4197285,1,,,
1,2LOBBYTRACKCARDIMAGE.ARC,WORLD_2523,track_select,512,256,DXT5,131072,2361080,0x70F1CD8,4197285,1,,,
1,2LOBBYTRACKCARDIMAGE.ARC,WORLD_2527,track_select,512,256,DXT5,131072,2492184,0x70F1CD8,4197285,1,,,
1,2LOBBYTRACKCARDIMAGE.ARC,WORLD_2631,track_select,512,256,DXT5,131072,2623288,0x70F1CD8,4197285,1,,,
1,2LOBBYTRACKCARDIMAGE.ARC,WORLD_2777,track_select,512,256,DXT5,131072,2754392,0x70F1CD8,4197285,1,,,
1,2LOBBYTRACKCARDIMAGE.ARC,WORLD_5349,track_select,512,256,DXT5,131072,2885496,0x70F1CD8,4197285,1,,,
1,2LOBBYTRACKCARDIMAGE.ARC,WORLD_5407,track_select,512,256,DXT5,131072,3016600,0x70F1CD8,4197285,1,,,
1,2LOBBYTRACKCARDIMAGE.ARC,WORLD_5415,track_select,512,256,DXT5,131072,3147704,0x70F1CD8,4197285,1,,,
1,2LOBBYTRACKCARDIMAGE.ARC,WORLD_5418,track_select,512,256,DXT5,131072,3278808,0x70F1CD8,4197285,1,,,
1,2LOBBYTRACKCARDIMAGE.ARC,WORLD_9726,track_select,512,256,DXT5,131072,3409912,0x70F1CD8,4197285,1,,,
1,2LOBBYTRACKCARDIMAGE.ARC,WORLD_11232,track_select,512,256,DXT5,131072,3541016,0x70F1CD8,4197285,1,,,
1,2LOBBYTRACKCARDIMAGE.ARC,WORLD_11242,track_select,512,256,DXT5,131072,3672120,0x70F1CD8,4197285,1,,,
1,2LOBBYTRACKCARDIMAGE.ARC,WORLD_12290,track_select,512,256,DXT5,131072,3803224,0x70F1CD8,4197285,1,,,
1,2LOBBYTRACKCARDIMAGE.ARC,WORLD_12748,track_select,512,256,DXT5,131072,3934328,0x70F1CD8,4197285,1,,,
1,2LOBBYTRACKCARDIMAGE.ARC,WORLD_22671,track_select,512,256,DXT5,131072,4065432,0x70F1CD8,4197285,1,,,
1,LOBBYTRACKCARDDETAILIMAGE.ARC,WORLD_1181,track_select,512,512,DXT5,262144,1208,0x74F2880,8391589,1,,,
1,LOBBYTRACKCARDDETAILIMAGE.ARC,WORLD_1187,track_select,512,512,DXT5,262144,263384,0x74F2880,8391589,1,,,
1,LOBBYTRACKCARDDETAILIMAGE.ARC,WORLD_1198,track_select,512,512,DXT5,262144,525560,0x74F2880,8391589,1,,,
1,LOBBYTRACKCARDDETAILIMAGE.ARC,WORLD_1212,track_select,512,512,DXT5,262144,787736,0x74F2880,8391589,1,,,
1,LOBBYTRACKCARDDETAILIMAGE.ARC,WORLD_1222,track_select,512,512,DXT5,262144,1049912,0x74F2880,8391589,1,,,
1,LOBBYTRACKCARDDETAILIMAGE.ARC,WORLD_1225,track_select,512,512,DXT5,262144,1312088,0x74F2880,8391589,1,,,
1,LOBBYTRACKCARDDETAILIMAGE.ARC,WORLD_1250,track_select,512,512,DXT5,262144,1574264,0x74F2880,8391589,1,,,
1,LOBBYTRACKCARDDETAILIMAGE.ARC,WORLD_1459,track_select,512,512,DXT5,262144,1836440,0x74F2880,8391589,1,,,
1,LOBBYTRACKCARDDETAILIMAGE.ARC,WORLD_1529,track_select,512,512,DXT5,262144,2098616,0x74F2880,8391589,1,,,
1,LOBBYTRACKCARDDETAILIMAGE.ARC,WORLD_1628,track_select,512,512,DXT5,262144,2360792,0x74F2880,8391589,1,,,
1,LOBBYTRACKCARDDETAILIMAGE.ARC,WORLD_1632,track_select,512,512,DXT5,262144,2622968,0x74F2880,8391589,1,,,
1,LOBBYTRACKCARDDETAILIMAGE.ARC,WORLD_1636,track_select,512,512,DXT5,262144,2885144,0x74F2880,8391589,1,,,
1,LOBBYTRACKCARDDETAILIMAGE.ARC,WORLD_1658,track_select,512,512,DXT5,262144,3147320,0x74F2880,8391589,1,,,
1,LOBBYTRACKCARDDETAILIMAGE.ARC,WORLD_1670,track_select,512,512,DXT5,262144,3409496,0x74F2880,8391589,1,,,
1,LOBBYTRACKCARDDETAILIMAGE.ARC,WORLD_1690,track_select,512,512,DXT5,262144,3671672,0x74F2880,8391589,1,,,
1,LOBBYTRACKCARDDETAILIMAGE.ARC,WORLD_1762,track_select,512,512,DXT5,262144,3933848,0x74F2880,8391589,1,,,
1,LOBBYTRACKCARDDETAILIMAGE.ARC,WORLD_1859,track_select,512,512,DXT5,262144,4196024,0x74F2880,8391589,1,,,
1,LOBBYTRACKCARDDETAILIMAGE.ARC,WORLD_2439,track_select,512,512,DXT5,262144,4458200,0x74F2880,8391589,1,,,
1,LOBBYTRACKCARDDETAILIMAGE.ARC,WORLD_2523,track_select,512,512,DXT5,262144,4720376,0x74F2880,8391589,1,,,
1,LOBBYTRACKCARDDETAILIMAGE.ARC,WORLD_2527,track_select,512,512,DXT5,262144,4982552,0x74F2880,8391589,1,,,
1,LOBBYTRACKCARDDETAILIMAGE.ARC,WORLD_2631,track_select,512,512,DXT5,262144,5244728,0x74F2880,8391589,1,,,
1,LOBBYTRACKCARDDETAILIMAGE.ARC,WORLD_2777,track_select,512,512,DXT5,262144,5506904,0x74F2880,8391589,1,,,
1,LOBBYTRACKCARDDETAILIMAGE.ARC,WORLD_5349,track_select,512,512,DXT5,262144,5769080,0x74F2880,8391589,1,,,
1,LOBBYTRACKCARDDETAILIMAGE.ARC,WORLD_5407,track_select,512,512,DXT5,262144,6031256,0x74F2880,8391589,1,,,
1,LOBBYTRACKCARDDETAILIMAGE.ARC,WORLD_5415,track_select,512,512,DXT5,262144,6293432,0x74F2880,8391589,1,,,
1,LOBBYTRACKCARDDETAILIMAGE.ARC,WORLD_5418,track_select,512,512,DXT5,262144,6555608,0x74F2880,8391589,1,,,
1,LOBBYTRACKCARDDETAILIMAGE.ARC,WORLD_9726,track_select,512,512,DXT5,262144,6817784,0x74F2880,8391589,1,,,
1,LOBBYTRACKCARDDETAILIMAGE.ARC,WORLD_11232,track_select,512,512,DXT5,262144,7079960,0x74F2880,8391589,1,,,
1,LOBBYTRACKCARDDETAILIMAGE.ARC,WORLD_11242,track_select,512,512,DXT5,262144,7342136,0x74F2880,8391589,1,,,
1,LOBBYTRACKCARDDETAILIMAGE.ARC,WORLD_12290,track_select,512,512,DXT5,262144,7604312,0x74F2880,8391589,1,,,
1,LOBBYTRACKCARDDETAILIMAGE.ARC,WORLD_12748,track_select,512,512,DXT5,262144,7866488,0x74F2880,8391589,1,,,
1,LOBBYTRACKCARDDETAILIMAGE.ARC,WORLD_22671,track_select,512,512,DXT5,262144,8128664,0x74F2880,8391589,1,,,
1,2DRIVERDETAILSIMAGE.ARC,imgpatterngray.tga,unknown_visual,6,4,FMT_0x19,1024,248,0x7DD4588,66916,0,,,Unsupported resource format FMT_0x19; raw export only
1,2DRIVERDETAILSIMAGE.ARC,imgartwork.tga,unknown_visual,512,128,DXT5,65536,1304,0x7DD4588,66916,1,,,
1,2DRIVERDETAILPOPUPIMAGE.ARC,imgcarnumber64.tga,driver_number_cards,32,16,FMT_0x19,4096,4344,0x7DE4AF0,566758,0,,,Unsupported resource format FMT_0x19; raw export only
1,2DRIVERDETAILPOPUPIMAGE.ARC,imgcarnumber61.tga,driver_number_cards,32,16,FMT_0x19,4096,8472,0x7DE4AF0,566758,0,,,Unsupported resource format FMT_0x19; raw export only
1,2DRIVERDETAILPOPUPIMAGE.ARC,imgcarnumber30.tga,driver_number_cards,32,16,FMT_0x19,4096,12600,0x7DE4AF0,566758,0,,,Unsupported resource format FMT_0x19; raw export only
1,2DRIVERDETAILPOPUPIMAGE.ARC,l_imgcarnumber98.tga,driver_number_cards,64,64,DXT1,4096,16728,0x7DE4AF0,566758,1,,,
1,2DRIVERDETAILPOPUPIMAGE.ARC,l_imgcarnumber92.tga,driver_number_cards,64,64,DXT1,4096,20856,0x7DE4AF0,566758,1,,,
1,2DRIVERDETAILPOPUPIMAGE.ARC,imgcarnumber72.tga,driver_number_cards,32,16,FMT_0x19,4096,24984,0x7DE4AF0,566758,0,,,Unsupported resource format FMT_0x19; raw export only
1,2DRIVERDETAILPOPUPIMAGE.ARC,imgcarnumber59.tga,driver_number_cards,32,16,FMT_0x19,4096,29112,0x7DE4AF0,566758,0,,,Unsupported resource format FMT_0x19; raw export only
1,2DRIVERDETAILPOPUPIMAGE.ARC,l_imgcarnumber69.tga,driver_number_cards,64,64,DXT1,4096,33240,0x7DE4AF0,566758,1,,,
1,2DRIVERDETAILPOPUPIMAGE.ARC,imgcarnumber40.tga,driver_number_cards,32,16,FMT_0x15,4096,37368,0x7DE4AF0,566758,0,,,Unsupported resource format FMT_0x15; raw export only
1,2DRIVERDETAILPOPUPIMAGE.ARC,l_imgcarnumber12.tga,driver_number_cards,64,64,DXT5,8192,41496,0x7DE4AF0,566758,1,,,
1,2DRIVERDETAILPOPUPIMAGE.ARC,l_imgcarnumber72.tga,driver_number_cards,64,64,DXT1,4096,49720,0x7DE4AF0,566758,1,,,
1,2DRIVERDETAILPOPUPIMAGE.ARC,l_imgcarnumber25.tga,driver_number_cards,64,64,DXT1,4096,53848,0x7DE4AF0,566758,1,,,
1,2DRIVERDETAILPOPUPIMAGE.ARC,imgcarnumber65.tga,driver_number_cards,32,16,FMT_0x19,4096,57976,0x7DE4AF0,566758,0,,,Unsupported resource format FMT_0x19; raw export only
1,2DRIVERDETAILPOPUPIMAGE.ARC,l_imgcarnumber51.tga,driver_number_cards,64,64,DXT1,4096,62104,0x7DE4AF0,566758,1,,,
1,2DRIVERDETAILPOPUPIMAGE.ARC,imgcarnumber75.tga,driver_number_cards,32,16,FMT_0x19,4096,66232,0x7DE4AF0,566758,0,,,Unsupported resource format FMT_0x19; raw export only
1,2DRIVERDETAILPOPUPIMAGE.ARC,imgcarnumber52.tga,driver_number_cards,32,16,FMT_0x19,4096,70360,0x7DE4AF0,566758,0,,,Unsupported resource format FMT_0x19; raw export only
1,2DRIVERDETAILPOPUPIMAGE.ARC,l_imgcarnumber50.tga,driver_number_cards,64,64,DXT1,4096,74488,0x7DE4AF0,566758,1,,,
1,2DRIVERDETAILPOPUPIMAGE.ARC,imgcarnumber76.tga,driver_number_cards,32,16,FMT_0x19,4096,78616,0x7DE4AF0,566758,0,,,Unsupported resource format FMT_0x19; raw export only
1,2DRIVERDETAILPOPUPIMAGE.ARC,l_imgcarnumber58.tga,driver_number_cards,64,64,DXT1,4096,82744,0x7DE4AF0,566758,1,,,
1,2DRIVERDETAILPOPUPIMAGE.ARC,imgcarnumber.tga,driver_number_cards,64,64,DXT5,8192,86872,0x7DE4AF0,566758,1,,,
1,2DRIVERDETAILPOPUPIMAGE.ARC,imgcarnumber97.tga,driver_number_cards,32,16,FMT_0x19,4096,95096,0x7DE4AF0,566758,0,,,Unsupported resource format FMT_0x19; raw export only
1,2DRIVERDETAILPOPUPIMAGE.ARC,imgcarnumber70.tga,driver_number_cards,32,16,FMT_0x19,4096,99224,0x7DE4AF0,566758,0,,,Unsupported resource format FMT_0x19; raw export only
1,2DRIVERDETAILPOPUPIMAGE.ARC,l_imgcarnumber96.tga,driver_number_cards,64,64,DXT1,4096,103352,0x7DE4AF0,566758,1,,,
1,2DRIVERDETAILPOPUPIMAGE.ARC,l_imgcarnumber65.tga,driver_number_cards,64,64,DXT1,4096,107480,0x7DE4AF0,566758,1,,,
1,2DRIVERDETAILPOPUPIMAGE.ARC,l_imgcarnumber70.tga,driver_number_cards,64,64,DXT1,4096,111608,0x7DE4AF0,566758,1,,,
1,2DRIVERDETAILPOPUPIMAGE.ARC,imgcarnumber32.tga,driver_number_cards,32,16,FMT_0x19,4096,115736,0x7DE4AF0,566758,0,,,Unsupported resource format FMT_0x19; raw export only
1,2DRIVERDETAILPOPUPIMAGE.ARC,l_imgcarnumber82.tga,driver_number_cards,64,64,DXT1,4096,119864,0x7DE4AF0,566758,1,,,
1,2DRIVERDETAILPOPUPIMAGE.ARC,imgcarnumber28.tga,driver_number_cards,32,16,FMT_0x19,4096,123992,0x7DE4AF0,566758,0,,,Unsupported resource format FMT_0x19; raw export only
1,2DRIVERDETAILPOPUPIMAGE.ARC,imgcarnumber79.tga,driver_number_cards,32,16,FMT_0x19,4096,128120,0x7DE4AF0,566758,0,,,Unsupported resource format FMT_0x19; raw export only
1,2DRIVERDETAILPOPUPIMAGE.ARC,l_imgcarnumber84.tga,driver_number_cards,64,64,DXT1,4096,132248,0x7DE4AF0,566758,1,,,
1,2DRIVERDETAILPOPUPIMAGE.ARC,imgcarnumber81.tga,driver_number_cards,32,16,FMT_0x19,4096,136376,0x7DE4AF0,566758,0,,,Unsupported resource format FMT_0x19; raw export only
1,2DRIVERDETAILPOPUPIMAGE.ARC,imgcarnumber23.tga,driver_number_cards,32,16,FMT_0x19,4096,140504,0x7DE4AF0,566758,0,,,Unsupported resource format FMT_0x19; raw export only
1,2DRIVERDETAILPOPUPIMAGE.ARC,l_imgcarnumber60.tga,driver_number_cards,64,64,DXT1,4096,144632,0x7DE4AF0,566758,1,,,
1,2DRIVERDETAILPOPUPIMAGE.ARC,imgcarnumber60.tga,driver_number_cards,32,16,FMT_0x19,4096,148760,0x7DE4AF0,566758,0,,,Unsupported resource format FMT_0x19; raw export only
1,2DRIVERDETAILPOPUPIMAGE.ARC,imgcarnumber66.tga,driver_number_cards,32,16,FMT_0x19,4096,152888,0x7DE4AF0,566758,0,,,Unsupported resource format FMT_0x19; raw export only
1,2DRIVERDETAILPOPUPIMAGE.ARC,imgpatterngray.tga,unknown_visual,6,4,FMT_0x19,1024,157016,0x7DE4AF0,566758,0,,,Unsupported resource format FMT_0x19; raw export only
1,2DRIVERDETAILPOPUPIMAGE.ARC,imgcarnumber44.tga,driver_number_cards,32,16,FMT_0x19,4096,158072,0x7DE4AF0,566758,0,,,Unsupported resource format FMT_0x19; raw export only
1,2DRIVERDETAILPOPUPIMAGE.ARC,l_imgcarnumber61.tga,driver_number_cards,64,64,DXT1,4096,162200,0x7DE4AF0,566758,1,,,
1,2DRIVERDETAILPOPUPIMAGE.ARC,imgcarnumber98.tga,driver_number_cards,32,16,FMT_0x19,4096,166328,0x7DE4AF0,566758,0,,,Unsupported resource format FMT_0x19; raw export only
1,2DRIVERDETAILPOPUPIMAGE.ARC,imgcarnumber56.tga,driver_number_cards,32,16,FMT_0x19,4096,170456,0x7DE4AF0,566758,0,,,Unsupported resource format FMT_0x19; raw export only
1,2DRIVERDETAILPOPUPIMAGE.ARC,l_imgcarnumber90.tga,driver_number_cards,64,64,DXT1,4096,174584,0x7DE4AF0,566758,1,,,
1,2DRIVERDETAILPOPUPIMAGE.ARC,imgcarnumber73.tga,driver_number_cards,32,16,FMT_0x19,4096,178712,0x7DE4AF0,566758,0,,,Unsupported resource format FMT_0x19; raw export only
1,2DRIVERDETAILPOPUPIMAGE.ARC,imgcarnumber08.tga,driver_number_cards,32,16,FMT_0x19,4096,182840,0x7DE4AF0,566758,0,,,Unsupported resource format FMT_0x19; raw export only
1,2DRIVERDETAILPOPUPIMAGE.ARC,imgcarnumber68.tga,driver_number_cards,32,16,FMT_0x19,4096,186968,0x7DE4AF0,566758,0,,,Unsupported resource format FMT_0x19; raw export only
1,2DRIVERDETAILPOPUPIMAGE.ARC,imgcarnumber25.tga,driver_number_cards,32,16,FMT_0x19,4096,191096,0x7DE4AF0,566758,0,,,Unsupported resource format FMT_0x19; raw export only
1,2DRIVERDETAILPOPUPIMAGE.ARC,l_imgcarnumber80.tga,driver_number_cards,64,64,DXT1,4096,195224,0x7DE4AF0,566758,1,,,
1,2DRIVERDETAILPOPUPIMAGE.ARC,l_imgcarnumber81.tga,driver_number_cards,64,64,DXT1,4096,199352,0x7DE4AF0,566758,1,,,
1,2DRIVERDETAILPOPUPIMAGE.ARC,l_imgcarnumber76.tga,driver_number_cards,64,64,DXT1,4096,203480,0x7DE4AF0,566758,1,,,
1,2DRIVERDETAILPOPUPIMAGE.ARC,imgcarnumber04.tga,driver_number_cards,32,16,FMT_0x15,4096,207608,0x7DE4AF0,566758,0,,,Unsupported resource format FMT_0x15; raw export only
1,2DRIVERDETAILPOPUPIMAGE.ARC,l_imgcarnumber59.tga,driver_number_cards,64,64,DXT1,4096,211736,0x7DE4AF0,566758,1,,,
1,2DRIVERDETAILPOPUPIMAGE.ARC,imgcarnumber67.tga,driver_number_cards,32,16,FMT_0x19,4096,215864,0x7DE4AF0,566758,0,,,Unsupported resource format FMT_0x19; raw export only
1,2DRIVERDETAILPOPUPIMAGE.ARC,imgcarnumber62.tga,driver_number_cards,32,16,FMT_0x19,4096,219992,0x7DE4AF0,566758,0,,,Unsupported resource format FMT_0x19; raw export only
1,2DRIVERDETAILPOPUPIMAGE.ARC,l_imgcarnumber89.tga,driver_number_cards,64,64,DXT1,4096,224120,0x7DE4AF0,566758,1,,,
1,2DRIVERDETAILPOPUPIMAGE.ARC,imgcarnumber86.tga,driver_number_cards,32,16,FMT_0x19,4096,228248,0x7DE4AF0,566758,0,,,Unsupported resource format FMT_0x19; raw export only
1,2DRIVERDETAILPOPUPIMAGE.ARC,imgcarnumber50.tga,driver_number_cards,32,16,FMT_0x19,4096,232376,0x7DE4AF0,566758,0,,,Unsupported resource format FMT_0x19; raw export only
1,2DRIVERDETAILPOPUPIMAGE.ARC,l_imgcarnumber73.tga,driver_number_cards,64,64,DXT1,4096,236504,0x7DE4AF0,566758,1,,,
1,2DRIVERDETAILPOPUPIMAGE.ARC,imgcarnumber45.tga,driver_number_cards,32,16,FMT_0x19,4096,240632,0x7DE4AF0,566758,0,,,Unsupported resource format FMT_0x19; raw export only
1,2DRIVERDETAILPOPUPIMAGE.ARC,l_imgcarnumber53.tga,driver_number_cards,64,64,DXT1,4096,244760,0x7DE4AF0,566758,1,,,
1,2DRIVERDETAILPOPUPIMAGE.ARC,l_imgcarnumber64.tga,driver_number_cards,64,64,DXT1,4096,248888,0x7DE4AF0,566758,1,,,
1,2DRIVERDETAILPOPUPIMAGE.ARC,imgcarnumber94.tga,driver_number_cards,32,16,FMT_0x19,4096,253016,0x7DE4AF0,566758,0,,,Unsupported resource format FMT_0x19; raw export only
1,2DRIVERDETAILPOPUPIMAGE.ARC,imgcarnumber63.tga,driver_number_cards,32,16,FMT_0x19,4096,257144,0x7DE4AF0,566758,0,,,Unsupported resource format FMT_0x19; raw export only
1,2DRIVERDETAILPOPUPIMAGE.ARC,l_imgcarnumber26.tga,driver_number_cards,64,64,DXT1,4096,261272,0x7DE4AF0,566758,1,,,
1,2DRIVERDETAILPOPUPIMAGE.ARC,l_imgcarnumber67.tga,driver_number_cards,64,64,DXT1,4096,265400,0x7DE4AF0,566758,1,,,
1,2DRIVERDETAILPOPUPIMAGE.ARC,imgcarnumber41.tga,driver_number_cards,32,16,FMT_0x15,4096,269528,0x7DE4AF0,566758,0,,,Unsupported resource format FMT_0x15; raw export only
1,2DRIVERDETAILPOPUPIMAGE.ARC,l_imgcarnumber94.tga,driver_number_cards,64,64,DXT1,4096,273656,0x7DE4AF0,566758,1,,,
1,2DRIVERDETAILPOPUPIMAGE.ARC,imgcarnumber84.tga,driver_number_cards,32,16,FMT_0x19,4096,277784,0x7DE4AF0,566758,0,,,Unsupported resource format FMT_0x19; raw export only
1,2DRIVERDETAILPOPUPIMAGE.ARC,imgcarnumber58.tga,driver_number_cards,32,16,FMT_0x19,4096,281912,0x7DE4AF0,566758,0,,,Unsupported resource format FMT_0x19; raw export only
1,2DRIVERDETAILPOPUPIMAGE.ARC,imgcarnumber00.tga,driver_number_cards,32,16,FMT_0x19,4096,286040,0x7DE4AF0,566758,0,,,Unsupported resource format FMT_0x19; raw export only
1,2DRIVERDETAILPOPUPIMAGE.ARC,imgcarnumber46.tga,driver_number_cards,32,16,FMT_0x19,4096,290168,0x7DE4AF0,566758,0,,,Unsupported resource format FMT_0x19; raw export only
1,2DRIVERDETAILPOPUPIMAGE.ARC,l_imgcarnumber23.tga,driver_number_cards,64,64,DXT1,4096,294296,0x7DE4AF0,566758,1,,,
1,2DRIVERDETAILPOPUPIMAGE.ARC,l_imgcarnumber52.tga,driver_number_cards,64,64,DXT1,4096,298424,0x7DE4AF0,566758,1,,,
1,2DRIVERDETAILPOPUPIMAGE.ARC,imgcarnumber53.tga,driver_number_cards,32,16,FMT_0x19,4096,302552,0x7DE4AF0,566758,0,,,Unsupported resource format FMT_0x19; raw export only
1,2DRIVERDETAILPOPUPIMAGE.ARC,imgcarnumber82.tga,driver_number_cards,32,16,FMT_0x19,4096,306680,0x7DE4AF0,566758,0,,,Unsupported resource format FMT_0x19; raw export only
1,2DRIVERDETAILPOPUPIMAGE.ARC,l_imgcarnumber46.tga,driver_number_cards,64,64,DXT1,4096,310808,0x7DE4AF0,566758,1,,,
1,2DRIVERDETAILPOPUPIMAGE.ARC,l_imgcarnumber57.tga,driver_number_cards,64,64,DXT1,4096,314936,0x7DE4AF0,566758,1,,,
1,2DRIVERDETAILPOPUPIMAGE.ARC,l_imgcarnumber79.tga,driver_number_cards,64,64,DXT1,4096,319064,0x7DE4AF0,566758,1,,,
1,2DRIVERDETAILPOPUPIMAGE.ARC,imgcarnumber80.tga,driver_number_cards,32,16,FMT_0x19,4096,323192,0x7DE4AF0,566758,0,,,Unsupported resource format FMT_0x19; raw export only
1,2DRIVERDETAILPOPUPIMAGE.ARC,l_imgcarnumber41.tga,driver_number_cards,64,64,DXT5,8192,327320,0x7DE4AF0,566758,1,,,
1,2DRIVERDETAILPOPUPIMAGE.ARC,l_imgcarnumber85.tga,driver_number_cards,64,64,DXT1,4096,335544,0x7DE4AF0,566758,1,,,
1,2DRIVERDETAILPOPUPIMAGE.ARC,l_imgcarnumber62.tga,driver_number_cards,64,64,DXT1,4096,339672,0x7DE4AF0,566758,1,,,
1,2DRIVERDETAILPOPUPIMAGE.ARC,imgcarnumber54.tga,driver_number_cards,32,16,FMT_0x19,4096,343800,0x7DE4AF0,566758,0,,,Unsupported resource format FMT_0x19; raw export only
1,2DRIVERDETAILPOPUPIMAGE.ARC,l_imgcarnumber29.tga,driver_number_cards,64,64,DXT1,4096,347928,0x7DE4AF0,566758,1,,,
1,2DRIVERDETAILPOPUPIMAGE.ARC,imgcarnumber57.tga,driver_number_cards,32,16,FMT_0x19,4096,352056,0x7DE4AF0,566758,0,,,Unsupported resource format FMT_0x19; raw export only
1,2DRIVERDETAILPOPUPIMAGE.ARC,imgcarnumber89.tga,driver_number_cards,32,16,FMT_0x19,4096,356184,0x7DE4AF0,566758,0,,,Unsupported resource format FMT_0x19; raw export only
1,2DRIVERDETAILPOPUPIMAGE.ARC,l_imgcarnumber56.tga,driver_number_cards,64,64,DXT1,4096,360312,0x7DE4AF0,566758,1,,,
1,2DRIVERDETAILPOPUPIMAGE.ARC,imgcarnumber91.tga,driver_number_cards,32,16,FMT_0x19,4096,364440,0x7DE4AF0,566758,0,,,Unsupported resource format FMT_0x19; raw export only
1,2DRIVERDETAILPOPUPIMAGE.ARC,imgcarnumber19.tga,driver_number_cards,32,16,FMT_0x19,4096,368568,0x7DE4AF0,566758,0,,,Unsupported resource format FMT_0x19; raw export only
1,2DRIVERDETAILPOPUPIMAGE.ARC,imgcarnumber37.tga,driver_number_cards,32,16,FMT_0x19,4096,372696,0x7DE4AF0,566758,0,,,Unsupported resource format FMT_0x19; raw export only
1,2DRIVERDETAILPOPUPIMAGE.ARC,l_imgcarnumber40.tga,driver_number_cards,64,64,DXT5,8192,376824,0x7DE4AF0,566758,1,,,
1,2DRIVERDETAILPOPUPIMAGE.ARC,imgcarnumber33.tga,driver_number_cards,32,16,FMT_0x19,4096,385048,0x7DE4AF0,566758,0,,,Unsupported resource format FMT_0x19; raw export only
1,2DRIVERDETAILPOPUPIMAGE.ARC,l_imgcarnumber00.tga,driver_number_cards,64,64,DXT1,4096,389176,0x7DE4AF0,566758,1,,,
1,2DRIVERDETAILPOPUPIMAGE.ARC,l_imgcarnumber63.tga,driver_number_cards,64,64,DXT1,4096,393304,0x7DE4AF0,566758,1,,,
1,2DRIVERDETAILPOPUPIMAGE.ARC,l_imgcarnumber33.tga,driver_number_cards,64,64,DXT1,4096,397432,0x7DE4AF0,566758,1,,,
1,2DRIVERDETAILPOPUPIMAGE.ARC,l_imgcarnumber74.tga,driver_number_cards,64,64,DXT1,4096,401560,0x7DE4AF0,566758,1,,,
1,2DRIVERDETAILPOPUPIMAGE.ARC,imgcarnumber29.tga,driver_number_cards,32,16,FMT_0x19,4096,405688,0x7DE4AF0,566758,0,,,Unsupported resource format FMT_0x19; raw export only
1,2DRIVERDETAILPOPUPIMAGE.ARC,imgcarnumber26.tga,driver_number_cards,32,16,FMT_0x19,4096,409816,0x7DE4AF0,566758,0,,,Unsupported resource format FMT_0x19; raw export only
1,2DRIVERDETAILPOPUPIMAGE.ARC,l_imgcarnumber08.tga,driver_number_cards,64,64,DXT1,4096,413944,0x7DE4AF0,566758,1,,,
1,2DRIVERDETAILPOPUPIMAGE.ARC,l_imgcarnumber44.tga,driver_number_cards,64,64,DXT1,4096,418072,0x7DE4AF0,566758,1,,,
1,2DRIVERDETAILPOPUPIMAGE.ARC,imgcarnumber74.tga,driver_number_cards,32,16,FMT_0x19,4096,422200,0x7DE4AF0,566758,0,,,Unsupported resource format FMT_0x19; raw export only
1,2DRIVERDETAILPOPUPIMAGE.ARC,l_imgcarnumber49.tga,driver_number_cards,64,64,DXT1,4096,426328,0x7DE4AF0,566758,1,,,
1,2DRIVERDETAILPOPUPIMAGE.ARC,imgcarnumber12.tga,driver_number_cards,32,16,FMT_0x15,4096,430456,0x7DE4AF0,566758,0,,,Unsupported resource format FMT_0x15; raw export only
1,2DRIVERDETAILPOPUPIMAGE.ARC,imgcarnumber92.tga,driver_number_cards,32,16,FMT_0x19,4096,434584,0x7DE4AF0,566758,0,,,Unsupported resource format FMT_0x19; raw export only
1,2DRIVERDETAILPOPUPIMAGE.ARC,imgcarnumber69.tga,driver_number_cards,32,16,FMT_0x19,4096,438712,0x7DE4AF0,566758,0,,,Unsupported resource format FMT_0x19; raw export only
1,2DRIVERDETAILPOPUPIMAGE.ARC,l_imgcarnumber45.tga,driver_number_cards,64,64,DXT1,4096,442840,0x7DE4AF0,566758,1,,,
1,2DRIVERDETAILPOPUPIMAGE.ARC,l_imgcarnumber77.tga,driver_number_cards,64,64,DXT1,4096,446968,0x7DE4AF0,566758,1,,,
1,2DRIVERDETAILPOPUPIMAGE.ARC,imgcarnumber49.tga,driver_number_cards,32,16,FMT_0x19,4096,451096,0x7DE4AF0,566758,0,,,Unsupported resource format FMT_0x19; raw export only
1,2DRIVERDETAILPOPUPIMAGE.ARC,l_imgcarnumber04.tga,driver_number_cards,64,64,DXT5,8192,455224,0x7DE4AF0,566758,1,,,
1,2DRIVERDETAILPOPUPIMAGE.ARC,l_imgcarnumber54.tga,driver_number_cards,64,64,DXT1,4096,463448,0x7DE4AF0,566758,1,,,
1,2DRIVERDETAILPOPUPIMAGE.ARC,l_imgcarnumber39.tga,driver_number_cards,64,64,DXT1,4096,467576,0x7DE4AF0,566758,1,,,
1,2DRIVERDETAILPOPUPIMAGE.ARC,imgcarnumber35.tga,driver_number_cards,32,16,FMT_0x15,4096,471704,0x7DE4AF0,566758,0,,,Unsupported resource format FMT_0x15; raw export only
1,2DRIVERDETAILPOPUPIMAGE.ARC,l_imgcarnumber86.tga,driver_number_cards,64,64,DXT1,4096,475832,0x7DE4AF0,566758,1,,,
1,2DRIVERDETAILPOPUPIMAGE.ARC,imgcarnumber51.tga,driver_number_cards,32,16,FMT_0x19,4096,479960,0x7DE4AF0,566758,0,,,Unsupported resource format FMT_0x19; raw export only
1,2DRIVERDETAILPOPUPIMAGE.ARC,l_imgcarnumber91.tga,driver_number_cards,64,64,DXT1,4096,484088,0x7DE4AF0,566758,1,,,
1,2DRIVERDETAILPOPUPIMAGE.ARC,l_imgcarnumber35.tga,driver_number_cards,64,64,DXT5,8192,488216,0x7DE4AF0,566758,1,,,
1,2DRIVERDETAILPOPUPIMAGE.ARC,imgcarnumber96.tga,driver_number_cards,32,16,FMT_0x19,4096,496440,0x7DE4AF0,566758,0,,,Unsupported resource format FMT_0x19; raw export only
1,2DRIVERDETAILPOPUPIMAGE.ARC,l_imgcarnumber71.tga,driver_number_cards,64,64,DXT1,4096,500568,0x7DE4AF0,566758,1,,,
1,2DRIVERDETAILPOPUPIMAGE.ARC,imgcarnumber39.tga,driver_number_cards,32,16,FMT_0x19,4096,504696,0x7DE4AF0,566758,0,,,Unsupported resource format FMT_0x19; raw export only
1,2DRIVERDETAILPOPUPIMAGE.ARC,l_imgcarnumber68.tga,driver_number_cards,64,64,DXT1,4096,508824,0x7DE4AF0,566758,1,,,
1,2DRIVERDETAILPOPUPIMAGE.ARC,imgcarnumber85.tga,driver_number_cards,32,16,FMT_0x19,4096,512952,0x7DE4AF0,566758,0,,,Unsupported resource format FMT_0x19; raw export only
1,2DRIVERDETAILPOPUPIMAGE.ARC,l_imgcarnumber66.tga,driver_number_cards,64,64,DXT1,4096,517080,0x7DE4AF0,566758,1,,,
1,2DRIVERDETAILPOPUPIMAGE.ARC,l_imgcarnumber97.tga,driver_number_cards,64,64,DXT1,4096,521208,0x7DE4AF0,566758,1,,,
1,2DRIVERDETAILPOPUPIMAGE.ARC,imgcarnumber77.tga,driver_number_cards,32,16,FMT_0x19,4096,525336,0x7DE4AF0,566758,0,,,Unsupported resource format FMT_0x19; raw export only
1,2DRIVERDETAILPOPUPIMAGE.ARC,imgcarnumber90.tga,driver_number_cards,32,16,FMT_0x19,4096,529464,0x7DE4AF0,566758,0,,,Unsupported resource format FMT_0x19; raw export only
1,2DRIVERDETAILPOPUPIMAGE.ARC,l_imgcarnumber37.tga,driver_number_cards,64,64,DXT1,4096,533592,0x7DE4AF0,566758,1,,,
1,2DRIVERDETAILPOPUPIMAGE.ARC,l_imgcarnumber28.tga,driver_number_cards,64,64,DXT1,4096,537720,0x7DE4AF0,566758,1,,,
1,2DRIVERDETAILPOPUPIMAGE.ARC,l_imgcarnumber32.tga,driver_number_cards,64,64,DXT1,4096,541848,0x7DE4AF0,566758,1,,,
1,2DRIVERDETAILPOPUPIMAGE.ARC,l_imgcarnumber19.tga,driver_number_cards,64,64,DXT1,4096,545976,0x7DE4AF0,566758,1,,,
1,2DRIVERDETAILPOPUPIMAGE.ARC,imgcarnumber71.tga,driver_number_cards,32,16,FMT_0x19,4096,550104,0x7DE4AF0,566758,0,,,Unsupported resource format FMT_0x19; raw export only
1,2DRIVERDETAILPOPUPIMAGE.ARC,l_imgcarnumber30.tga,driver_number_cards,64,64,DXT1,4096,554232,0x7DE4AF0,566758,1,,,
1,2DRIVERDETAILPOPUPIMAGE.ARC,l_imgcarnumber75.tga,driver_number_cards,64,64,DXT1,4096,558360,0x7DE4AF0,566758,1,,,
1,3LOADINGTRIVIAQUIZIMAGETEST.ARC,imgcarnumberc.tga,misc_ui,64,64,DXT5,8192,312,0x7E6F0D8,287261,1,,,
1,3LOADINGTRIVIAQUIZIMAGETEST.ARC,imgcarnumberl.tga,misc_ui,64,64,DXT5,8192,8536,0x7E6F0D8,287261,1,,,
1,3LOADINGTRIVIAQUIZIMAGETEST.ARC,imgcarnumberr.tga,misc_ui,64,64,DXT5,8192,16760,0x7E6F0D8,287261,1,,,
1,3LOADINGTRIVIAQUIZIMAGETEST.ARC,loadingbgimage.tga,misc_ui,1024,512,DXT1,262144,24984,0x7E6F0D8,287261,1,,,
1,CHAMP_MISSSPRINTCUP.ARC,2015_misssprintcup_eye_d.dds,unknown_visual,64,64,DXT1,57344,603624,0x8AD4940,983983,1,,,
1,CHAMP_MISSSPRINTCUP.ARC,Daytona_Day_Ref2.dds,unknown_visual,128,64,FMT_0x15,65536,661048,0x8AD4940,983983,0,,,Unsupported resource format FMT_0x15; raw export only
1,CHAMP_MISSSPRINTCUP.ARC,GARAGE_SKIN_REFLECTION13.dds,unknown_visual,128,64,FMT_0x15,65536,726680,0x8AD4940,983983,0,,,Unsupported resource format FMT_0x15; raw export only
1,CHAMP_MISSSPRINTCUP.ARC,hairOffsetTex.dds,unknown_visual,128,128,DXT1,65536,792312,0x8AD4940,983983,1,,,
1,CHAMP_MISSSPRINTCUP.ARC,shared_eye_r.dds,unknown_visual,32,32,DXT1,24576,857944,0x8AD4940,983983,1,,,
1,CHAMP_MISSSPRINTCUP.ARC,Shared_Fabric_N.dds,unknown_visual,256,256,DXT1,98304,882568,0x8AD4940,983983,1,,,
1467326216,FEI_LIV_25529.ARC,PAINTSCHEME_25529,paint_scheme_preview,256,256,DXT5,65536,216,0x2F48,65803,1,,,
1467326216,FEI_LIV_25531.ARC,PAINTSCHEME_25531,paint_scheme_preview,256,256,DXT5,65536,216,0x6DB328,65803,1,,,
1467326216,FEI_LIV_25532.ARC,PAINTSCHEME_25532,paint_scheme_preview,256,256,DXT5,65536,216,0xDB3708,65803,1,,,
1467326216,FEI_LIV_25537.ARC,PAINTSCHEME_25537,paint_scheme_preview,256,256,DXT5,65536,216,0x148BAE8,65803,1,,,
1467326216,FEI_LIV_25538.ARC,PAINTSCHEME_25538,paint_scheme_preview,256,256,DXT5,65536,216,0x1B63EC8,65803,1,,,
1467326216,FEI_LIV_25539.ARC,PAINTSCHEME_25539,paint_scheme_preview,256,256,DXT5,65536,216,0x223C2A8,65803,1,,,
1467326216,FEI_LIV_25542.ARC,PAINTSCHEME_25542,paint_scheme_preview,256,256,DXT5,65536,216,0x2914688,65803,1,,,
1467326216,FEI_LIV_25543.ARC,PAINTSCHEME_25543,paint_scheme_preview,256,256,DXT5,65536,216,0x2FECA68,65803,1,,,
2,LIVERY_15_31_RYAN_NEWMAN_PRIMARY.ARC,IMG_LIV,unknown_visual,2048,1024,DXT1,1458176,216,0x21621C0,1458529,1,,,
2,LIVERY_CAREER_CHEVY_1.ARC,IMG_LIV,unknown_visual,2048,1024,DXT1,1458176,216,0x458C650,1458529,1,,,
2,LIVERY_CAREER_CHEVY_10.ARC,IMG_LIV,unknown_visual,2048,1024,DXT1,1458176,216,0x46F07B8,1458529,1,,,
2,LIVERY_CAREER_CHEVY_11.ARC,IMG_LIV,unknown_visual,2048,1024,DXT1,1458176,216,0x4854920,1458529,1,,,
2,LIVERY_CAREER_CHEVY_12.ARC,IMG_LIV,unknown_visual,2048,1024,DXT1,1458176,216,0x49B8A88,1458529,1,,,
2,LIVERY_CAREER_CHEVY_13.ARC,IMG_LIV,unknown_visual,2048,1024,DXT1,1458176,216,0x4B1CBF0,1458529,1,,,
2,LIVERY_CAREER_CHEVY_14.ARC,IMG_LIV,unknown_visual,2048,1024,DXT1,1458176,216,0x4C80D58,1458529,1,,,
2,LIVERY_CAREER_CHEVY_15.ARC,IMG_LIV,unknown_visual,2048,1024,DXT1,1458176,216,0x4DE4EC0,1458529,1,,,
2,LIVERY_CAREER_CHEVY_2.ARC,IMG_LIV,unknown_visual,2048,1024,DXT1,1458176,216,0x4F49028,1458529,1,,,
2,LIVERY_CAREER_CHEVY_3.ARC,IMG_LIV,unknown_visual,2048,1024,DXT1,1458176,216,0x50AD190,1458529,1,,,
2,LIVERY_CAREER_CHEVY_4.ARC,IMG_LIV,unknown_visual,2048,1024,DXT1,1458176,216,0x52112F8,1458529,1,,,
2,LIVERY_CAREER_CHEVY_5.ARC,IMG_LIV,unknown_visual,2048,1024,DXT1,1458176,216,0x5375460,1458529,1,,,
2,LIVERY_CAREER_CHEVY_6.ARC,IMG_LIV,unknown_visual,2048,1024,DXT1,1458176,216,0x54D95C8,1458529,1,,,
2,LIVERY_CAREER_CHEVY_7.ARC,IMG_LIV,unknown_visual,2048,1024,DXT1,1458176,216,0x563D730,1458529,1,,,
2,LIVERY_CAREER_CHEVY_8.ARC,IMG_LIV,unknown_visual,2048,1024,DXT1,1458176,216,0x57A1898,1458529,1,,,
2,LIVERY_CAREER_CHEVY_9.ARC,IMG_LIV,unknown_visual,2048,1024,DXT1,1458176,216,0x5905A00,1458529,1,,,
2,LIVERY_CAREER_FORD_1.ARC,IMG_LIV,unknown_visual,2048,1024,DXT1,1458176,216,0x5A69B68,1458529,1,,,
2,LIVERY_CAREER_FORD_10.ARC,IMG_LIV,unknown_visual,2048,1024,DXT1,1458176,216,0x5BCDCD0,1458529,1,,,
2,LIVERY_CAREER_FORD_11.ARC,IMG_LIV,unknown_visual,2048,1024,DXT1,1458176,216,0x5D31E38,1458529,1,,,
2,LIVERY_CAREER_FORD_12.ARC,IMG_LIV,unknown_visual,2048,1024,DXT1,1458176,216,0x5E95FA0,1458529,1,,,
2,LIVERY_CAREER_FORD_13.ARC,IMG_LIV,unknown_visual,2048,1024,DXT1,1458176,216,0x5FFA108,1458529,1,,,
2,LIVERY_CAREER_FORD_14.ARC,IMG_LIV,unknown_visual,2048,1024,DXT1,1458176,216,0x615E270,1458529,1,,,
2,LIVERY_CAREER_FORD_15.ARC,IMG_LIV,unknown_visual,2048,1024,DXT1,1458176,216,0x62C23D8,1458529,1,,,
2,LIVERY_CAREER_FORD_2.ARC,IMG_LIV,unknown_visual,2048,1024,DXT1,1458176,216,0x6426540,1458529,1,,,
2,LIVERY_CAREER_FORD_3.ARC,IMG_LIV,unknown_visual,2048,1024,DXT1,1458176,216,0x658A6A8,1458529,1,,,
2,LIVERY_CAREER_FORD_4.ARC,IMG_LIV,unknown_visual,2048,1024,DXT1,1458176,216,0x66EE810,1458529,1,,,
2,LIVERY_CAREER_FORD_5.ARC,IMG_LIV,unknown_visual,2048,1024,DXT1,1458176,216,0x6852978,1458529,1,,,
2,LIVERY_CAREER_FORD_6.ARC,IMG_LIV,unknown_visual,2048,1024,DXT1,1458176,216,0x69B6AE0,1458529,1,,,
2,LIVERY_CAREER_FORD_7.ARC,IMG_LIV,unknown_visual,2048,1024,DXT1,1458176,216,0x6B1AC48,1458529,1,,,
2,LIVERY_CAREER_FORD_8.ARC,IMG_LIV,unknown_visual,2048,1024,DXT1,1458176,216,0x6C7EDB0,1458529,1,,,
2,LIVERY_CAREER_FORD_9.ARC,IMG_LIV,unknown_visual,2048,1024,DXT1,1458176,216,0x6DE2F18,1458529,1,,,
2,LIVERY_CAREER_TOYOTA_1.ARC,IMG_LIV,unknown_visual,2048,1024,DXT1,1458176,216,0x6F47080,1458529,1,,,
2,LIVERY_CAREER_TOYOTA_10.ARC,IMG_LIV,unknown_visual,2048,1024,DXT1,1458176,216,0x70AB1E8,1458529,1,,,
2,LIVERY_CAREER_TOYOTA_11.ARC,IMG_LIV,unknown_visual,2048,1024,DXT1,1458176,216,0x720F350,1458529,1,,,
2,LIVERY_CAREER_TOYOTA_12.ARC,IMG_LIV,unknown_visual,2048,1024,DXT1,1458176,216,0x73734B8,1458529,1,,,
2,LIVERY_CAREER_TOYOTA_13.ARC,IMG_LIV,unknown_visual,2048,1024,DXT1,1458176,216,0x74D7620,1458529,1,,,
2,LIVERY_CAREER_TOYOTA_14.ARC,IMG_LIV,unknown_visual,2048,1024,DXT1,1458176,216,0x763B788,1458529,1,,,
2,LIVERY_CAREER_TOYOTA_15.ARC,IMG_LIV,unknown_visual,2048,1024,DXT1,1458176,216,0x779F8F0,1458529,1,,,
2,LIVERY_CAREER_TOYOTA_2.ARC,IMG_LIV,unknown_visual,2048,1024,DXT1,1458176,216,0x7903A58,1458529,1,,,
2,LIVERY_CAREER_TOYOTA_3.ARC,IMG_LIV,unknown_visual,2048,1024,DXT1,1458176,216,0x7A67BC0,1458529,1,,,
2,LIVERY_CAREER_TOYOTA_4.ARC,IMG_LIV,unknown_visual,2048,1024,DXT1,1458176,216,0x7BCBD28,1458529,1,,,
2,LIVERY_CAREER_TOYOTA_5.ARC,IMG_LIV,unknown_visual,2048,1024,DXT1,1458176,216,0x7D2FE90,1458529,1,,,
2,LIVERY_CAREER_TOYOTA_6.ARC,IMG_LIV,unknown_visual,2048,1024,DXT1,1458176,216,0x7E93FF8,1458529,1,,,
2,LIVERY_CAREER_TOYOTA_7.ARC,IMG_LIV,unknown_visual,2048,1024,DXT1,1458176,216,0x7FF8160,1458529,1,,,
2,LIVERY_CAREER_TOYOTA_8.ARC,IMG_LIV,unknown_visual,2048,1024,DXT1,1458176,216,0x815C2C8,1458529,1,,,
2,LIVERY_CAREER_TOYOTA_9.ARC,IMG_LIV,unknown_visual,2048,1024,DXT1,1458176,216,0x82C0430,1458529,1,,,
2,HDLIVERY_15_31_RYAN_NEWMAN_PRIMARY.ARC,IMG_LIV,unknown_visual,4096,2048,DXT1,5652480,216,0x109B2B90,5652833,1,,,
2,HDLIVERY_CAREER_CHEVY_1.ARC,IMG_LIV,unknown_visual,4096,2048,DXT1,5652480,216,0x195DD020,5652833,1,,,
2,HDLIVERY_CAREER_CHEVY_10.ARC,IMG_LIV,unknown_visual,4096,2048,DXT1,5652480,216,0x19B41188,5652833,1,,,
2,HDLIVERY_CAREER_CHEVY_11.ARC,IMG_LIV,unknown_visual,4096,2048,DXT1,5652480,216,0x1A0A52F0,5652833,1,,,
2,HDLIVERY_CAREER_CHEVY_12.ARC,IMG_LIV,unknown_visual,4096,2048,DXT1,5652480,216,0x1A609458,5652833,1,,,
2,HDLIVERY_CAREER_CHEVY_13.ARC,IMG_LIV,unknown_visual,4096,2048,DXT1,5652480,216,0x1AB6D5C0,5652833,1,,,
2,HDLIVERY_CAREER_CHEVY_14.ARC,IMG_LIV,unknown_visual,4096,2048,DXT1,5652480,216,0x1B0D1728,5652833,1,,,
2,HDLIVERY_CAREER_CHEVY_15.ARC,IMG_LIV,unknown_visual,4096,2048,DXT1,5652480,216,0x1B635890,5652833,1,,,
2,HDLIVERY_CAREER_CHEVY_2.ARC,IMG_LIV,unknown_visual,4096,2048,DXT1,5652480,216,0x1BB999F8,5652833,1,,,
2,HDLIVERY_CAREER_CHEVY_3.ARC,IMG_LIV,unknown_visual,4096,2048,DXT1,5652480,216,0x1C0FDB60,5652833,1,,,
2,HDLIVERY_CAREER_CHEVY_4.ARC,IMG_LIV,unknown_visual,4096,2048,DXT1,5652480,216,0x1C661CC8,5652833,1,,,
2,HDLIVERY_CAREER_CHEVY_5.ARC,IMG_LIV,unknown_visual,4096,2048,DXT1,5652480,216,0x1CBC5E30,5652833,1,,,
2,HDLIVERY_CAREER_CHEVY_6.ARC,IMG_LIV,unknown_visual,4096,2048,DXT1,5652480,216,0x1D129F98,5652833,1,,,
2,HDLIVERY_CAREER_CHEVY_7.ARC,IMG_LIV,unknown_visual,4096,2048,DXT1,5652480,216,0x1D68E100,5652833,1,,,
2,HDLIVERY_CAREER_CHEVY_8.ARC,IMG_LIV,unknown_visual,4096,2048,DXT1,5652480,216,0x1DBF2268,5652833,1,,,
2,HDLIVERY_CAREER_CHEVY_9.ARC,IMG_LIV,unknown_visual,4096,2048,DXT1,5652480,216,0x1E1563D0,5652833,1,,,
2,HDLIVERY_CAREER_FORD_1.ARC,IMG_LIV,unknown_visual,4096,2048,DXT1,5652480,216,0x1E6BA538,5652833,1,,,
2,HDLIVERY_CAREER_FORD_10.ARC,IMG_LIV,unknown_visual,4096,2048,DXT1,5652480,216,0x1EC1E6A0,5652833,1,,,
2,HDLIVERY_CAREER_FORD_11.ARC,IMG_LIV,unknown_visual,4096,2048,DXT1,5652480,216,0x1F182808,5652833,1,,,
2,HDLIVERY_CAREER_FORD_12.ARC,IMG_LIV,unknown_visual,4096,2048,DXT1,5652480,216,0x1F6E6970,5652833,1,,,
2,HDLIVERY_CAREER_FORD_13.ARC,IMG_LIV,unknown_visual,4096,2048,DXT1,5652480,216,0x1FC4AAD8,5652833,1,,,
2,HDLIVERY_CAREER_FORD_14.ARC,IMG_LIV,unknown_visual,4096,2048,DXT1,5652480,216,0x201AEC40,5652833,1,,,
2,HDLIVERY_CAREER_FORD_15.ARC,IMG_LIV,unknown_visual,4096,2048,DXT1,5652480,216,0x20712DA8,5652833,1,,,
2,HDLIVERY_CAREER_FORD_2.ARC,IMG_LIV,unknown_visual,4096,2048,DXT1,5652480,216,0x20C76F10,5652833,1,,,
2,HDLIVERY_CAREER_FORD_3.ARC,IMG_LIV,unknown_visual,4096,2048,DXT1,5652480,216,0x211DB078,5652833,1,,,
2,HDLIVERY_CAREER_FORD_4.ARC,IMG_LIV,unknown_visual,4096,2048,DXT1,5652480,216,0x2173F1E0,5652833,1,,,
2,HDLIVERY_CAREER_FORD_5.ARC,IMG_LIV,unknown_visual,4096,2048,DXT1,5652480,216,0x21CA3348,5652833,1,,,
2,HDLIVERY_CAREER_FORD_6.ARC,IMG_LIV,unknown_visual,4096,2048,DXT1,5652480,216,0x222074B0,5652833,1,,,
2,HDLIVERY_CAREER_FORD_7.ARC,IMG_LIV,unknown_visual,4096,2048,DXT1,5652480,216,0x2276B618,5652833,1,,,
2,HDLIVERY_CAREER_FORD_8.ARC,IMG_LIV,unknown_visual,4096,2048,DXT1,5652480,216,0x22CCF780,5652833,1,,,
2,HDLIVERY_CAREER_FORD_9.ARC,IMG_LIV,unknown_visual,4096,2048,DXT1,5652480,216,0x232338E8,5652833,1,,,
2,HDLIVERY_CAREER_TOYOTA_1.ARC,IMG_LIV,unknown_visual,4096,2048,DXT1,5652480,216,0x23797A50,5652833,1,,,
2,HDLIVERY_CAREER_TOYOTA_10.ARC,IMG_LIV,unknown_visual,4096,2048,DXT1,5652480,216,0x23CFBBB8,5652833,1,,,
2,HDLIVERY_CAREER_TOYOTA_11.ARC,IMG_LIV,unknown_visual,4096,2048,DXT1,5652480,216,0x2425FD20,5652833,1,,,
2,HDLIVERY_CAREER_TOYOTA_12.ARC,IMG_LIV,unknown_visual,4096,2048,DXT1,5652480,216,0x247C3E88,5652833,1,,,
2,HDLIVERY_CAREER_TOYOTA_13.ARC,IMG_LIV,unknown_visual,4096,2048,DXT1,5652480,216,0x24D27FF0,5652833,1,,,
2,HDLIVERY_CAREER_TOYOTA_14.ARC,IMG_LIV,unknown_visual,4096,2048,DXT1,5652480,216,0x2528C158,5652833,1,,,
2,HDLIVERY_CAREER_TOYOTA_15.ARC,IMG_LIV,unknown_visual,4096,2048,DXT1,5652480,216,0x257F02C0,5652833,1,,,
2,HDLIVERY_CAREER_TOYOTA_2.ARC,IMG_LIV,unknown_visual,4096,2048,DXT1,5652480,216,0x25D54428,5652833,1,,,
2,HDLIVERY_CAREER_TOYOTA_3.ARC,IMG_LIV,unknown_visual,4096,2048,DXT1,5652480,216,0x262B8590,5652833,1,,,
2,HDLIVERY_CAREER_TOYOTA_4.ARC,IMG_LIV,unknown_visual,4096,2048,DXT1,5652480,216,0x2681C6F8,5652833,1,,,
2,HDLIVERY_CAREER_TOYOTA_5.ARC,IMG_LIV,unknown_visual,4096,2048,DXT1,5652480,216,0x26D80860,5652833,1,,,
2,HDLIVERY_CAREER_TOYOTA_6.ARC,IMG_LIV,unknown_visual,4096,2048,DXT1,5652480,216,0x272E49C8,5652833,1,,,
2,HDLIVERY_CAREER_TOYOTA_7.ARC,IMG_LIV,unknown_visual,4096,2048,DXT1,5652480,216,0x27848B30,5652833,1,,,
2,HDLIVERY_CAREER_TOYOTA_8.ARC,IMG_LIV,unknown_visual,4096,2048,DXT1,5652480,216,0x27DACC98,5652833,1,,,
2,HDLIVERY_CAREER_TOYOTA_9.ARC,IMG_LIV,unknown_visual,4096,2048,DXT1,5652480,216,0x28310E00,5652833,1,,,
3,DF_2015_NEWMAN.ARC,IMG_DIFF,unknown_visual,512,512,DXT1,229376,280,0x2751FE58,688790,1,,,
3,DF_2015_NEWMAN.ARC,texture_record_0003,unknown_visual,512,512,DXT1,229376,229768,0x2751FE58,688790,1,,,
3,DF_2015_NEWMAN.ARC,texture_record_0005,unknown_visual,512,512,DXT1,229376,459256,0x2751FE58,688790,1,,,
3,DF_CUSTOMGENERIC2015.ARC,IMG_DIFF,unknown_visual,512,512,DXT1,229376,280,0x27DF2308,688790,1,,,
3,DF_CUSTOMGENERIC2015.ARC,IMG_NORM,unknown_visual,512,512,DXT1,229376,229768,0x27DF2308,688790,1,,,
3,DF_CUSTOMGENERIC2015.ARC,IMG_SPEC,unknown_visual,512,512,DXT1,229376,459256,0x27DF2308,688790,1,,,
3,DF_CUSTOMGENERICF2015.ARC,IMG_DIFF,unknown_visual,512,512,DXT1,229376,280,0x27E9A5A0,688790,1,,,
3,DF_CUSTOMGENERICF2015.ARC,texture_record_0003,unknown_visual,512,512,DXT1,229376,229768,0x27E9A5A0,688790,1,,,
3,DF_CUSTOMGENERICF2015.ARC,texture_record_0005,unknown_visual,512,512,DXT1,229376,459256,0x27E9A5A0,688790,1,,,
3,DF_CUSTOMGENERICF2015_HAIR.ARC,IMG_DIFF,unknown_visual,256,256,DXT1,98304,280,0x27F42838,295526,1,,,
3,DF_CUSTOMGENERICF2015_HAIR.ARC,IMG_NORM,unknown_visual,256,256,DXT1,98304,98680,0x27F42838,295526,1,,,
3,DF_CUSTOMGENERICF2015_HAIR.ARC,IMG_SPEC,unknown_visual,256,256,DXT1,98304,197080,0x27F42838,295526,1,,,
3,DF_MISSSPRINTCUP.ARC,IMG_DIFF,unknown_visual,512,512,DXT1,229376,280,0x27F8AAA0,688790,1,,,
3,DF_MISSSPRINTCUP.ARC,IMG_NORM,unknown_visual,512,512,DXT1,229376,229768,0x27F8AAA0,688790,1,,,
3,DF_MISSSPRINTCUP.ARC,IMG_SPEC,unknown_visual,512,512,DXT1,229376,459256,0x27F8AAA0,688790,1,,,
3,DF_MISSSPRINTCUP_HAIR.ARC,IMG_DIFF,unknown_visual,512,512,DXT1,229376,280,0x28032D38,426614,1,,,
3,DF_MISSSPRINTCUP_HAIR.ARC,IMG_NORM,unknown_visual,256,256,DXT1,98304,229768,0x28032D38,426614,1,,,
3,DF_MISSSPRINTCUP_HAIR.ARC,IMG_SPEC,unknown_visual,256,256,DXT1,98304,328168,0x28032D38,426614,1,,,
3,DTS_2015_NEWMAN.ARC,IMG_DIFF,unknown_visual,1024,1024,DXT1,753664,376,0x2C885078,1524862,1,,,
3,DTS_2015_NEWMAN.ARC,IMG_NORM,unknown_visual,512,512,DXT1,229376,754152,0x2C885078,1524862,1,,,
3,DTS_2015_NEWMAN.ARC,IMG_SPEC,unknown_visual,512,512,DXT1,229376,983640,0x2C885078,1524862,1,,,
3,DTS_2015_NEWMAN.ARC,GLOVE_IMG_DIFF,unknown_visual,512,256,DXT1,147456,1213128,0x2C885078,1524862,1,,,
3,DTS_2015_NEWMAN.ARC,GLOVE_IMG_NORM,unknown_visual,256,128,DXT1,81920,1360696,0x2C885078,1524862,1,,,
3,DTS_2015_NEWMAN.ARC,GLOVE_IMG_SPEC,unknown_visual,256,128,DXT1,81920,1442712,0x2C885078,1524862,1,,,
3,DTS_CUSTOMGENERIC2015.ARC,texture_record_0001,unknown_visual,1024,1024,DXT1,753664,376,0x2DC28ED8,1524862,1,,,
3,DTS_CUSTOMGENERIC2015.ARC,texture_record_0003,unknown_visual,512,512,DXT1,229376,754152,0x2DC28ED8,1524862,1,,,
3,DTS_CUSTOMGENERIC2015.ARC,texture_record_0005,unknown_visual,512,512,DXT1,229376,983640,0x2DC28ED8,1524862,1,,,
3,DTS_CUSTOMGENERIC2015.ARC,UUUs,unknown_visual,512,256,DXT1,147456,1213128,0x2DC28ED8,1524862,1,,,
3,DTS_CUSTOMGENERIC2015.ARC,PUUU,unknown_visual,256,128,DXT1,81920,1360696,0x2DC28ED8,1524862,1,,,
3,DTS_CUSTOMGENERIC2015.ARC,UU,unknown_visual,256,128,DXT1,81920,1442712,0x2DC28ED8,1524862,1,,,
3,DTS_CUSTOMGENERICF2015.ARC,texture_record_0001,unknown_visual,1024,1024,DXT1,753664,376,0x2DD9D358,1524862,1,,,
3,DTS_CUSTOMGENERICF2015.ARC,texture_record_0003,unknown_visual,512,512,DXT1,229376,754152,0x2DD9D358,1524862,1,,,
3,DTS_CUSTOMGENERICF2015.ARC,texture_record_0005,unknown_visual,512,512,DXT1,229376,983640,0x2DD9D358,1524862,1,,,
3,DTS_CUSTOMGENERICF2015.ARC,UUUs,unknown_visual,512,256,DXT1,147456,1213128,0x2DD9D358,1524862,1,,,
3,DTS_CUSTOMGENERICF2015.ARC,PUUU,unknown_visual,256,128,DXT1,81920,1360696,0x2DD9D358,1524862,1,,,
3,DTS_CUSTOMGENERICF2015.ARC,UU,unknown_visual,256,128,DXT1,81920,1442712,0x2DD9D358,1524862,1,,,
3,DTS_MISSSPRINTCUP.ARC,IMG_DIFF,unknown_visual,1024,1024,DXT1,753664,376,0x2DF117D8,1524862,1,,,
3,DTS_MISSSPRINTCUP.ARC,IMG_NORM,unknown_visual,512,512,DXT1,229376,754152,0x2DF117D8,1524862,1,,,
3,DTS_MISSSPRINTCUP.ARC,IMG_SPEC,unknown_visual,512,512,DXT1,229376,983640,0x2DF117D8,1524862,1,,,
3,DTS_MISSSPRINTCUP.ARC,GLOVE_IMG_DIFF,unknown_visual,512,256,DXT1,147456,1213128,0x2DF117D8,1524862,1,,,
3,DTS_MISSSPRINTCUP.ARC,GLOVE_IMG_NORM,unknown_visual,256,128,DXT1,81920,1360696,0x2DF117D8,1524862,1,,,
3,DTS_MISSSPRINTCUP.ARC,GLOVE_IMG_SPEC,unknown_visual,256,128,DXT1,81920,1442712,0x2DF117D8,1524862,1,,,
3,DTS_2015_NEWMAN_LOW.ARC,IMG_DIFF,unknown_visual,128,128,DXT1,65536,216,0x2E96AD20,65858,1,,,
3,DTS_CUSTOMGENERIC2015_LOW.ARC,IMG_DIFF,unknown_visual,128,128,DXT1,65536,216,0x2EA3BDC8,65858,1,,,
3,DTS_CUSTOMGENERICF2015_LOW.ARC,IMG_DIFF,unknown_visual,128,128,DXT1,65536,216,0x2EA4BF10,65858,1,,,
3,DTS_MISSSPRINTCUP_LOW.ARC,IMG_DIFF,unknown_visual,128,128,DXT1,65536,216,0x2EA5C058,65858,1,,,
3,PMH_2015_NEWMAN.ARC,IMG_DIFF,unknown_visual,512,512,DXT1,229376,216,0x2F568898,229714,1,,,
3,PMH_CUSTOMGENERIC2015.ARC,IMG_DIFF,unknown_visual,512,512,DXT1,163840,216,0x2F879B68,164114,1,,,
3,PMH_CUSTOMGENERICF2015.ARC,IMG_DIFF,unknown_visual,512,512,DXT1,163840,216,0x2F8A1C80,164114,1,,,
3,PMH_MISSSPRINTCUP.ARC,IMG_DIFF,unknown_visual,512,512,DXT1,229376,216,0x2F8C9D98,229714,1,,,
3,GTS_2015_NEWMAN.ARC,IMG_BODYDIFF,unknown_visual,512,512,DXT1,229376,376,0x31789988,639921,1,,,
3,GTS_2015_NEWMAN.ARC,IMG_BODYNORM,unknown_visual,512,512,DXT1,163840,229864,0x31789988,639921,1,,,
3,GTS_2015_NEWMAN.ARC,IMG_BODYSPEC,unknown_visual,256,256,DXT1,40960,393752,0x31789988,639921,1,,,
3,GTS_2015_NEWMAN.ARC,IMG_CAPDIFF,unknown_visual,256,256,DXT1,98304,434760,0x31789988,639921,1,,,
3,GTS_2015_NEWMAN.ARC,IMG_CAPNORM,unknown_visual,256,256,DXT1,65536,533160,0x31789988,639921,1,,,
3,GTS_2015_NEWMAN.ARC,IMG_CAPSPEC,unknown_visual,128,128,DXT1,40960,598760,0x31789988,639921,1,,,
3,GTS_CUSTOMGENERIC2015.ARC,IMG_BODYDIFF,unknown_visual,512,512,DXT1,229376,376,0x31FC4C48,639921,1,,,
3,GTS_CUSTOMGENERIC2015.ARC,IMG_BODYNORM,unknown_visual,512,512,DXT1,163840,229864,0x31FC4C48,639921,1,,,
3,GTS_CUSTOMGENERIC2015.ARC,IMG_BODYSPEC,unknown_visual,256,256,DXT1,40960,393752,0x31FC4C48,639921,1,,,
3,GTS_CUSTOMGENERIC2015.ARC,IMG_CAPDIFF,unknown_visual,256,256,DXT1,98304,434760,0x31FC4C48,639921,1,,,
3,GTS_CUSTOMGENERIC2015.ARC,IMG_CAPNORM,unknown_visual,256,256,DXT1,65536,533160,0x31FC4C48,639921,1,,,
3,GTS_CUSTOMGENERIC2015.ARC,IMG_CAPSPEC,unknown_visual,128,128,DXT1,40960,598760,0x31FC4C48,639921,1,,,
3,GTS_CUSTOMGENERICF2015.ARC,IMG_BODYDIFF,unknown_visual,512,512,DXT1,229376,376,0x32061000,639921,1,,,
3,GTS_CUSTOMGENERICF2015.ARC,IMG_BODYNORM,unknown_visual,512,512,DXT1,163840,229864,0x32061000,639921,1,,,
3,GTS_CUSTOMGENERICF2015.ARC,IMG_BODYSPEC,unknown_visual,256,256,DXT1,40960,393752,0x32061000,639921,1,,,
3,GTS_CUSTOMGENERICF2015.ARC,IMG_CAPDIFF,unknown_visual,256,256,DXT1,98304,434760,0x32061000,639921,1,,,
3,GTS_CUSTOMGENERICF2015.ARC,IMG_CAPNORM,unknown_visual,256,256,DXT1,65536,533160,0x32061000,639921,1,,,
3,GTS_CUSTOMGENERICF2015.ARC,IMG_CAPSPEC,unknown_visual,128,128,DXT1,40960,598760,0x32061000,639921,1,,,
3,GTS_MISSSPRINTCUP.ARC,IMG_BODYDIFF,unknown_visual,512,512,DXT1,229376,376,0x320FD3B8,639921,1,,,
3,GTS_MISSSPRINTCUP.ARC,IMG_BODYNORM,unknown_visual,512,512,DXT1,163840,229864,0x320FD3B8,639921,1,,,
3,GTS_MISSSPRINTCUP.ARC,IMG_BODYSPEC,unknown_visual,256,256,DXT1,40960,393752,0x320FD3B8,639921,1,,,
3,GTS_MISSSPRINTCUP.ARC,IMG_CAPDIFF,unknown_visual,256,256,DXT1,98304,434760,0x320FD3B8,639921,1,,,
3,GTS_MISSSPRINTCUP.ARC,IMG_CAPNORM,unknown_visual,256,256,DXT1,65536,533160,0x320FD3B8,639921,1,,,
3,GTS_MISSSPRINTCUP.ARC,IMG_CAPSPEC,unknown_visual,128,128,DXT1,40960,598760,0x320FD3B8,639921,1,,,
3,ITS_2015_NEWMAN.ARC,IMG_BODYDIFF,unknown_visual,128,128,DXT1,65536,376,0x32D44D38,197473,1,,,
3,ITS_2015_NEWMAN.ARC,IMG_BODYNORM,unknown_visual,128,128,DXT1,8192,66008,0x32D44D38,197473,1,,,
3,ITS_2015_NEWMAN.ARC,IMG_BODYSPEC,unknown_visual,128,128,DXT1,8192,74232,0x32D44D38,197473,1,,,
3,ITS_2015_NEWMAN.ARC,IMG_CAPDIFF,unknown_visual,64,64,DXT1,57344,82456,0x32D44D38,197473,1,,,
3,ITS_2015_NEWMAN.ARC,IMG_CAPNORM,unknown_visual,64,64,DXT1,24576,139880,0x32D44D38,197473,1,,,
3,ITS_2015_NEWMAN.ARC,IMG_CAPSPEC,unknown_visual,64,64,DXT1,32768,164504,0x32D44D38,197473,1,,,
3,ITS_CUSTOMGENERIC2015.ARC,IMG_BODYDIFF,unknown_visual,128,128,DXT1,65536,376,0x32FC9BB8,197473,1,,,
3,ITS_CUSTOMGENERIC2015.ARC,IMG_BODYNORM,unknown_visual,128,128,DXT1,8192,66008,0x32FC9BB8,197473,1,,,
3,ITS_CUSTOMGENERIC2015.ARC,IMG_BODYSPEC,unknown_visual,128,128,DXT1,8192,74232,0x32FC9BB8,197473,1,,,
3,ITS_CUSTOMGENERIC2015.ARC,IMG_CAPDIFF,unknown_visual,64,64,DXT1,57344,82456,0x32FC9BB8,197473,1,,,
3,ITS_CUSTOMGENERIC2015.ARC,IMG_CAPNORM,unknown_visual,64,64,DXT1,24576,139880,0x32FC9BB8,197473,1,,,
3,ITS_CUSTOMGENERIC2015.ARC,IMG_CAPSPEC,unknown_visual,64,64,DXT1,32768,164504,0x32FC9BB8,197473,1,,,
3,ITS_CUSTOMGENERICF2015.ARC,IMG_BODYDIFF,unknown_visual,128,128,DXT1,65536,376,0x32FF9F20,197473,1,,,
3,ITS_CUSTOMGENERICF2015.ARC,IMG_BODYNORM,unknown_visual,128,128,DXT1,8192,66008,0x32FF9F20,197473,1,,,
3,ITS_CUSTOMGENERICF2015.ARC,IMG_BODYSPEC,unknown_visual,128,128,DXT1,8192,74232,0x32FF9F20,197473,1,,,
3,ITS_CUSTOMGENERICF2015.ARC,IMG_CAPDIFF,unknown_visual,64,64,DXT1,57344,82456,0x32FF9F20,197473,1,,,
3,ITS_CUSTOMGENERICF2015.ARC,IMG_CAPNORM,unknown_visual,64,64,DXT1,24576,139880,0x32FF9F20,197473,1,,,
3,ITS_CUSTOMGENERICF2015.ARC,IMG_CAPSPEC,unknown_visual,64,64,DXT1,32768,164504,0x32FF9F20,197473,1,,,
3,ITS_MISSSPRINTCUP.ARC,IMG_BODYDIFF,unknown_visual,128,128,DXT1,65536,376,0x3302A288,197473,1,,,
3,ITS_MISSSPRINTCUP.ARC,IMG_BODYNORM,unknown_visual,128,128,DXT1,8192,66008,0x3302A288,197473,1,,,
3,ITS_MISSSPRINTCUP.ARC,IMG_BODYSPEC,unknown_visual,128,128,DXT1,8192,74232,0x3302A288,197473,1,,,
3,ITS_MISSSPRINTCUP.ARC,IMG_CAPDIFF,unknown_visual,64,64,DXT1,57344,82456,0x3302A288,197473,1,,,
3,ITS_MISSSPRINTCUP.ARC,IMG_CAPNORM,unknown_visual,64,64,DXT1,24576,139880,0x3302A288,197473,1,,,
3,ITS_MISSSPRINTCUP.ARC,IMG_CAPSPEC,unknown_visual,64,64,DXT1,32768,164504,0x3302A288,197473,1,,,
3189127741,FEI_LIV_25601.ARC,PAINTSCHEME_25601,paint_scheme_preview,256,256,DXT5,65536,216,0x7640,65803,1,,,
3189127741,FEI_LIV_25602.ARC,PAINTSCHEME_25602,paint_scheme_preview,256,256,DXT5,65536,216,0x6DFA20,65803,1,,,
3189127741,FEI_LIV_25616.ARC,PAINTSCHEME_25616,paint_scheme_preview,256,256,DXT5,65536,216,0xDB7E00,65803,1,,,
3189127741,FEI_LIV_25603.ARC,PAINTSCHEME_25603,paint_scheme_preview,256,256,DXT5,65536,216,0x14901E0,65803,1,,,
3189127741,FEI_LIV_25604.ARC,PAINTSCHEME_25604,paint_scheme_preview,256,256,DXT5,65536,216,0x1B685C0,65803,1,,,
3189127741,FEI_LIV_25605.ARC,PAINTSCHEME_25605,paint_scheme_preview,256,256,DXT5,65536,216,0x22409A0,65803,1,,,
3189127741,FEI_LIV_25606.ARC,PAINTSCHEME_25606,paint_scheme_preview,256,256,DXT5,65536,216,0x2918D80,65803,1,,,
3189127741,FEI_LIV_25607.ARC,PAINTSCHEME_25607,paint_scheme_preview,256,256,DXT5,65536,216,0x2FF1160,65803,1,,,
3189127741,FEI_LIV_25608.ARC,PAINTSCHEME_25608,paint_scheme_preview,256,256,DXT5,65536,216,0x36C9540,65803,1,,,
3189127741,FEI_LIV_25596.ARC,PAINTSCHEME_25596,paint_scheme_preview,256,256,DXT5,65536,216,0x3DA1920,65803,1,,,
3189127741,FEI_LIV_25609.ARC,PAINTSCHEME_25609,paint_scheme_preview,256,256,DXT5,65536,216,0x4479D00,65803,1,,,
3189127741,LIVERY_DLC_31_NEWMAN_3.ARC,IMG_LIV,unknown_visual,2048,1024,DXT1,1458176,216,0x4489E10,1458529,1,,,
3189127741,HDLIVERY_DLC_31_NEWMAN_3.ARC,IMG_LIV,unknown_visual,4096,2048,DXT1,5652480,216,0x45EDF78,5652833,1,,,
3189127741,FEI_LIV_25597.ARC,PAINTSCHEME_25597,paint_scheme_preview,256,256,DXT5,65536,216,0x4B520E0,65803,1,,,
3189127741,FEI_LIV_25610.ARC,PAINTSCHEME_25610,paint_scheme_preview,256,256,DXT5,65536,216,0x522A4C0,65803,1,,,
3189127741,FEI_LIV_25611.ARC,PAINTSCHEME_25611,paint_scheme_preview,256,256,DXT5,65536,216,0x59028A0,65803,1,,,
3189127741,FEI_LIV_25614.ARC,PAINTSCHEME_25614,paint_scheme_preview,256,256,DXT5,65536,216,0x5FDAC80,65803,1,,,
3189127741,FEI_LIV_25598.ARC,PAINTSCHEME_25598,paint_scheme_preview,256,256,DXT5,65536,216,0x66B3060,65803,1,,,
3189127741,FEI_LIV_25599.ARC,PAINTSCHEME_25599,paint_scheme_preview,256,256,DXT5,65536,216,0x6D8B440,65803,1,,,
3189127741,FEI_LIV_25600.ARC,PAINTSCHEME_25600,paint_scheme_preview,256,256,DXT5,65536,216,0x7463820,65803,1,,,
3189127741,FEI_LIV_25613.ARC,PAINTSCHEME_25613,paint_scheme_preview,256,256,DXT5,65536,216,0x7B3BC00,65803,1,,,
3189127741,FEI_LIV_25615.ARC,PAINTSCHEME_25615,paint_scheme_preview,256,256,DXT5,65536,216,0x8213FE0,65803,1,,,
3464285874,FEI_LIV_25534.ARC,PAINTSCHEME_25534,paint_scheme_preview,256,256,DXT5,65536,216,0x3AF8,65803,1,,,
3464285874,FEI_LIV_25535.ARC,PAINTSCHEME_25535,paint_scheme_preview,256,256,DXT5,65536,216,0x6DBED8,65803,1,,,
3464285874,FEI_LIV_25522.ARC,PAINTSCHEME_25522,paint_scheme_preview,256,256,DXT5,65536,216,0xDB42B8,65803,1,,,
3464285874,FEI_LIV_25547.ARC,PAINTSCHEME_25547,paint_scheme_preview,256,256,DXT5,65536,216,0x148C698,65803,1,,,
3464285874,FEI_LIV_25553.ARC,PAINTSCHEME_25553,paint_scheme_preview,256,256,DXT5,65536,216,0x1B64A78,65803,1,,,
3464285874,FEI_LIV_25563.ARC,PAINTSCHEME_25563,paint_scheme_preview,256,256,DXT5,65536,216,0x223CE58,65803,1,,,
3464285874,FEI_LIV_25554.ARC,PAINTSCHEME_25554,paint_scheme_preview,256,256,DXT5,65536,216,0x2915238,65803,1,,,
3464285874,FEI_LIV_25525.ARC,PAINTSCHEME_25525,paint_scheme_preview,256,256,DXT5,65536,216,0x2FED618,65803,1,,,
3464285874,FEI_LIV_25528.ARC,PAINTSCHEME_25528,paint_scheme_preview,256,256,DXT5,65536,216,0x36C59F8,65803,1,,,
3464285874,FEI_LIV_25555.ARC,PAINTSCHEME_25555,paint_scheme_preview,256,256,DXT5,65536,216,0x3D9DDD8,65803,1,,,
3706994145,FEI_LIV_25575.ARC,PAINTSCHEME_25575,paint_scheme_preview,256,256,DXT5,65536,216,0x1310,65803,1,,,
3706994145,FEI_LIV_25576.ARC,PAINTSCHEME_25576,paint_scheme_preview,256,256,DXT5,65536,216,0x6D96F0,65803,1,,,
3706994145,FEI_LIV_25577.ARC,PAINTSCHEME_25577,paint_scheme_preview,256,256,DXT5,65536,216,0xDB1AD0,65803,1,,,
544386974,FEI_LIV_25530.ARC,PAINTSCHEME_25530,paint_scheme_preview,256,256,DXT5,65536,216,0x6838,65803,1,,,
544386974,FEI_LIV_25564.ARC,PAINTSCHEME_25564,paint_scheme_preview,256,256,DXT5,65536,216,0x6DEC18,65803,1,,,
544386974,FEI_LIV_25536.ARC,PAINTSCHEME_25536,paint_scheme_preview,256,256,DXT5,65536,216,0xDB6FF8,65803,1,,,
544386974,FEI_LIV_25540.ARC,PAINTSCHEME_25540,paint_scheme_preview,256,256,DXT5,65536,216,0x148F3D8,65803,1,,,
544386974,FEI_LIV_25541.ARC,PAINTSCHEME_25541,paint_scheme_preview,256,256,DXT5,65536,216,0x1B677B8,65803,1,,,
544386974,FEI_LIV_25544.ARC,PAINTSCHEME_25544,paint_scheme_preview,256,256,DXT5,65536,216,0x223FB98,65803,1,,,
544386974,FEI_LIV_25545.ARC,PAINTSCHEME_25545,paint_scheme_preview,256,256,DXT5,65536,216,0x2917F78,65803,1,,,
544386974,FEI_LIV_25546.ARC,PAINTSCHEME_25546,paint_scheme_preview,256,256,DXT5,65536,216,0x2FF0358,65803,1,,,
544386974,FEI_LIV_25523.ARC,PAINTSCHEME_25523,paint_scheme_preview,256,256,DXT5,65536,216,0x36C8738,65803,1,,,
544386974,FEI_LIV_25548.ARC,PAINTSCHEME_25548,paint_scheme_preview,256,256,DXT5,65536,216,0x3DA0B18,65803,1,,,
544386974,LIVERY_DLC_31_NEWMAN_2.ARC,IMG_LIV,unknown_visual,2048,1024,DXT1,1458176,216,0x3DB0C28,1458529,1,,,
544386974,HDLIVERY_DLC_31_NEWMAN_2.ARC,IMG_LIV,unknown_visual,4096,2048,DXT1,5652480,216,0x3F14D90,5652833,1,,,
544386974,FEI_LIV_25549.ARC,PAINTSCHEME_25549,paint_scheme_preview,256,256,DXT5,65536,216,0x4478EF8,65803,1,,,
544386974,FEI_LIV_25524.ARC,PAINTSCHEME_25524,paint_scheme_preview,256,256,DXT5,65536,216,0x4B512D8,65803,1,,,
544386974,FEI_LIV_25551.ARC,PAINTSCHEME_25551,paint_scheme_preview,256,256,DXT5,65536,216,0x52296B8,65803,1,,,
544386974,FEI_LIV_25552.ARC,PAINTSCHEME_25552,paint_scheme_preview,256,256,DXT5,65536,216,0x5901A98,65803,1,,,
544386974,FEI_LIV_25526.ARC,PAINTSCHEME_25526,paint_scheme_preview,256,256,DXT5,65536,216,0x5FD9E78,65803,1,,,
544386974,FEI_LIV_25527.ARC,PAINTSCHEME_25527,paint_scheme_preview,256,256,DXT5,65536,216,0x66B2258,65803,1,,,
544386974,FEI_LIV_25556.ARC,PAINTSCHEME_25556,paint_scheme_preview,256,256,DXT5,65536,216,0x6D8A638,65803,1,,,
544386974,FEI_LIV_25557.ARC,PAINTSCHEME_25557,paint_scheme_preview,256,256,DXT5,65536,216,0x7462A18,65803,1,,,
3,NASCAR6_TEXTURES_X.ARC,texture_record_0001,shared_vehicle_textures,64,64,DXT1,57344,2147688,0x11633088,17547365,1,,,
3,NASCAR6_TEXTURES_X.ARC,Alloy_DiffuseRefl0.dds,shared_vehicle_textures,32,32,A8R8G8B8,4096,2205112,0x11633088,17547365,0,,,32-bit texture format is not available for PNG preview yet
3,NASCAR6_TEXTURES_X.ARC,Alloy_Specular0.dds,shared_vehicle_textures,32,32,A8R8G8B8,4096,2209240,0x11633088,17547365,0,,,32-bit texture format is not available for PNG preview yet
3,NASCAR6_TEXTURES_X.ARC,blankPaint.dds,shared_vehicle_textures,32,32,DXT1,2048,2213368,0x11633088,17547365,1,,,
3,NASCAR6_TEXTURES_X.ARC,Chassis.dds,shared_vehicle_textures,1024,1024,DXT1,753664,2215448,0x11633088,17547365,1,,,
3,NASCAR6_TEXTURES_X.ARC,Chassis_Occlusion.dds,shared_vehicle_textures,512,512,DXT1,229376,2969224,0x11633088,17547365,1,,,
3,NASCAR6_TEXTURES_X.ARC,damage2013_ALT0.dds,shared_vehicle_textures,1024,512,DXT5,819200,3198712,0x11633088,17547365,1,,,
3,NASCAR6_TEXTURES_X.ARC,damage2013_ALT2.dds,shared_vehicle_textures,1024,512,DXT5,819200,4018024,0x11633088,17547365,1,,,
3,NASCAR6_TEXTURES_X.ARC,damage2015_ALT3.dds,shared_vehicle_textures,1024,512,DXT5,819200,4837336,0x11633088,17547365,1,,,
3,NASCAR6_TEXTURES_X.ARC,damage_details.dds,shared_vehicle_textures,64,64,DXT1,57344,5656648,0x11633088,17547365,1,,,
3,NASCAR6_TEXTURES_X.ARC,DaytonaEngineFire03.dds,shared_vehicle_textures,256,256,DXT5,65536,5714072,0x11633088,17547365,1,,,
3,NASCAR6_TEXTURES_X.ARC,DaytonaEngineFireNoise.dds,shared_vehicle_textures,256,256,DXT1,32768,5779640,0x11633088,17547365,1,,,
3,NASCAR6_TEXTURES_X.ARC,dirtMask.dds,shared_vehicle_textures,32,16,A8R8G8B8,24576,5812440,0x11633088,17547365,0,,,32-bit texture format is not available for PNG preview yet
3,NASCAR6_TEXTURES_X.ARC,draft_mask2.png,shared_vehicle_textures,256,4,DXT5,163840,5837096,0x11633088,17547365,1,,,
3,NASCAR6_TEXTURES_X.ARC,dummyalpha.dds,shared_vehicle_textures,8,8,DXT1,32768,6001032,0x11633088,17547365,1,,,
3,NASCAR6_TEXTURES_X.ARC,GLASS.dds,shared_vehicle_textures,32,32,DXT5,98304,6033864,0x11633088,17547365,1,,,
3,NASCAR6_TEXTURES_X.ARC,GLASS2.png,shared_vehicle_textures,32,32,DXT5,98304,6132248,0x11633088,17547365,1,,,
3,NASCAR6_TEXTURES_X.ARC,Grey.dds,shared_vehicle_textures,32,32,DXT1,49152,6230632,0x11633088,17547365,1,,,
3,NASCAR6_TEXTURES_X.ARC,LOD2_Fuel.dds,shared_vehicle_textures,256,256,DXT1,98304,6279864,0x11633088,17547365,1,,,
3,NASCAR6_TEXTURES_X.ARC,nascar_2013_DLC_UPG0_OCC.dds,shared_vehicle_textures,2048,1024,DXT1,1458176,6378264,0x11633088,17547365,1,,,
3,NASCAR6_TEXTURES_X.ARC,nascar_2014_DLC_UPG2_OCC.dds,shared_vehicle_textures,2048,1024,DXT1,1458176,7836568,0x11633088,17547365,1,,,
3,NASCAR6_TEXTURES_X.ARC,nascar_2015_DLC_UPG3_OCC.dds,shared_vehicle_textures,2048,1024,DXT1,1458176,9294872,0x11633088,17547365,1,,,
3,NASCAR6_TEXTURES_X.ARC,nascarpaint_diffuserefl1.dds,shared_vehicle_textures,32,32,A8R8G8B8,4096,10753176,0x11633088,17547365,0,,,32-bit texture format is not available for PNG preview yet
3,NASCAR6_TEXTURES_X.ARC,nascarpaint_diffuserefl2.dds,shared_vehicle_textures,32,32,A8R8G8B8,4096,10757304,0x11633088,17547365,0,,,32-bit texture format is not available for PNG preview yet
3,NASCAR6_TEXTURES_X.ARC,nascarpaint_specular1.dds,shared_vehicle_textures,32,32,A8R8G8B8,4096,10761432,0x11633088,17547365,0,,,32-bit texture format is not available for PNG preview yet
3,NASCAR6_TEXTURES_X.ARC,nascarpaint_specular2.dds,shared_vehicle_textures,32,32,A8R8G8B8,4096,10765560,0x11633088,17547365,0,,,32-bit texture format is not available for PNG preview yet
3,NASCAR6_TEXTURES_X.ARC,noise.tga,shared_vehicle_textures,256,256,DXT1,98304,10769688,0x11633088,17547365,1,,,
3,NASCAR6_TEXTURES_X.ARC,noiseMask.tga,shared_vehicle_textures,32,32,DXT1,49152,10868088,0x11633088,17547365,1,,,
3,NASCAR6_TEXTURES_X.ARC,PetrolCap.dds,shared_vehicle_textures,128,128,DXT1,65536,10917320,0x11633088,17547365,1,,,
3,NASCAR6_TEXTURES_X.ARC,smoketrail.tga,shared_vehicle_textures,64,64,DXT5,114688,10982952,0x11633088,17547365,1,,,
3,NASCAR6_TEXTURES_X.ARC,Tyre02-D.dds,tire_wheel_textures,1024,512,DXT1,409600,11097720,0x11633088,17547365,1,,,
3,NASCAR6_TEXTURES_X.ARC,Tyre02-DN.dds,tire_wheel_textures,2048,1024,DXT1,1458176,11507432,0x11633088,17547365,1,,,
3,NASCAR6_TEXTURES_X.ARC,Tyre02-DS.dds,tire_wheel_textures,1024,512,DXT1,409600,12965736,0x11633088,17547365,1,,,
3,NASCAR6_TEXTURES_X.ARC,Tyre02-N.dds,tire_wheel_textures,2048,1024,DXT1,1458176,13375448,0x11633088,17547365,1,,,
3,NASCAR6_TEXTURES_X.ARC,Tyre02-S.dds,tire_wheel_textures,1024,512,DXT1,409600,14833752,0x11633088,17547365,1,,,
3,NASCAR6_TEXTURES_X.ARC,Tyre02.dds,tire_wheel_textures,2048,1024,DXT1,1458176,15243464,0x11633088,17547365,1,,,
3,NASCAR6_TEXTURES_X.ARC,wheelblurNEW.dds,tire_wheel_textures,512,512,DXT1,229376,16701768,0x11633088,17547365,1,,,
3,NASCAR6_TEXTURES_X.ARC,White.dds,shared_vehicle_textures,8,8,DXT1,32768,16931256,0x11633088,17547365,1,,,
3,NASCAR6_TEXTURES_X.ARC,windirt3.dds,shared_vehicle_textures,1024,512,DXT1,409600,16964088,0x11633088,17547365,1,,,
3,NASCAR6_TEXTURES_X.ARC,windowbolt.dds,shared_vehicle_textures,64,64,DXT5,114688,17373800,0x11633088,17547365,1,,,
3,NASCAR6_TEXTURES_X.ARC,windowbolt_N.dds,shared_vehicle_textures,64,64,DXT1,57344,17488568,0x11633088,17547365,1,,,
3,NASCAR6_TEXTURES_X.ARC,engine.dds,shared_vehicle_textures,1024,1024,DXT5,1507328,984,0x11633088,17547365,1,,,
3,NASCAR6_TEXTURES_X.ARC,engine_alt0_occ.dds,shared_vehicle_textures,512,512,DXT1,180224,1508424,0x11633088,17547365,1,,,
3,NASCAR6_TEXTURES_X.ARC,engine_alt2_occ.dds,shared_vehicle_textures,512,512,DXT1,229376,1688712,0x11633088,17547365,1,,,
3,NASCAR6_TEXTURES_X.ARC,engine_alt3_occ.dds,shared_vehicle_textures,512,512,DXT1,229376,1918200,0x11633088,17547365,1,,,
