archive,container,entry,family,category,screen,role,label,confidence,decoded,geometry_status,w,h,original_w,original_h,fmt,payload_size,payload_abs,note,decode_error
0,TEAMSHOPLOGO.ARC,Logo,team_logos,Driver & Team Art,Team Shop,Team logo,Team Shop logo · TEAMSHOPLOGO,likely,True,indexed,1024,256,1024,256,DXT5,262144,216,Correct native payload geometry mapped from the clean NASCAR 15 baseline.,
0,TEAMSHOPLOGO2.ARC,Logo,team_logos,Driver & Team Art,Team Shop,Team logo,Team Shop logo · TEAMSHOPLOGO2,likely,True,indexed,1024,256,1024,256,DXT5,262144,216,Correct native payload geometry mapped from the clean NASCAR 15 baseline.,
0,TRACKTESTING.ARC,lap_session_best_image001.tga,track_select,Track & Event Art,Track Select,Track presentation art,Track art · lap_session_best_image001.tga,likely,True,indexed,256,32,256,32,DXT5,8192,47304,Mapped from the clean NASCAR 15 baseline capture.,
0,TRACKTESTING.ARC,lap_times_image001.tga,track_select,Track & Event Art,Track Select,Track presentation art,Track art · lap_times_image001.tga,likely,True,indexed,256,32,256,32,DXT5,8192,55528,Mapped from the clean NASCAR 15 baseline capture.,
0,TRACKTESTING.ARC,rival_image001.tga,track_select,Track & Event Art,Track Select,Track presentation art,Track art · rival_image001.tga,likely,True,indexed,512,32,512,32,DXT1,32768,63752,Mapped from the clean NASCAR 15 baseline capture.,
0,TRACKTESTING.ARC,rival_image002.tga,track_select,Track & Event Art,Track Select,Track presentation art,Track art · rival_image002.tga,likely,True,indexed,512,32,512,32,DXT1,32768,96552,Mapped from the clean NASCAR 15 baseline capture.,
0,TRACKTESTING.ARC,messages_image001.tga,track_select,Track & Event Art,Track Select,Track presentation art,Track art · messages_image001.tga,likely,True,indexed,256,32,256,32,DXT5,8192,129352,Mapped from the clean NASCAR 15 baseline capture.,
0,TRACKTESTING.ARC,messages_image002.tga,track_select,Track & Event Art,Track Select,Track presentation art,Track art · messages_image002.tga,likely,True,indexed,256,32,256,32,DXT5,8192,137576,Mapped from the clean NASCAR 15 baseline capture.,
0,TRACKTESTING.ARC,brakeIndicator_image001.tga,track_select,Track & Event Art,Track Select,Track presentation art,Track art · brakeIndicator_image001.tga,likely,True,indexed,64,32,64,32,DXT5,4096,145800,Mapped from the clean NASCAR 15 baseline capture.,
0,TRACKTESTING.ARC,brakeIndicator_image002.tga,track_select,Track & Event Art,Track Select,Track presentation art,Track art · brakeIndicator_image002.tga,likely,False,unresolved,65,64,65,64,FMT_0x15,24576,149928,Mapped from the clean NASCAR 15 baseline capture.,Unsupported resource format FMT_0x15; raw export only
0,TRACKTESTING.ARC,brakeIndicator_image003.tga,track_select,Track & Event Art,Track Select,Track presentation art,Track art · brakeIndicator_image003.tga,likely,True,indexed,64,64,64,64,DXT5,8192,174536,Mapped from the clean NASCAR 15 baseline capture.,
0,TRACKTESTING.ARC,brakeIndicator_image004.tga,track_select,Track & Event Art,Track Select,Track presentation art,Track art · brakeIndicator_image004.tga,likely,False,unresolved,16,32,16,32,FMT_0x15,8192,182760,Mapped from the clean NASCAR 15 baseline capture.,Unsupported resource format FMT_0x15; raw export only
0,TRACKTESTING.ARC,brakeIndicator_image005.tga,track_select,Track & Event Art,Track Select,Track presentation art,Track art · brakeIndicator_image005.tga,likely,True,indexed,64,32,64,32,DXT5,4096,190984,Mapped from the clean NASCAR 15 baseline capture.,
0,TRACKTESTING.ARC,brakeIndicator_image006.tga,track_select,Track & Event Art,Track Select,Track presentation art,Track art · brakeIndicator_image006.tga,likely,False,unresolved,65,32,65,32,FMT_0x15,12288,195112,Mapped from the clean NASCAR 15 baseline capture.,Unsupported resource format FMT_0x15; raw export only
0,TRACKTESTING.ARC,brakeIndicator_image007.tga,track_select,Track & Event Art,Track Select,Track presentation art,Track art · brakeIndicator_image007.tga,likely,True,indexed,64,32,64,32,DXT5,4096,207432,Mapped from the clean NASCAR 15 baseline capture.,
0,TRACKTESTING.ARC,practice_image001.tga,track_select,Track & Event Art,Track Select,Track presentation art,Track art · practice_image001.tga,likely,True,indexed,256,32,256,32,DXT1,4096,211560,Mapped from the clean NASCAR 15 baseline capture.,
0,SPRINTNUMS2015.ARC,2015_MENARD,driver_number_cards,Driver & Team Art,Roster / Driver Select,Series number card,Driver number card · 2015_MENARD,likely,True,indexed,128,64,128,64,DXT1,4096,3192,Stored with a horizontal and partial vertical wraparound. The app unrolls for preview/export and re-wraps before install.,
0,SPRINTNUMS2015.ARC,2015_WALLACE,driver_number_cards,Driver & Team Art,Roster / Driver Select,Series number card,Driver number card · 2015_WALLACE,likely,True,indexed,128,64,128,64,DXT1,4096,7320,Stored with a horizontal and partial vertical wraparound. The app unrolls for preview/export and re-wraps before install.,
0,SPRINTNUMS2015.ARC,2015_MCDOWELL,driver_number_cards,Driver & Team Art,Roster / Driver Select,Series number card,Driver number card · 2015_MCDOWELL,likely,True,indexed,128,64,128,64,DXT1,4096,11448,Stored with a horizontal and partial vertical wraparound. The app unrolls for preview/export and re-wraps before install.,
0,SPRINTNUMS2015.ARC,2015_LOGANO,driver_number_cards,Driver & Team Art,Roster / Driver Select,Series number card,Driver number card · 2015_LOGANO,likely,True,indexed,128,64,128,64,DXT1,4096,15576,Stored with a horizontal and partial vertical wraparound. The app unrolls for preview/export and re-wraps before install.,
0,SPRINTNUMS2015.ARC,2015_JOHNSON,driver_number_cards,Driver & Team Art,Roster / Driver Select,Series number card,Driver number card · 2015_JOHNSON,likely,True,indexed,128,64,128,64,DXT1,4096,19704,Stored with a horizontal and partial vertical wraparound. The app unrolls for preview/export and re-wraps before install.,
0,SPRINTNUMS2015.ARC,2015_WISE,driver_number_cards,Driver & Team Art,Roster / Driver Select,Series number card,Driver number card · 2015_WISE,likely,True,indexed,128,64,128,64,DXT1,4096,23832,Stored with a horizontal and partial vertical wraparound. The app unrolls for preview/export and re-wraps before install.,
0,SPRINTNUMS2015.ARC,2015_BIFFLE,driver_number_cards,Driver & Team Art,Roster / Driver Select,Series number card,Driver number card · 2015_BIFFLE,likely,True,indexed,128,64,128,64,DXT1,4096,27960,Stored with a horizontal and partial vertical wraparound. The app unrolls for preview/export and re-wraps before install.,
0,SPRINTNUMS2015.ARC,2015_WHITT,driver_number_cards,Driver & Team Art,Roster / Driver Select,Series number card,Driver number card · 2015_WHITT,likely,True,indexed,128,64,128,64,DXT1,4096,32088,Stored with a horizontal and partial vertical wraparound. The app unrolls for preview/export and re-wraps before install.,
0,SPRINTNUMS2015.ARC,2015_ALMIROLA,driver_number_cards,Driver & Team Art,Roster / Driver Select,Series number card,Driver number card · 2015_ALMIROLA,likely,True,indexed,128,64,128,64,DXT1,4096,36216,Stored with a horizontal and partial vertical wraparound. The app unrolls for preview/export and re-wraps before install.,
0,SPRINTNUMS2015.ARC,2015_TRUEXMARTIN,driver_number_cards,Driver & Team Art,Roster / Driver Select,Series number card,Driver number card · 2015_TRUEXMARTIN,likely,True,indexed,128,64,128,64,DXT1,4096,40344,Stored with a horizontal and partial vertical wraparound. The app unrolls for preview/export and re-wraps before install.,
0,SPRINTNUMS2015.ARC,2015_PATRICK,driver_number_cards,Driver & Team Art,Roster / Driver Select,Series number card,Driver number card · 2015_PATRICK,likely,True,indexed,128,64,128,64,DXT1,4096,44472,Stored with a horizontal and partial vertical wraparound. The app unrolls for preview/export and re-wraps before install.,
0,SPRINTNUMS2015.ARC,2015_DILLON,driver_number_cards,Driver & Team Art,Roster / Driver Select,Series number card,Driver number card · 2015_DILLON,likely,True,indexed,128,64,128,64,DXT1,4096,48600,Stored with a horizontal and partial vertical wraparound. The app unrolls for preview/export and re-wraps before install.,
0,SPRINTNUMS2015.ARC,2015_MCMURRAY,driver_number_cards,Driver & Team Art,Roster / Driver Select,Series number card,Driver number card · 2015_MCMURRAY,likely,True,indexed,128,64,128,64,DXT1,4096,52728,Stored with a horizontal and partial vertical wraparound. The app unrolls for preview/export and re-wraps before install.,
0,SPRINTNUMS2015.ARC,2015_WALTRIP,driver_number_cards,Driver & Team Art,Roster / Driver Select,Series number card,Driver number card · 2015_WALTRIP,likely,True,indexed,128,64,128,64,DXT1,4096,56856,Stored with a horizontal and partial vertical wraparound. The app unrolls for preview/export and re-wraps before install.,
0,SPRINTNUMS2015.ARC,2015_BUSCHKYLE,driver_number_cards,Driver & Team Art,Roster / Driver Select,Series number card,Driver number card · 2015_BUSCHKYLE,likely,True,indexed,128,64,128,64,DXT1,4096,60984,Stored with a horizontal and partial vertical wraparound. The app unrolls for preview/export and re-wraps before install.,
0,SPRINTNUMS2015.ARC,2015_BUSCHKURT,driver_number_cards,Driver & Team Art,Roster / Driver Select,Series number card,Driver number card · 2015_BUSCHKURT,likely,True,indexed,128,64,128,64,DXT1,4096,65112,Stored with a horizontal and partial vertical wraparound. The app unrolls for preview/export and re-wraps before install.,
0,SPRINTNUMS2015.ARC,2015_VICKERS,driver_number_cards,Driver & Team Art,Roster / Driver Select,Series number card,Driver number card · 2015_VICKERS,likely,True,indexed,128,64,128,64,DXT1,4096,69240,Stored with a horizontal and partial vertical wraparound. The app unrolls for preview/export and re-wraps before install.,
0,SPRINTNUMS2015.ARC,2015_KESELOWSKI,driver_number_cards,Driver & Team Art,Roster / Driver Select,Series number card,Driver number card · 2015_KESELOWSKI,likely,True,indexed,128,64,128,64,DXT1,4096,73368,Stored with a horizontal and partial vertical wraparound. The app unrolls for preview/export and re-wraps before install.,
0,SPRINTNUMS2015.ARC,2015_ANNETT,driver_number_cards,Driver & Team Art,Roster / Driver Select,Series number card,Driver number card · 2015_ANNETT,likely,True,indexed,128,64,128,64,DXT1,4096,77496,Stored with a horizontal and partial vertical wraparound. The app unrolls for preview/export and re-wraps before install.,
0,SPRINTNUMS2015.ARC,2015_EARNHARDT,driver_number_cards,Driver & Team Art,Roster / Driver Select,Series number card,Driver number card · 2015_EARNHARDT,likely,True,indexed,128,64,128,64,DXT1,4096,81624,Stored with a horizontal and partial vertical wraparound. The app unrolls for preview/export and re-wraps before install.,
0,SPRINTNUMS2015.ARC,2015_BAYNE,driver_number_cards,Driver & Team Art,Roster / Driver Select,Series number card,Driver number card · 2015_BAYNE,likely,True,indexed,128,64,128,64,DXT1,4096,85752,Stored with a horizontal and partial vertical wraparound. The app unrolls for preview/export and re-wraps before install.,
0,SPRINTNUMS2015.ARC,2015_BOWYER,driver_number_cards,Driver & Team Art,Roster / Driver Select,Series number card,Driver number card · 2015_BOWYER,likely,True,indexed,128,64,128,64,DXT1,4096,89880,Stored with a horizontal and partial vertical wraparound. The app unrolls for preview/export and re-wraps before install.,
0,SPRINTNUMS2015.ARC,2015_EDWARDS,driver_number_cards,Driver & Team Art,Roster / Driver Select,Series number card,Driver number card · 2015_EDWARDS,likely,True,indexed,128,64,128,64,DXT1,4096,94008,Stored with a horizontal and partial vertical wraparound. The app unrolls for preview/export and re-wraps before install.,
0,SPRINTNUMS2015.ARC,2015_GILLILAND,driver_number_cards,Driver & Team Art,Roster / Driver Select,Series number card,Driver number card · 2015_GILLILAND,likely,True,indexed,128,64,128,64,DXT1,4096,98136,Stored with a horizontal and partial vertical wraparound. The app unrolls for preview/export and re-wraps before install.,
0,SPRINTNUMS2015.ARC,2015_LARSON,driver_number_cards,Driver & Team Art,Roster / Driver Select,Series number card,Driver number card · 2015_LARSON,likely,True,indexed,128,64,128,64,DXT1,4096,102264,Stored with a horizontal and partial vertical wraparound. The app unrolls for preview/export and re-wraps before install.,
0,SPRINTNUMS2015.ARC,2015_ELLIOTT,driver_number_cards,Driver & Team Art,Roster / Driver Select,Series number card,Driver number card · 2015_ELLIOTT,likely,True,indexed,128,64,128,64,DXT1,4096,106392,Stored with a horizontal and partial vertical wraparound. The app unrolls for preview/export and re-wraps before install.,
0,SPRINTNUMS2015.ARC,2015_ALLMENDINGER,driver_number_cards,Driver & Team Art,Roster / Driver Select,Series number card,Driver number card · 2015_ALLMENDINGER,likely,True,indexed,128,64,128,64,DXT1,4096,110520,Stored with a horizontal and partial vertical wraparound. The app unrolls for preview/export and re-wraps before install.,
0,SPRINTNUMS2015.ARC,2015_KAHNE,driver_number_cards,Driver & Team Art,Roster / Driver Select,Series number card,Driver number card · 2015_KAHNE,likely,True,indexed,128,64,128,64,DXT1,4096,114648,Stored with a horizontal and partial vertical wraparound. The app unrolls for preview/export and re-wraps before install.,
0,SPRINTNUMS2015.ARC,2015_NEWMAN,driver_number_cards,Driver & Team Art,Roster / Driver Select,Series number card,Driver number card · 2015_NEWMAN,likely,True,indexed,128,64,128,64,DXT1,4096,118776,Stored with a horizontal and partial vertical wraparound. The app unrolls for preview/export and re-wraps before install.,
0,SPRINTNUMS2015.ARC,2015_KENSETH,driver_number_cards,Driver & Team Art,Roster / Driver Select,Series number card,Driver number card · 2015_KENSETH,likely,True,indexed,128,64,128,64,DXT1,4096,122904,Stored with a horizontal and partial vertical wraparound. The app unrolls for preview/export and re-wraps before install.,
0,SPRINTNUMS2015.ARC,2015_STEWART,driver_number_cards,Driver & Team Art,Roster / Driver Select,Series number card,Driver number card · 2015_STEWART,likely,True,indexed,128,64,128,64,DXT1,4096,127032,Stored with a horizontal and partial vertical wraparound. The app unrolls for preview/export and re-wraps before install.,
0,SPRINTNUMS2015.ARC,2015_ALLGAIER,driver_number_cards,Driver & Team Art,Roster / Driver Select,Series number card,Driver number card · 2015_ALLGAIER,likely,True,indexed,128,64,128,64,DXT1,4096,131160,Stored with a horizontal and partial vertical wraparound. The app unrolls for preview/export and re-wraps before install.,
0,SPRINTNUMS2015.ARC,2015_HAMLIN,driver_number_cards,Driver & Team Art,Roster / Driver Select,Series number card,Driver number card · 2015_HAMLIN,likely,True,indexed,128,64,128,64,DXT1,4096,135288,Stored with a horizontal and partial vertical wraparound. The app unrolls for preview/export and re-wraps before install.,
0,SPRINTNUMS2015.ARC,2015_GORDONJEFF,driver_number_cards,Driver & Team Art,Roster / Driver Select,Series number card,Driver number card · 2015_GORDONJEFF,likely,True,indexed,128,64,128,64,DXT1,4096,139416,Stored with a horizontal and partial vertical wraparound. The app unrolls for preview/export and re-wraps before install.,
0,SPRINTNUMS2015.ARC,2015_MEARS,driver_number_cards,Driver & Team Art,Roster / Driver Select,Series number card,Driver number card · 2015_MEARS,likely,True,indexed,128,64,128,64,DXT1,4096,143544,Stored with a horizontal and partial vertical wraparound. The app unrolls for preview/export and re-wraps before install.,
0,SPRINTNUMS2015.ARC,2015_YELEY,driver_number_cards,Driver & Team Art,Roster / Driver Select,Series number card,Driver number card · 2015_YELEY,likely,True,indexed,128,64,128,64,DXT1,4096,147672,Stored with a horizontal and partial vertical wraparound. The app unrolls for preview/export and re-wraps before install.,
0,SPRINTNUMS2015.ARC,2015_HARVICK,driver_number_cards,Driver & Team Art,Roster / Driver Select,Series number card,Driver number card · 2015_HARVICK,likely,True,indexed,128,64,128,64,DXT1,4096,151800,Stored with a horizontal and partial vertical wraparound. The app unrolls for preview/export and re-wraps before install.,
0,SPRINTNUMS2015.ARC,2015_RAGAN,driver_number_cards,Driver & Team Art,Roster / Driver Select,Series number card,Driver number card · 2015_RAGAN,likely,True,indexed,128,64,128,64,DXT1,4096,155928,Stored with a horizontal and partial vertical wraparound. The app unrolls for preview/export and re-wraps before install.,
0,SPRINTNUMS2015.ARC,2015_STENHOUSE,driver_number_cards,Driver & Team Art,Roster / Driver Select,Series number card,Driver number card · 2015_STENHOUSE,likely,True,indexed,128,64,128,64,DXT1,4096,160056,Stored with a horizontal and partial vertical wraparound. The app unrolls for preview/export and re-wraps before install.,
0,SPRINTNUMS2015.ARC,2015_SMITHREGAN,driver_number_cards,Driver & Team Art,Roster / Driver Select,Series number card,Driver number card · 2015_SMITHREGAN,likely,True,indexed,128,64,128,64,DXT1,4096,164184,Stored with a horizontal and partial vertical wraparound. The app unrolls for preview/export and re-wraps before install.,
0,SPRINTNUMS2015.ARC,2015_DILLONTY,driver_number_cards,Driver & Team Art,Roster / Driver Select,Series number card,Driver number card · 2015_DILLONTY,likely,True,indexed,128,64,128,64,DXT1,4096,168312,Stored with a horizontal and partial vertical wraparound. The app unrolls for preview/export and re-wraps before install.,
0,SPRINTNUMS2015.ARC,2015_HORNISH_JR,driver_number_cards,Driver & Team Art,Roster / Driver Select,Series number card,Driver number card · 2015_HORNISH_JR,likely,True,indexed,128,64,128,64,DXT1,4096,172440,Stored with a horizontal and partial vertical wraparound. The app unrolls for preview/export and re-wraps before install.,
0,SPRINTNUMS2015.ARC,2015_BLANEYRYAN,driver_number_cards,Driver & Team Art,Roster / Driver Select,Series number card,Driver number card · 2015_BLANEYRYAN,likely,True,indexed,128,64,128,64,DXT1,4096,176568,Stored with a horizontal and partial vertical wraparound. The app unrolls for preview/export and re-wraps before install.,
0,SPRINTNUMS2015.ARC,2015_LABONTE,driver_number_cards,Driver & Team Art,Roster / Driver Select,Series number card,Driver number card · 2015_LABONTE,likely,True,indexed,128,64,128,64,DXT1,4096,180696,Stored with a horizontal and partial vertical wraparound. The app unrolls for preview/export and re-wraps before install.,
0,SPRINTNUMS2015.ARC,2015_BURTONJEB,driver_number_cards,Driver & Team Art,Roster / Driver Select,Series number card,Driver number card · 2015_BURTONJEB,likely,True,indexed,128,64,128,64,DXT1,4096,184824,Stored with a horizontal and partial vertical wraparound. The app unrolls for preview/export and re-wraps before install.,
0,SPRINTNUMS2015.ARC,2015_JONES,driver_number_cards,Driver & Team Art,Roster / Driver Select,Series number card,Driver number card · 2015_JONES,likely,True,indexed,128,64,128,64,DXT1,4096,188952,Stored with a horizontal and partial vertical wraparound. The app unrolls for preview/export and re-wraps before install.,
0,SPRINTNUMS2015.ARC,2015_TIFFT,driver_number_cards,Driver & Team Art,Roster / Driver Select,Series number card,Driver number card · 2015_TIFFT,likely,True,indexed,128,64,128,64,DXT1,4096,193080,Stored with a horizontal and partial vertical wraparound. The app unrolls for preview/export and re-wraps before install.,
0,SPRINTNUMS2015.ARC,BIG_2015_MENARD,driver_number_cards,Driver & Team Art,Roster / Driver Select,Series number card,Driver number card · BIG_2015_MENARD,likely,True,indexed,128,64,128,64,DXT1,4096,197208,Stored with a horizontal and partial vertical wraparound. The app unrolls for preview/export and re-wraps before install.,
0,SPRINTNUMS2015.ARC,BIG_2015_WALLACE,driver_number_cards,Driver & Team Art,Roster / Driver Select,Series number card,Driver number card · BIG_2015_WALLACE,likely,True,indexed,128,64,128,64,DXT1,4096,201336,Stored with a horizontal and partial vertical wraparound. The app unrolls for preview/export and re-wraps before install.,
0,SPRINTNUMS2015.ARC,BIG_2015_MCDOWELL,driver_number_cards,Driver & Team Art,Roster / Driver Select,Series number card,Driver number card · BIG_2015_MCDOWELL,likely,True,indexed,128,64,128,64,DXT1,4096,205464,Stored with a horizontal and partial vertical wraparound. The app unrolls for preview/export and re-wraps before install.,
0,SPRINTNUMS2015.ARC,BIG_2015_LOGANO,driver_number_cards,Driver & Team Art,Roster / Driver Select,Series number card,Driver number card · BIG_2015_LOGANO,likely,True,indexed,128,64,128,64,DXT1,4096,209592,Stored with a horizontal and partial vertical wraparound. The app unrolls for preview/export and re-wraps before install.,
0,SPRINTNUMS2015.ARC,BIG_2015_JOHNSON,driver_number_cards,Driver & Team Art,Roster / Driver Select,Series number card,Driver number card · BIG_2015_JOHNSON,likely,True,indexed,128,64,128,64,DXT1,4096,213720,Stored with a horizontal and partial vertical wraparound. The app unrolls for preview/export and re-wraps before install.,
0,SPRINTNUMS2015.ARC,BIG_2015_WISE,driver_number_cards,Driver & Team Art,Roster / Driver Select,Series number card,Driver number card · BIG_2015_WISE,likely,True,indexed,128,64,128,64,DXT1,4096,217848,Stored with a horizontal and partial vertical wraparound. The app unrolls for preview/export and re-wraps before install.,
0,SPRINTNUMS2015.ARC,BIG_2015_BIFFLE,driver_number_cards,Driver & Team Art,Roster / Driver Select,Series number card,Driver number card · BIG_2015_BIFFLE,likely,True,indexed,128,64,128,64,DXT1,4096,221976,Stored with a horizontal and partial vertical wraparound. The app unrolls for preview/export and re-wraps before install.,
0,SPRINTNUMS2015.ARC,BIG_2015_WHITT,driver_number_cards,Driver & Team Art,Roster / Driver Select,Series number card,Driver number card · BIG_2015_WHITT,likely,True,indexed,128,64,128,64,DXT1,4096,226104,Stored with a horizontal and partial vertical wraparound. The app unrolls for preview/export and re-wraps before install.,
0,SPRINTNUMS2015.ARC,BIG_2015_ALMIROLA,driver_number_cards,Driver & Team Art,Roster / Driver Select,Series number card,Driver number card · BIG_2015_ALMIROLA,likely,True,indexed,128,64,128,64,DXT1,4096,230232,Stored with a horizontal and partial vertical wraparound. The app unrolls for preview/export and re-wraps before install.,
0,SPRINTNUMS2015.ARC,BIG_2015_TRUEXMARTIN,driver_number_cards,Driver & Team Art,Roster / Driver Select,Series number card,Driver number card · BIG_2015_TRUEXMARTIN,likely,True,indexed,128,64,128,64,DXT1,4096,234360,Stored with a horizontal and partial vertical wraparound. The app unrolls for preview/export and re-wraps before install.,
0,SPRINTNUMS2015.ARC,BIG_2015_PATRICK,driver_number_cards,Driver & Team Art,Roster / Driver Select,Series number card,Driver number card · BIG_2015_PATRICK,likely,True,indexed,128,64,128,64,DXT1,4096,238488,Stored with a horizontal and partial vertical wraparound. The app unrolls for preview/export and re-wraps before install.,
0,SPRINTNUMS2015.ARC,BIG_2015_DILLON,driver_number_cards,Driver & Team Art,Roster / Driver Select,Series number card,Driver number card · BIG_2015_DILLON,likely,True,indexed,128,64,128,64,DXT1,4096,242616,Stored with a horizontal and partial vertical wraparound. The app unrolls for preview/export and re-wraps before install.,
0,SPRINTNUMS2015.ARC,BIG_2015_MCMURRAY,driver_number_cards,Driver & Team Art,Roster / Driver Select,Series number card,Driver number card · BIG_2015_MCMURRAY,likely,True,indexed,128,64,128,64,DXT1,4096,246744,Stored with a horizontal and partial vertical wraparound. The app unrolls for preview/export and re-wraps before install.,
0,SPRINTNUMS2015.ARC,BIG_2015_WALTRIP,driver_number_cards,Driver & Team Art,Roster / Driver Select,Series number card,Driver number card · BIG_2015_WALTRIP,likely,True,indexed,128,64,128,64,DXT1,4096,250872,Stored with a horizontal and partial vertical wraparound. The app unrolls for preview/export and re-wraps before install.,
0,SPRINTNUMS2015.ARC,BIG_2015_BUSCHKYLE,driver_number_cards,Driver & Team Art,Roster / Driver Select,Series number card,Driver number card · BIG_2015_BUSCHKYLE,likely,True,indexed,128,64,128,64,DXT1,4096,255000,Stored with a horizontal and partial vertical wraparound. The app unrolls for preview/export and re-wraps before install.,
0,SPRINTNUMS2015.ARC,BIG_2015_BUSCHKURT,driver_number_cards,Driver & Team Art,Roster / Driver Select,Series number card,Driver number card · BIG_2015_BUSCHKURT,likely,True,indexed,128,64,128,64,DXT1,4096,259128,Stored with a horizontal and partial vertical wraparound. The app unrolls for preview/export and re-wraps before install.,
0,SPRINTNUMS2015.ARC,BIG_2015_VICKERS,driver_number_cards,Driver & Team Art,Roster / Driver Select,Series number card,Driver number card · BIG_2015_VICKERS,likely,True,indexed,128,64,128,64,DXT1,4096,263256,Stored with a horizontal and partial vertical wraparound. The app unrolls for preview/export and re-wraps before install.,
0,SPRINTNUMS2015.ARC,BIG_2015_KESELOWSKI,driver_number_cards,Driver & Team Art,Roster / Driver Select,Series number card,Driver number card · BIG_2015_KESELOWSKI,likely,True,indexed,128,64,128,64,DXT1,4096,267384,Stored with a horizontal and partial vertical wraparound. The app unrolls for preview/export and re-wraps before install.,
0,SPRINTNUMS2015.ARC,BIG_2015_ANNETT,driver_number_cards,Driver & Team Art,Roster / Driver Select,Series number card,Driver number card · BIG_2015_ANNETT,likely,True,indexed,128,64,128,64,DXT1,4096,271512,Stored with a horizontal and partial vertical wraparound. The app unrolls for preview/export and re-wraps before install.,
0,SPRINTNUMS2015.ARC,BIG_2015_EARNHARDT,driver_number_cards,Driver & Team Art,Roster / Driver Select,Series number card,Driver number card · BIG_2015_EARNHARDT,likely,True,indexed,128,64,128,64,DXT1,4096,275640,Stored with a horizontal and partial vertical wraparound. The app unrolls for preview/export and re-wraps before install.,
0,SPRINTNUMS2015.ARC,BIG_2015_BAYNE,driver_number_cards,Driver & Team Art,Roster / Driver Select,Series number card,Driver number card · BIG_2015_BAYNE,likely,True,indexed,128,64,128,64,DXT1,4096,279768,Stored with a horizontal and partial vertical wraparound. The app unrolls for preview/export and re-wraps before install.,
0,SPRINTNUMS2015.ARC,BIG_2015_BOWYER,driver_number_cards,Driver & Team Art,Roster / Driver Select,Series number card,Driver number card · BIG_2015_BOWYER,likely,True,indexed,128,64,128,64,DXT1,4096,283896,Stored with a horizontal and partial vertical wraparound. The app unrolls for preview/export and re-wraps before install.,
0,SPRINTNUMS2015.ARC,BIG_2015_EDWARDS,driver_number_cards,Driver & Team Art,Roster / Driver Select,Series number card,Driver number card · BIG_2015_EDWARDS,likely,True,indexed,128,64,128,64,DXT1,4096,288024,Stored with a horizontal and partial vertical wraparound. The app unrolls for preview/export and re-wraps before install.,
0,SPRINTNUMS2015.ARC,BIG_2015_GILLILAND,driver_number_cards,Driver & Team Art,Roster / Driver Select,Series number card,Driver number card · BIG_2015_GILLILAND,likely,True,indexed,128,64,128,64,DXT1,4096,292152,Stored with a horizontal and partial vertical wraparound. The app unrolls for preview/export and re-wraps before install.,
0,SPRINTNUMS2015.ARC,BIG_2015_LARSON,driver_number_cards,Driver & Team Art,Roster / Driver Select,Series number card,Driver number card · BIG_2015_LARSON,likely,True,indexed,128,64,128,64,DXT1,4096,296280,Stored with a horizontal and partial vertical wraparound. The app unrolls for preview/export and re-wraps before install.,
0,SPRINTNUMS2015.ARC,BIG_2015_ELLIOTT,driver_number_cards,Driver & Team Art,Roster / Driver Select,Series number card,Driver number card · BIG_2015_ELLIOTT,likely,True,indexed,128,64,128,64,DXT1,4096,300408,Stored with a horizontal and partial vertical wraparound. The app unrolls for preview/export and re-wraps before install.,
0,SPRINTNUMS2015.ARC,BIG_2015_ALLMENDINGER,driver_number_cards,Driver & Team Art,Roster / Driver Select,Series number card,Driver number card · BIG_2015_ALLMENDINGER,likely,True,indexed,128,64,128,64,DXT1,4096,304536,Stored with a horizontal and partial vertical wraparound. The app unrolls for preview/export and re-wraps before install.,
0,SPRINTNUMS2015.ARC,BIG_2015_KAHNE,driver_number_cards,Driver & Team Art,Roster / Driver Select,Series number card,Driver number card · BIG_2015_KAHNE,likely,True,indexed,128,64,128,64,DXT1,4096,308664,Stored with a horizontal and partial vertical wraparound. The app unrolls for preview/export and re-wraps before install.,
0,SPRINTNUMS2015.ARC,BIG_2015_NEWMAN,driver_number_cards,Driver & Team Art,Roster / Driver Select,Series number card,Driver number card · BIG_2015_NEWMAN,likely,True,indexed,128,64,128,64,DXT1,4096,312792,Stored with a horizontal and partial vertical wraparound. The app unrolls for preview/export and re-wraps before install.,
0,SPRINTNUMS2015.ARC,BIG_2015_KENSETH,driver_number_cards,Driver & Team Art,Roster / Driver Select,Series number card,Driver number card · BIG_2015_KENSETH,likely,True,indexed,128,64,128,64,DXT1,4096,316920,Stored with a horizontal and partial vertical wraparound. The app unrolls for preview/export and re-wraps before install.,
0,SPRINTNUMS2015.ARC,BIG_2015_STEWART,driver_number_cards,Driver & Team Art,Roster / Driver Select,Series number card,Driver number card · BIG_2015_STEWART,likely,True,indexed,128,64,128,64,DXT1,4096,321048,Stored with a horizontal and partial vertical wraparound. The app unrolls for preview/export and re-wraps before install.,
0,SPRINTNUMS2015.ARC,BIG_2015_ALLGAIER,driver_number_cards,Driver & Team Art,Roster / Driver Select,Series number card,Driver number card · BIG_2015_ALLGAIER,likely,True,indexed,128,64,128,64,DXT1,4096,325176,Stored with a horizontal and partial vertical wraparound. The app unrolls for preview/export and re-wraps before install.,
0,SPRINTNUMS2015.ARC,BIG_2015_HAMLIN,driver_number_cards,Driver & Team Art,Roster / Driver Select,Series number card,Driver number card · BIG_2015_HAMLIN,likely,True,indexed,128,64,128,64,DXT1,4096,329304,Stored with a horizontal and partial vertical wraparound. The app unrolls for preview/export and re-wraps before install.,
0,SPRINTNUMS2015.ARC,BIG_2015_GORDONJEFF,driver_number_cards,Driver & Team Art,Roster / Driver Select,Series number card,Driver number card · BIG_2015_GORDONJEFF,likely,True,indexed,128,64,128,64,DXT1,4096,333432,Stored with a horizontal and partial vertical wraparound. The app unrolls for preview/export and re-wraps before install.,
0,SPRINTNUMS2015.ARC,BIG_2015_MEARS,driver_number_cards,Driver & Team Art,Roster / Driver Select,Series number card,Driver number card · BIG_2015_MEARS,likely,True,indexed,128,64,128,64,DXT1,4096,337560,Stored with a horizontal and partial vertical wraparound. The app unrolls for preview/export and re-wraps before install.,
0,SPRINTNUMS2015.ARC,BIG_2015_YELEY,driver_number_cards,Driver & Team Art,Roster / Driver Select,Series number card,Driver number card · BIG_2015_YELEY,likely,True,indexed,128,64,128,64,DXT1,4096,341688,Stored with a horizontal and partial vertical wraparound. The app unrolls for preview/export and re-wraps before install.,
0,SPRINTNUMS2015.ARC,BIG_2015_HARVICK,driver_number_cards,Driver & Team Art,Roster / Driver Select,Series number card,Driver number card · BIG_2015_HARVICK,likely,True,indexed,128,64,128,64,DXT1,4096,345816,Stored with a horizontal and partial vertical wraparound. The app unrolls for preview/export and re-wraps before install.,
0,SPRINTNUMS2015.ARC,BIG_2015_RAGAN,driver_number_cards,Driver & Team Art,Roster / Driver Select,Series number card,Driver number card · BIG_2015_RAGAN,likely,True,indexed,128,64,128,64,DXT1,4096,349944,Stored with a horizontal and partial vertical wraparound. The app unrolls for preview/export and re-wraps before install.,
0,SPRINTNUMS2015.ARC,BIG_2015_STENHOUSE,driver_number_cards,Driver & Team Art,Roster / Driver Select,Series number card,Driver number card · BIG_2015_STENHOUSE,likely,True,indexed,128,64,128,64,DXT1,4096,354072,Stored with a horizontal and partial vertical wraparound. The app unrolls for preview/export and re-wraps before install.,
0,SPRINTNUMS2015.ARC,BIG_2015_SMITHREGAN,driver_number_cards,Driver & Team Art,Roster / Driver Select,Series number card,Driver number card · BIG_2015_SMITHREGAN,likely,True,indexed,128,64,128,64,DXT1,4096,358200,Stored with a horizontal and partial vertical wraparound. The app unrolls for preview/export and re-wraps before install.,
0,SPRINTNUMS2015.ARC,BIG_2015_DILLONTY,driver_number_cards,Driver & Team Art,Roster / Driver Select,Series number card,Driver number card · BIG_2015_DILLONTY,likely,True,indexed,128,64,128,64,DXT1,4096,362328,Stored with a horizontal and partial vertical wraparound. The app unrolls for preview/export and re-wraps before install.,
0,SPRINTNUMS2015.ARC,BIG_2015_HORNISH_JR,driver_number_cards,Driver & Team Art,Roster / Driver Select,Series number card,Driver number card · BIG_2015_HORNISH_JR,likely,True,indexed,128,64,128,64,DXT1,4096,366456,Stored with a horizontal and partial vertical wraparound. The app unrolls for preview/export and re-wraps before install.,
0,SPRINTNUMS2015.ARC,BIG_2015_BLANEYRYAN,driver_number_cards,Driver & Team Art,Roster / Driver Select,Series number card,Driver number card · BIG_2015_BLANEYRYAN,likely,True,indexed,128,64,128,64,DXT1,4096,370584,Stored with a horizontal and partial vertical wraparound. The app unrolls for preview/export and re-wraps before install.,
0,SPRINTNUMS2015.ARC,BIG_2015_LABONTE,driver_number_cards,Driver & Team Art,Roster / Driver Select,Series number card,Driver number card · BIG_2015_LABONTE,likely,True,indexed,128,64,128,64,DXT1,4096,374712,Stored with a horizontal and partial vertical wraparound. The app unrolls for preview/export and re-wraps before install.,
0,SPRINTNUMS2015.ARC,BIG_2015_BURTONJEB,driver_number_cards,Driver & Team Art,Roster / Driver Select,Series number card,Driver number card · BIG_2015_BURTONJEB,likely,True,indexed,128,64,128,64,DXT1,4096,378840,Stored with a horizontal and partial vertical wraparound. The app unrolls for preview/export and re-wraps before install.,
0,SPRINTNUMS2015.ARC,BIG_2015_JONES,driver_number_cards,Driver & Team Art,Roster / Driver Select,Series number card,Driver number card · BIG_2015_JONES,likely,True,indexed,128,64,128,64,DXT1,4096,382968,Stored with a horizontal and partial vertical wraparound. The app unrolls for preview/export and re-wraps before install.,
0,SPRINTNUMS2015.ARC,BIG_2015_TIFFT,driver_number_cards,Driver & Team Art,Roster / Driver Select,Series number card,Driver number card · BIG_2015_TIFFT,likely,True,indexed,128,64,128,64,DXT1,4096,387096,Stored with a horizontal and partial vertical wraparound. The app unrolls for preview/export and re-wraps before install.,
0,BASESCHEMETHUMBNAILS.ARC,14_CAREER_CHEVY_4,paint_scheme_preview,Paint Scheme Previews,Career Paint Select,Base scheme thumbnail,Career scheme thumbnail · 14_CAREER_CHEVY_4,likely,True,indexed,256,256,256,256,DXT5,65536,3064,Mapped from a known UI container family.,
0,BASESCHEMETHUMBNAILS.ARC,14_CAREER_CHEVY_1,paint_scheme_preview,Paint Scheme Previews,Career Paint Select,Base scheme thumbnail,Career scheme thumbnail · 14_CAREER_CHEVY_1,likely,True,indexed,256,256,256,256,DXT5,65536,68632,Mapped from a known UI container family.,
0,BASESCHEMETHUMBNAILS.ARC,14_CAREER_CHEVY_2,paint_scheme_preview,Paint Scheme Previews,Career Paint Select,Base scheme thumbnail,Career scheme thumbnail · 14_CAREER_CHEVY_2,likely,True,indexed,256,256,256,256,DXT5,65536,134200,Mapped from a known UI container family.,
0,BASESCHEMETHUMBNAILS.ARC,14_CAREER_CHEVY_3,paint_scheme_preview,Paint Scheme Previews,Career Paint Select,Base scheme thumbnail,Career scheme thumbnail · 14_CAREER_CHEVY_3,likely,True,indexed,256,256,256,256,DXT5,65536,199768,Mapped from a known UI container family.,
0,BASESCHEMETHUMBNAILS.ARC,14_CAREER_CHEVY_5,paint_scheme_preview,Paint Scheme Previews,Career Paint Select,Base scheme thumbnail,Career scheme thumbnail · 14_CAREER_CHEVY_5,likely,True,indexed,256,256,256,256,DXT5,65536,265336,Mapped from a known UI container family.,
0,BASESCHEMETHUMBNAILS.ARC,14_CAREER_CHEVY_6,paint_scheme_preview,Paint Scheme Previews,Career Paint Select,Base scheme thumbnail,Career scheme thumbnail · 14_CAREER_CHEVY_6,likely,True,indexed,256,256,256,256,DXT5,65536,330904,Mapped from a known UI container family.,
0,BASESCHEMETHUMBNAILS.ARC,twt,paint_scheme_preview,Paint Scheme Previews,Career Paint Select,Base scheme thumbnail,Career scheme thumbnail · 14_CAREER_CHEVY_7,likely,True,indexed,256,256,256,256,DXT5,65536,396472,Mapped from a known UI container family.,
0,BASESCHEMETHUMBNAILS.ARC,14_CAREER_CHEVY_8,paint_scheme_preview,Paint Scheme Previews,Career Paint Select,Base scheme thumbnail,Career scheme thumbnail · 14_CAREER_CHEVY_8,likely,True,indexed,256,256,256,256,DXT5,65536,462040,Mapped from a known UI container family.,
0,BASESCHEMETHUMBNAILS.ARC,14_CAREER_CHEVY_9,paint_scheme_preview,Paint Scheme Previews,Career Paint Select,Base scheme thumbnail,Career scheme thumbnail · 14_CAREER_CHEVY_9,likely,True,indexed,256,256,256,256,DXT5,65536,527608,Mapped from a known UI container family.,
0,BASESCHEMETHUMBNAILS.ARC,14_CAREER_CHEVY_10,paint_scheme_preview,Paint Scheme Previews,Career Paint Select,Base scheme thumbnail,Career scheme thumbnail · 14_CAREER_CHEVY_10,likely,True,indexed,256,256,256,256,DXT5,65536,593176,Mapped from a known UI container family.,
0,BASESCHEMETHUMBNAILS.ARC,14_CAREER_CHEVY_11,paint_scheme_preview,Paint Scheme Previews,Career Paint Select,Base scheme thumbnail,Career scheme thumbnail · 14_CAREER_CHEVY_11,likely,True,indexed,256,256,256,256,DXT5,65536,658744,Mapped from a known UI container family.,
0,BASESCHEMETHUMBNAILS.ARC,14_CAREER_CHEVY_12,paint_scheme_preview,Paint Scheme Previews,Career Paint Select,Base scheme thumbnail,Career scheme thumbnail · 14_CAREER_CHEVY_12,likely,True,indexed,256,256,256,256,DXT5,65536,724312,Mapped from a known UI container family.,
0,BASESCHEMETHUMBNAILS.ARC,14_CAREER_CHEVY_13,paint_scheme_preview,Paint Scheme Previews,Career Paint Select,Base scheme thumbnail,Career scheme thumbnail · 14_CAREER_CHEVY_13,likely,True,indexed,256,256,256,256,DXT5,65536,789880,Mapped from a known UI container family.,
0,BASESCHEMETHUMBNAILS.ARC,14_CAREER_CHEVY_14,paint_scheme_preview,Paint Scheme Previews,Career Paint Select,Base scheme thumbnail,Career scheme thumbnail · 14_CAREER_CHEVY_14,likely,True,indexed,256,256,256,256,DXT5,65536,855448,Mapped from a known UI container family.,
0,BASESCHEMETHUMBNAILS.ARC,14_CAREER_CHEVY_15,paint_scheme_preview,Paint Scheme Previews,Career Paint Select,Base scheme thumbnail,Career scheme thumbnail · 14_CAREER_CHEVY_15,likely,True,indexed,256,256,256,256,DXT5,65536,921016,Mapped from a known UI container family.,
0,BASESCHEMETHUMBNAILS.ARC,14_CAREER_FORD_1,paint_scheme_preview,Paint Scheme Previews,Career Paint Select,Base scheme thumbnail,Career scheme thumbnail · 14_CAREER_FORD_1,likely,True,indexed,256,256,256,256,DXT5,65536,986584,Mapped from a known UI container family.,
0,BASESCHEMETHUMBNAILS.ARC,14_CAREER_FORD_2,paint_scheme_preview,Paint Scheme Previews,Career Paint Select,Base scheme thumbnail,Career scheme thumbnail · 14_CAREER_FORD_2,likely,True,indexed,256,256,256,256,DXT5,65536,1052152,Mapped from a known UI container family.,
0,BASESCHEMETHUMBNAILS.ARC,14_CAREER_FORD_3,paint_scheme_preview,Paint Scheme Previews,Career Paint Select,Base scheme thumbnail,Career scheme thumbnail · 14_CAREER_FORD_3,likely,True,indexed,256,256,256,256,DXT5,65536,1117720,Mapped from a known UI container family.,
0,BASESCHEMETHUMBNAILS.ARC,14_CAREER_FORD_4,paint_scheme_preview,Paint Scheme Previews,Career Paint Select,Base scheme thumbnail,Career scheme thumbnail · 14_CAREER_FORD_4,likely,True,indexed,256,256,256,256,DXT5,65536,1183288,Mapped from a known UI container family.,
0,BASESCHEMETHUMBNAILS.ARC,14_CAREER_FORD_5,paint_scheme_preview,Paint Scheme Previews,Career Paint Select,Base scheme thumbnail,Career scheme thumbnail · 14_CAREER_FORD_5,likely,True,indexed,256,256,256,256,DXT5,65536,1248856,Mapped from a known UI container family.,
0,BASESCHEMETHUMBNAILS.ARC,14_CAREER_FORD_6,paint_scheme_preview,Paint Scheme Previews,Career Paint Select,Base scheme thumbnail,Career scheme thumbnail · 14_CAREER_FORD_6,likely,True,indexed,256,256,256,256,DXT5,65536,1314424,Mapped from a known UI container family.,
0,BASESCHEMETHUMBNAILS.ARC,14_CAREER_FORD_7,paint_scheme_preview,Paint Scheme Previews,Career Paint Select,Base scheme thumbnail,Career scheme thumbnail · 14_CAREER_FORD_7,likely,True,indexed,256,256,256,256,DXT5,65536,1379992,Mapped from a known UI container family.,
0,BASESCHEMETHUMBNAILS.ARC,14_CAREER_FORD_8,paint_scheme_preview,Paint Scheme Previews,Career Paint Select,Base scheme thumbnail,Career scheme thumbnail · 14_CAREER_FORD_8,likely,True,indexed,256,256,256,256,DXT5,65536,1445560,Mapped from a known UI container family.,
0,BASESCHEMETHUMBNAILS.ARC,14_CAREER_FORD_9,paint_scheme_preview,Paint Scheme Previews,Career Paint Select,Base scheme thumbnail,Career scheme thumbnail · 14_CAREER_FORD_9,likely,True,indexed,256,256,256,256,DXT5,65536,1511128,Mapped from a known UI container family.,
0,BASESCHEMETHUMBNAILS.ARC,14_CAREER_FORD_10,paint_scheme_preview,Paint Scheme Previews,Career Paint Select,Base scheme thumbnail,Career scheme thumbnail · 14_CAREER_FORD_10,likely,True,indexed,256,256,256,256,DXT5,65536,1576696,Mapped from a known UI container family.,
0,BASESCHEMETHUMBNAILS.ARC,14_CAREER_FORD_11,paint_scheme_preview,Paint Scheme Previews,Career Paint Select,Base scheme thumbnail,Career scheme thumbnail · 14_CAREER_FORD_11,likely,True,indexed,256,256,256,256,DXT5,65536,1642264,Mapped from a known UI container family.,
0,BASESCHEMETHUMBNAILS.ARC,14_CAREER_FORD_12,paint_scheme_preview,Paint Scheme Previews,Career Paint Select,Base scheme thumbnail,Career scheme thumbnail · 14_CAREER_FORD_12,likely,True,indexed,256,256,256,256,DXT5,65536,1707832,Mapped from a known UI container family.,
0,BASESCHEMETHUMBNAILS.ARC,14_CAREER_FORD_13,paint_scheme_preview,Paint Scheme Previews,Career Paint Select,Base scheme thumbnail,Career scheme thumbnail · 14_CAREER_FORD_13,likely,True,indexed,256,256,256,256,DXT5,65536,1773400,Mapped from a known UI container family.,
0,BASESCHEMETHUMBNAILS.ARC,14_CAREER_FORD_14,paint_scheme_preview,Paint Scheme Previews,Career Paint Select,Base scheme thumbnail,Career scheme thumbnail · 14_CAREER_FORD_14,likely,True,indexed,256,256,256,256,DXT5,65536,1838968,Mapped from a known UI container family.,
0,BASESCHEMETHUMBNAILS.ARC,14_CAREER_FORD_15,paint_scheme_preview,Paint Scheme Previews,Career Paint Select,Base scheme thumbnail,Career scheme thumbnail · 14_CAREER_FORD_15,likely,True,indexed,256,256,256,256,DXT5,65536,1904536,Mapped from a known UI container family.,
0,BASESCHEMETHUMBNAILS.ARC,14_CAREER_TOYOTA_1,paint_scheme_preview,Paint Scheme Previews,Career Paint Select,Base scheme thumbnail,Career scheme thumbnail · 14_CAREER_TOYOTA_1,likely,True,indexed,256,256,256,256,DXT5,65536,1970104,Mapped from a known UI container family.,
0,BASESCHEMETHUMBNAILS.ARC,14_CAREER_TOYOTA_2,paint_scheme_preview,Paint Scheme Previews,Career Paint Select,Base scheme thumbnail,Career scheme thumbnail · 14_CAREER_TOYOTA_2,likely,True,indexed,256,256,256,256,DXT5,65536,2035672,Mapped from a known UI container family.,
0,BASESCHEMETHUMBNAILS.ARC,14_CAREER_TOYOTA_3,paint_scheme_preview,Paint Scheme Previews,Career Paint Select,Base scheme thumbnail,Career scheme thumbnail · 14_CAREER_TOYOTA_3,likely,True,indexed,256,256,256,256,DXT5,65536,2101240,Mapped from a known UI container family.,
0,BASESCHEMETHUMBNAILS.ARC,14_CAREER_TOYOTA_4,paint_scheme_preview,Paint Scheme Previews,Career Paint Select,Base scheme thumbnail,Career scheme thumbnail · 14_CAREER_TOYOTA_4,likely,True,indexed,256,256,256,256,DXT5,65536,2166808,Mapped from a known UI container family.,
0,BASESCHEMETHUMBNAILS.ARC,14_CAREER_TOYOTA_5,paint_scheme_preview,Paint Scheme Previews,Career Paint Select,Base scheme thumbnail,Career scheme thumbnail · 14_CAREER_TOYOTA_5,likely,True,indexed,256,256,256,256,DXT5,65536,2232376,Mapped from a known UI container family.,
0,BASESCHEMETHUMBNAILS.ARC,14_CAREER_TOYOTA_6,paint_scheme_preview,Paint Scheme Previews,Career Paint Select,Base scheme thumbnail,Career scheme thumbnail · 14_CAREER_TOYOTA_6,likely,True,indexed,256,256,256,256,DXT5,65536,2297944,Mapped from a known UI container family.,
0,BASESCHEMETHUMBNAILS.ARC,14_CAREER_TOYOTA_7,paint_scheme_preview,Paint Scheme Previews,Career Paint Select,Base scheme thumbnail,Career scheme thumbnail · 14_CAREER_TOYOTA_7,likely,True,indexed,256,256,256,256,DXT5,65536,2363512,Mapped from a known UI container family.,
0,BASESCHEMETHUMBNAILS.ARC,14_CAREER_TOYOTA_8,paint_scheme_preview,Paint Scheme Previews,Career Paint Select,Base scheme thumbnail,Career scheme thumbnail · 14_CAREER_TOYOTA_8,likely,True,indexed,256,256,256,256,DXT5,65536,2429080,Mapped from a known UI container family.,
0,BASESCHEMETHUMBNAILS.ARC,14_CAREER_TOYOTA_9,paint_scheme_preview,Paint Scheme Previews,Career Paint Select,Base scheme thumbnail,Career scheme thumbnail · 14_CAREER_TOYOTA_9,likely,True,indexed,256,256,256,256,DXT5,65536,2494648,Mapped from a known UI container family.,
0,BASESCHEMETHUMBNAILS.ARC,14_CAREER_TOYOTA_10,paint_scheme_preview,Paint Scheme Previews,Career Paint Select,Base scheme thumbnail,Career scheme thumbnail · 14_CAREER_TOYOTA_10,likely,True,indexed,256,256,256,256,DXT5,65536,2560216,Mapped from a known UI container family.,
0,BASESCHEMETHUMBNAILS.ARC,14_CAREER_TOYOTA_11,paint_scheme_preview,Paint Scheme Previews,Career Paint Select,Base scheme thumbnail,Career scheme thumbnail · 14_CAREER_TOYOTA_11,likely,True,indexed,256,256,256,256,DXT5,65536,2625784,Mapped from a known UI container family.,
0,BASESCHEMETHUMBNAILS.ARC,14_CAREER_TOYOTA_12,paint_scheme_preview,Paint Scheme Previews,Career Paint Select,Base scheme thumbnail,Career scheme thumbnail · 14_CAREER_TOYOTA_12,likely,True,indexed,256,256,256,256,DXT5,65536,2691352,Mapped from a known UI container family.,
0,BASESCHEMETHUMBNAILS.ARC,14_CAREER_TOYOTA_13,paint_scheme_preview,Paint Scheme Previews,Career Paint Select,Base scheme thumbnail,Career scheme thumbnail · 14_CAREER_TOYOTA_13,likely,True,indexed,256,256,256,256,DXT5,65536,2756920,Mapped from a known UI container family.,
0,BASESCHEMETHUMBNAILS.ARC,14_CAREER_TOYOTA_14,paint_scheme_preview,Paint Scheme Previews,Career Paint Select,Base scheme thumbnail,Career scheme thumbnail · 14_CAREER_TOYOTA_14,likely,True,indexed,256,256,256,256,DXT5,65536,2822488,Mapped from a known UI container family.,
0,BASESCHEMETHUMBNAILS.ARC,14_CAREER_TOYOTA_15,paint_scheme_preview,Paint Scheme Previews,Career Paint Select,Base scheme thumbnail,Career scheme thumbnail · 14_CAREER_TOYOTA_15,likely,True,indexed,256,256,256,256,DXT5,65536,2888056,Mapped from a known UI container family.,
0,BASESCHEMETHUMBNAILS.ARC,Wl6d,paint_scheme_preview,Paint Scheme Previews,Career Paint Select,Base scheme thumbnail,Career scheme thumbnail · CAREER_FORD_5,likely,True,indexed,256,256,256,256,DXT5,65536,2953624,Mapped from a known UI container family.,
0,BASESCHEMETHUMBNAILS.ARC,CAREER_FORD_4,paint_scheme_preview,Paint Scheme Previews,Career Paint Select,Base scheme thumbnail,Career scheme thumbnail · CAREER_FORD_4,likely,True,indexed,256,256,256,256,DXT5,65536,3019192,Mapped from a known UI container family.,
0,BASESCHEMETHUMBNAILS.ARC,CAREER_FORD_7,paint_scheme_preview,Paint Scheme Previews,Career Paint Select,Base scheme thumbnail,Career scheme thumbnail · CAREER_FORD_7,likely,True,indexed,256,256,256,256,DXT5,65536,3084760,Mapped from a known UI container family.,
0,BASESCHEMETHUMBNAILS.ARC,CAREER_FORD_6,paint_scheme_preview,Paint Scheme Previews,Career Paint Select,Base scheme thumbnail,Career scheme thumbnail · CAREER_FORD_6,likely,True,indexed,256,256,256,256,DXT5,65536,3150328,Mapped from a known UI container family.,
0,BASESCHEMETHUMBNAILS.ARC,CAREER_FORD_1,paint_scheme_preview,Paint Scheme Previews,Career Paint Select,Base scheme thumbnail,Career scheme thumbnail · CAREER_FORD_1,likely,True,indexed,256,256,256,256,DXT5,65536,3215896,Mapped from a known UI container family.,
0,BASESCHEMETHUMBNAILS.ARC,CAREER_FORD_3,paint_scheme_preview,Paint Scheme Previews,Career Paint Select,Base scheme thumbnail,Career scheme thumbnail · CAREER_FORD_3,likely,True,indexed,256,256,256,256,DXT5,65536,3281464,Mapped from a known UI container family.,
0,BASESCHEMETHUMBNAILS.ARC,CAREER_FORD_2,paint_scheme_preview,Paint Scheme Previews,Career Paint Select,Base scheme thumbnail,Career scheme thumbnail · CAREER_FORD_2,likely,True,indexed,256,256,256,256,DXT5,65536,3347032,Mapped from a known UI container family.,
0,BASESCHEMETHUMBNAILS.ARC,1E1,paint_scheme_preview,Paint Scheme Previews,Career Paint Select,Base scheme thumbnail,Career scheme thumbnail · CAREER_FORD_9,likely,True,indexed,256,256,256,256,DXT5,65536,3412600,Mapped from a known UI container family.,
0,BASESCHEMETHUMBNAILS.ARC,CAREER_FORD_8,paint_scheme_preview,Paint Scheme Previews,Career Paint Select,Base scheme thumbnail,Career scheme thumbnail · CAREER_FORD_8,likely,True,indexed,256,256,256,256,DXT5,65536,3478168,Mapped from a known UI container family.,
0,BASESCHEMETHUMBNAILS.ARC,CAREER_TOYOTA_11,paint_scheme_preview,Paint Scheme Previews,Career Paint Select,Base scheme thumbnail,Career scheme thumbnail · CAREER_TOYOTA_11,likely,True,indexed,256,256,256,256,DXT5,65536,3543736,Mapped from a known UI container family.,
0,BASESCHEMETHUMBNAILS.ARC,CAREER_TOYOTA_15,paint_scheme_preview,Paint Scheme Previews,Career Paint Select,Base scheme thumbnail,Career scheme thumbnail · CAREER_TOYOTA_15,likely,True,indexed,256,256,256,256,DXT5,65536,3609304,Mapped from a known UI container family.,
0,BASESCHEMETHUMBNAILS.ARC,CAREER_FORD_15,paint_scheme_preview,Paint Scheme Previews,Career Paint Select,Base scheme thumbnail,Career scheme thumbnail · CAREER_FORD_15,likely,True,indexed,256,256,256,256,DXT5,65536,3674872,Mapped from a known UI container family.,
0,BASESCHEMETHUMBNAILS.ARC,CAREER_FORD_14,paint_scheme_preview,Paint Scheme Previews,Career Paint Select,Base scheme thumbnail,Career scheme thumbnail · CAREER_FORD_14,likely,True,indexed,256,256,256,256,DXT5,65536,3740440,Mapped from a known UI container family.,
0,BASESCHEMETHUMBNAILS.ARC,CAREER_FORD_11,paint_scheme_preview,Paint Scheme Previews,Career Paint Select,Base scheme thumbnail,Career scheme thumbnail · CAREER_FORD_11,likely,True,indexed,256,256,256,256,DXT5,65536,3806008,Mapped from a known UI container family.,
0,BASESCHEMETHUMBNAILS.ARC,CAREER_FORD_10,paint_scheme_preview,Paint Scheme Previews,Career Paint Select,Base scheme thumbnail,Career scheme thumbnail · CAREER_FORD_10,likely,True,indexed,256,256,256,256,DXT5,65536,3871576,Mapped from a known UI container family.,
0,BASESCHEMETHUMBNAILS.ARC,CAREER_FORD_13,paint_scheme_preview,Paint Scheme Previews,Career Paint Select,Base scheme thumbnail,Career scheme thumbnail · CAREER_FORD_13,likely,True,indexed,256,256,256,256,DXT5,65536,3937144,Mapped from a known UI container family.,
0,BASESCHEMETHUMBNAILS.ARC,CAREER_FORD_12,paint_scheme_preview,Paint Scheme Previews,Career Paint Select,Base scheme thumbnail,Career scheme thumbnail · CAREER_FORD_12,likely,True,indexed,256,256,256,256,DXT5,65536,4002712,Mapped from a known UI container family.,
0,BASESCHEMETHUMBNAILS.ARC,CAREER_TOYOTA_14,paint_scheme_preview,Paint Scheme Previews,Career Paint Select,Base scheme thumbnail,Career scheme thumbnail · CAREER_TOYOTA_14,likely,True,indexed,256,256,256,256,DXT5,65536,4068280,Mapped from a known UI container family.,
0,BASESCHEMETHUMBNAILS.ARC,CAREER_CHEVY_14,paint_scheme_preview,Paint Scheme Previews,Career Paint Select,Base scheme thumbnail,Career scheme thumbnail · CAREER_CHEVY_14,likely,True,indexed,256,256,256,256,DXT5,65536,4133848,Mapped from a known UI container family.,
0,BASESCHEMETHUMBNAILS.ARC,CAREER_CHEVY_15,paint_scheme_preview,Paint Scheme Previews,Career Paint Select,Base scheme thumbnail,Career scheme thumbnail · CAREER_CHEVY_15,likely,True,indexed,256,256,256,256,DXT5,65536,4199416,Mapped from a known UI container family.,
0,BASESCHEMETHUMBNAILS.ARC,CAREER_CHEVY_12,paint_scheme_preview,Paint Scheme Previews,Career Paint Select,Base scheme thumbnail,Career scheme thumbnail · CAREER_CHEVY_12,likely,True,indexed,256,256,256,256,DXT5,65536,4264984,Mapped from a known UI container family.,
0,BASESCHEMETHUMBNAILS.ARC,CAREER_CHEVY_13,paint_scheme_preview,Paint Scheme Previews,Career Paint Select,Base scheme thumbnail,Career scheme thumbnail · CAREER_CHEVY_13,likely,True,indexed,256,256,256,256,DXT5,65536,4330552,Mapped from a known UI container family.,
0,BASESCHEMETHUMBNAILS.ARC,CAREER_CHEVY_10,paint_scheme_preview,Paint Scheme Previews,Career Paint Select,Base scheme thumbnail,Career scheme thumbnail · CAREER_CHEVY_10,likely,True,indexed,256,256,256,256,DXT5,65536,4396120,Mapped from a known UI container family.,
0,BASESCHEMETHUMBNAILS.ARC,CAREER_CHEVY_11,paint_scheme_preview,Paint Scheme Previews,Career Paint Select,Base scheme thumbnail,Career scheme thumbnail · CAREER_CHEVY_11,likely,True,indexed,256,256,256,256,DXT5,65536,4461688,Mapped from a known UI container family.,
0,BASESCHEMETHUMBNAILS.ARC,CAREER_CHEVY_8,paint_scheme_preview,Paint Scheme Previews,Career Paint Select,Base scheme thumbnail,Career scheme thumbnail · CAREER_CHEVY_8,likely,True,indexed,256,256,256,256,DXT5,65536,4527256,Mapped from a known UI container family.,
0,BASESCHEMETHUMBNAILS.ARC,CAREER_CHEVY_9,paint_scheme_preview,Paint Scheme Previews,Career Paint Select,Base scheme thumbnail,Career scheme thumbnail · CAREER_CHEVY_9,likely,True,indexed,256,256,256,256,DXT5,65536,4592824,Mapped from a known UI container family.,
0,BASESCHEMETHUMBNAILS.ARC,CAREER_CHEVY_4,paint_scheme_preview,Paint Scheme Previews,Career Paint Select,Base scheme thumbnail,Career scheme thumbnail · CAREER_CHEVY_4,likely,True,indexed,256,256,256,256,DXT5,65536,4658392,Mapped from a known UI container family.,
0,BASESCHEMETHUMBNAILS.ARC,CAREER_CHEVY_5,paint_scheme_preview,Paint Scheme Previews,Career Paint Select,Base scheme thumbnail,Career scheme thumbnail · CAREER_CHEVY_5,likely,True,indexed,256,256,256,256,DXT5,65536,4723960,Mapped from a known UI container family.,
0,BASESCHEMETHUMBNAILS.ARC,CAREER_CHEVY_6,paint_scheme_preview,Paint Scheme Previews,Career Paint Select,Base scheme thumbnail,Career scheme thumbnail · CAREER_CHEVY_6,likely,True,indexed,256,256,256,256,DXT5,65536,4789528,Mapped from a known UI container family.,
0,BASESCHEMETHUMBNAILS.ARC,CAREER_CHEVY_7,paint_scheme_preview,Paint Scheme Previews,Career Paint Select,Base scheme thumbnail,Career scheme thumbnail · CAREER_CHEVY_7,likely,True,indexed,256,256,256,256,DXT5,65536,4855096,Mapped from a known UI container family.,
0,BASESCHEMETHUMBNAILS.ARC,CAREER_TOYOTA_10,paint_scheme_preview,Paint Scheme Previews,Career Paint Select,Base scheme thumbnail,Career scheme thumbnail · CAREER_TOYOTA_10,likely,True,indexed,256,256,256,256,DXT5,65536,4920664,Mapped from a known UI container family.,
0,BASESCHEMETHUMBNAILS.ARC,CAREER_CHEVY_1,paint_scheme_preview,Paint Scheme Previews,Career Paint Select,Base scheme thumbnail,Career scheme thumbnail · CAREER_CHEVY_1,likely,True,indexed,256,256,256,256,DXT5,65536,4986232,Mapped from a known UI container family.,
0,BASESCHEMETHUMBNAILS.ARC,CAREER_CHEVY_2,paint_scheme_preview,Paint Scheme Previews,Career Paint Select,Base scheme thumbnail,Career scheme thumbnail · CAREER_CHEVY_2,likely,True,indexed,256,256,256,256,DXT5,65536,5051800,Mapped from a known UI container family.,
0,BASESCHEMETHUMBNAILS.ARC,CAREER_CHEVY_3,paint_scheme_preview,Paint Scheme Previews,Career Paint Select,Base scheme thumbnail,Career scheme thumbnail · CAREER_CHEVY_3,likely,True,indexed,256,256,256,256,DXT5,65536,5117368,Mapped from a known UI container family.,
0,BASESCHEMETHUMBNAILS.ARC,CAREER_TOYOTA_12,paint_scheme_preview,Paint Scheme Previews,Career Paint Select,Base scheme thumbnail,Career scheme thumbnail · CAREER_TOYOTA_12,likely,True,indexed,256,256,256,256,DXT5,65536,5182936,Mapped from a known UI container family.,
0,BASESCHEMETHUMBNAILS.ARC,CAREER_TOYOTA_13,paint_scheme_preview,Paint Scheme Previews,Career Paint Select,Base scheme thumbnail,Career scheme thumbnail · CAREER_TOYOTA_13,likely,True,indexed,256,256,256,256,DXT5,65536,5248504,Mapped from a known UI container family.,
0,BASESCHEMETHUMBNAILS.ARC,CAREER_TOYOTA_6,paint_scheme_preview,Paint Scheme Previews,Career Paint Select,Base scheme thumbnail,Career scheme thumbnail · CAREER_TOYOTA_6,likely,True,indexed,256,256,256,256,DXT5,65536,5314072,Mapped from a known UI container family.,
0,BASESCHEMETHUMBNAILS.ARC,6l,paint_scheme_preview,Paint Scheme Previews,Career Paint Select,Base scheme thumbnail,Career scheme thumbnail · CAREER_TOYOTA_7,likely,True,indexed,256,256,256,256,DXT5,65536,5379640,Mapped from a known UI container family.,
0,BASESCHEMETHUMBNAILS.ARC,CAREER_TOYOTA_4,paint_scheme_preview,Paint Scheme Previews,Career Paint Select,Base scheme thumbnail,Career scheme thumbnail · CAREER_TOYOTA_4,likely,True,indexed,256,256,256,256,DXT5,65536,5445208,Mapped from a known UI container family.,
0,BASESCHEMETHUMBNAILS.ARC,CAREER_TOYOTA_5,paint_scheme_preview,Paint Scheme Previews,Career Paint Select,Base scheme thumbnail,Career scheme thumbnail · CAREER_TOYOTA_5,likely,True,indexed,256,256,256,256,DXT5,65536,5510776,Mapped from a known UI container family.,
0,BASESCHEMETHUMBNAILS.ARC,CAREER_TOYOTA_2,paint_scheme_preview,Paint Scheme Previews,Career Paint Select,Base scheme thumbnail,Career scheme thumbnail · CAREER_TOYOTA_2,likely,True,indexed,256,256,256,256,DXT5,65536,5576344,Mapped from a known UI container family.,
0,BASESCHEMETHUMBNAILS.ARC,CAREER_TOYOTA_3,paint_scheme_preview,Paint Scheme Previews,Career Paint Select,Base scheme thumbnail,Career scheme thumbnail · CAREER_TOYOTA_3,likely,True,indexed,256,256,256,256,DXT5,65536,5641912,Mapped from a known UI container family.,
0,BASESCHEMETHUMBNAILS.ARC,CAREER_TOYOTA_1,paint_scheme_preview,Paint Scheme Previews,Career Paint Select,Base scheme thumbnail,Career scheme thumbnail · CAREER_TOYOTA_1,likely,True,indexed,256,256,256,256,DXT5,65536,5707480,Mapped from a known UI container family.,
0,BASESCHEMETHUMBNAILS.ARC,CAREER_TOYOTA_8,paint_scheme_preview,Paint Scheme Previews,Career Paint Select,Base scheme thumbnail,Career scheme thumbnail · CAREER_TOYOTA_8,likely,True,indexed,256,256,256,256,DXT5,65536,5773048,Mapped from a known UI container family.,
0,BASESCHEMETHUMBNAILS.ARC,CAREER_TOYOTA_9,paint_scheme_preview,Paint Scheme Previews,Career Paint Select,Base scheme thumbnail,Career scheme thumbnail · CAREER_TOYOTA_9,likely,True,indexed,256,256,256,256,DXT5,65536,5838616,Mapped from a known UI container family.,
0,2DRIVERSELECTMENUIMAGE.ARC,mk,team_logos,Driver & Team Art,Driver Select,Team tile / logo,Driver Select team art · TEAM_25430,likely,True,indexed,256,256,256,256,DXT5,65536,952,Mapped from a known UI container family.,
0,2DRIVERSELECTMENUIMAGE.ARC,TEAM_1325,team_logos,Driver & Team Art,Driver Select,Team tile / logo,Driver Select team art · TEAM_1325,likely,True,indexed,256,256,256,256,DXT5,65536,66520,Mapped from a known UI container family.,
0,2DRIVERSELECTMENUIMAGE.ARC,TEAM_1335,team_logos,Driver & Team Art,Driver Select,Team tile / logo,Driver Select team art · TEAM_1335,likely,True,indexed,256,256,256,256,DXT5,65536,132088,Mapped from a known UI container family.,
0,2DRIVERSELECTMENUIMAGE.ARC,TEAM_1355,team_logos,Driver & Team Art,Driver Select,Team tile / logo,Driver Select team art · TEAM_1355,likely,True,indexed,256,256,256,256,DXT5,65536,197656,Mapped from a known UI container family.,
0,2DRIVERSELECTMENUIMAGE.ARC,TEAM_1340,team_logos,Driver & Team Art,Driver Select,Team tile / logo,Driver Select team art · TEAM_1340,likely,True,indexed,256,256,256,256,DXT5,65536,263224,Mapped from a known UI container family.,
0,2DRIVERSELECTMENUIMAGE.ARC,ms,team_logos,Driver & Team Art,Driver Select,Team tile / logo,Driver Select team art · TEAM_1327,likely,True,indexed,256,256,256,256,DXT5,65536,328792,Mapped from a known UI container family.,
0,2DRIVERSELECTMENUIMAGE.ARC,TEAM_5762,team_logos,Driver & Team Art,Driver Select,Team tile / logo,Driver Select team art · TEAM_5762,likely,True,indexed,256,256,256,256,DXT5,65536,394360,Mapped from a known UI container family.,
0,2DRIVERSELECTMENUIMAGE.ARC,TEAM_1341,team_logos,Driver & Team Art,Driver Select,Team tile / logo,Driver Select team art · TEAM_1341,likely,True,indexed,256,256,256,256,DXT5,65536,459928,Mapped from a known UI container family.,
0,2DRIVERSELECTMENUIMAGE.ARC,TEAM_10518,team_logos,Driver & Team Art,Driver Select,Team tile / logo,Driver Select team art · TEAM_10518,likely,True,indexed,256,256,256,256,DXT5,65536,525496,Mapped from a known UI container family.,
0,2DRIVERSELECTMENUIMAGE.ARC,TEAM_11444,team_logos,Driver & Team Art,Driver Select,Team tile / logo,Driver Select team art · TEAM_11444,likely,True,indexed,256,256,256,256,DXT5,65536,591064,Mapped from a known UI container family.,
0,2DRIVERSELECTMENUIMAGE.ARC,TEAM_1354,team_logos,Driver & Team Art,Driver Select,Team tile / logo,Driver Select team art · TEAM_1354,likely,True,indexed,256,256,256,256,DXT5,65536,656632,Mapped from a known UI container family.,
0,2DRIVERSELECTMENUIMAGE.ARC,TEAM_25381,team_logos,Driver & Team Art,Driver Select,Team tile / logo,Driver Select team art · TEAM_25381,likely,True,indexed,256,256,256,256,DXT5,65536,722200,Mapped from a known UI container family.,
0,2DRIVERSELECTMENUIMAGE.ARC,TEAM_1336,team_logos,Driver & Team Art,Driver Select,Team tile / logo,Driver Select team art · TEAM_1336,likely,True,indexed,256,256,256,256,DXT5,65536,787768,Mapped from a known UI container family.,
0,2DRIVERSELECTMENUIMAGE.ARC,TEAM_1352,team_logos,Driver & Team Art,Driver Select,Team tile / logo,Driver Select team art · TEAM_1352,likely,True,indexed,256,256,256,256,DXT5,65536,853336,Mapped from a known UI container family.,
0,2DRIVERSELECTMENUIMAGE.ARC,TEAM_1331,team_logos,Driver & Team Art,Driver Select,Team tile / logo,Driver Select team art · TEAM_1331,likely,True,indexed,256,256,256,256,DXT5,65536,918904,Mapped from a known UI container family.,
0,2DRIVERSELECTMENUIMAGE.ARC,TEAM_2495,team_logos,Driver & Team Art,Driver Select,Team tile / logo,Driver Select team art · TEAM_2495,likely,True,indexed,256,256,256,256,DXT5,65536,984472,Mapped from a known UI container family.,
0,2DRIVERSELECTMENUIMAGE.ARC,TEAM_1351,team_logos,Driver & Team Art,Driver Select,Team tile / logo,Driver Select team art · TEAM_1351,likely,True,indexed,256,256,256,256,DXT5,65536,1050040,Mapped from a known UI container family.,
0,2DRIVERSELECTMENUIMAGE.ARC,TEAM_1349,team_logos,Driver & Team Art,Driver Select,Team tile / logo,Driver Select team art · TEAM_1349,likely,True,indexed,256,256,256,256,DXT5,65536,1115608,Mapped from a known UI container family.,
0,2DRIVERSELECTMENUIMAGE.ARC,TEAM_1326,team_logos,Driver & Team Art,Driver Select,Team tile / logo,Driver Select team art · TEAM_1326,likely,True,indexed,256,256,256,256,DXT5,65536,1181176,Mapped from a known UI container family.,
0,2DRIVERSELECTMENUIMAGE.ARC,TEAM_8739,team_logos,Driver & Team Art,Driver Select,Team tile / logo,Driver Select team art · TEAM_8739,likely,True,indexed,256,256,256,256,DXT5,65536,1246744,Mapped from a known UI container family.,
0,2DRIVERSELECTMENUIMAGE.ARC,mk__r41,team_logos,Driver & Team Art,Driver Select,Team tile / logo,Driver Select team art · TEAM_1333,likely,True,indexed,256,256,256,256,DXT5,65536,1312312,Mapped from a known UI container family.,
0,2DRIVERSELECTMENUIMAGE.ARC,CUSTOM,team_logos,Driver & Team Art,Driver Select,Team tile / logo,Driver Select team art · CUSTOM,likely,True,indexed,256,256,256,256,DXT5,65536,1377880,Mapped from a known UI container family.,
0,2DRIVERSELECTMENUIMAGE.ARC,PAINTSCHEME_CAREERCAR,team_logos,Driver & Team Art,Driver Select,Team tile / logo,Driver Select team art · PAINTSCHEME_CAREERCAR,likely,True,indexed,256,256,256,256,DXT5,65536,1443448,Mapped from a known UI container family.,
0,2DRIVERSELECTMENUIMAGE.ARC,PAINTSCHEME_RESTRICTED,team_logos,Driver & Team Art,Driver Select,Team tile / logo,Driver Select team art · PAINTSCHEME_RESTRICTED,likely,True,indexed,256,256,256,256,DXT5,65536,1509016,Mapped from a known UI container family.,
0,TRACKDETAILIMAGES.ARC,WORLD_ALL,track_select,Track & Event Art,Track Select,Detail background,Track detail · WORLD_ALL,likely,True,indexed,1024,256,1024,256,DXT5,262144,1240,Mapped from a track-presentation container family.,
0,TRACKDETAILIMAGES.ARC,WORLD_12290,track_select,Track & Event Art,Track Select,Detail background,Track detail · WORLD_12290,likely,True,indexed,1024,256,1024,256,DXT5,262144,263416,Mapped from a track-presentation container family.,
0,TRACKDETAILIMAGES.ARC,WORLD_5407,track_select,Track & Event Art,Track Select,Detail background,Track detail · WORLD_5407,likely,True,indexed,1024,256,1024,256,DXT5,262144,525592,Mapped from a track-presentation container family.,
0,TRACKDETAILIMAGES.ARC,WORLD_5415,track_select,Track & Event Art,Track Select,Detail background,Track detail · WORLD_5415,likely,True,indexed,1024,256,1024,256,DXT5,262144,787768,Mapped from a track-presentation container family.,
0,TRACKDETAILIMAGES.ARC,WORLD_5418,track_select,Track & Event Art,Track Select,Detail background,Track detail · WORLD_5418,likely,True,indexed,1024,256,1024,256,DXT5,262144,1049944,Mapped from a track-presentation container family.,
0,TRACKDETAILIMAGES.ARC,WORLD_1859,track_select,Track & Event Art,Track Select,Detail background,Track detail · WORLD_1859,likely,True,indexed,1024,256,1024,256,DXT5,262144,1312120,Mapped from a track-presentation container family.,
0,TRACKDETAILIMAGES.ARC,WORLD_2631,track_select,Track & Event Art,Track Select,Detail background,Track detail · WORLD_2631,likely,True,indexed,1024,256,1024,256,DXT5,262144,1574296,Mapped from a track-presentation container family.,
0,TRACKDETAILIMAGES.ARC,WORLD_1628,track_select,Track & Event Art,Track Select,Detail background,Track detail · WORLD_1628,likely,True,indexed,1024,256,1024,256,DXT5,262144,1836472,Mapped from a track-presentation container family.,
0,TRACKDETAILIMAGES.ARC,WORLD_1632,track_select,Track & Event Art,Track Select,Detail background,Track detail · WORLD_1632,likely,True,indexed,1024,256,1024,256,DXT5,262144,2098648,Mapped from a track-presentation container family.,
0,TRACKDETAILIMAGES.ARC,WORLD_1636,track_select,Track & Event Art,Track Select,Detail background,Track detail · WORLD_1636,likely,True,indexed,1024,256,1024,256,DXT5,262144,2360824,Mapped from a track-presentation container family.,
0,TRACKDETAILIMAGES.ARC,WORLD_1658,track_select,Track & Event Art,Track Select,Detail background,Track detail · WORLD_1658,likely,True,indexed,1024,256,1024,256,DXT5,262144,2623000,Mapped from a track-presentation container family.,
0,TRACKDETAILIMAGES.ARC,WORLD_1670,track_select,Track & Event Art,Track Select,Detail background,Track detail · WORLD_1670,likely,True,indexed,1024,256,1024,256,DXT5,262144,2885176,Mapped from a track-presentation container family.,
0,TRACKDETAILIMAGES.ARC,WORLD_2439,track_select,Track & Event Art,Track Select,Detail background,Track detail · WORLD_2439,likely,True,indexed,1024,256,1024,256,DXT5,262144,3147352,Mapped from a track-presentation container family.,
0,TRACKDETAILIMAGES.ARC,WORLD_1250,track_select,Track & Event Art,Track Select,Detail background,Track detail · WORLD_1250,likely,True,indexed,1024,256,1024,256,DXT5,262144,3409528,Mapped from a track-presentation container family.,
0,TRACKDETAILIMAGES.ARC,WORLD_22671,track_select,Track & Event Art,Track Select,Detail background,Track detail · WORLD_22671,likely,True,indexed,1024,256,1024,256,DXT5,262144,3671704,Mapped from a track-presentation container family.,
0,TRACKDETAILIMAGES.ARC,WORLD_1690,track_select,Track & Event Art,Track Select,Detail background,Track detail · WORLD_1690,likely,True,indexed,1024,256,1024,256,DXT5,262144,3933880,Mapped from a track-presentation container family.,
0,TRACKDETAILIMAGES.ARC,WORLD_1181,track_select,Track & Event Art,Track Select,Detail background,Track detail · WORLD_1181,likely,True,indexed,1024,256,1024,256,DXT5,262144,4196056,Mapped from a track-presentation container family.,
0,TRACKDETAILIMAGES.ARC,WORLD_1187,track_select,Track & Event Art,Track Select,Detail background,Track detail · WORLD_1187,likely,True,indexed,1024,256,1024,256,DXT5,262144,4458232,Mapped from a track-presentation container family.,
0,TRACKDETAILIMAGES.ARC,WORLD_1198,track_select,Track & Event Art,Track Select,Detail background,Track detail · WORLD_1198,likely,True,indexed,1024,256,1024,256,DXT5,262144,4720408,Mapped from a track-presentation container family.,
0,TRACKDETAILIMAGES.ARC,WORLD_1459,track_select,Track & Event Art,Track Select,Detail background,Track detail · WORLD_1459,likely,True,indexed,1024,256,1024,256,DXT5,262144,4982584,Mapped from a track-presentation container family.,
0,TRACKDETAILIMAGES.ARC,WORLD_1212,track_select,Track & Event Art,Track Select,Detail background,Track detail · WORLD_1212,likely,True,indexed,1024,256,1024,256,DXT5,262144,5244760,Mapped from a track-presentation container family.,
0,TRACKDETAILIMAGES.ARC,WORLD_1222,track_select,Track & Event Art,Track Select,Detail background,Track detail · WORLD_1222,likely,True,indexed,1024,256,1024,256,DXT5,262144,5506936,Mapped from a track-presentation container family.,
0,TRACKDETAILIMAGES.ARC,WORLD_1225,track_select,Track & Event Art,Track Select,Detail background,Track detail · WORLD_1225,likely,True,indexed,1024,256,1024,256,DXT1,131072,5769112,Mapped from a track-presentation container family.,
0,TRACKDETAILIMAGES.ARC,WORLD_12748,track_select,Track & Event Art,Track Select,Detail background,Track detail · WORLD_12748,likely,True,indexed,1024,256,1024,256,DXT5,262144,5900216,Mapped from a track-presentation container family.,
0,TRACKDETAILIMAGES.ARC,WORLD_1529,track_select,Track & Event Art,Track Select,Detail background,Track detail · WORLD_1529,likely,True,indexed,1024,256,1024,256,DXT5,262144,6162392,Mapped from a track-presentation container family.,
0,TRACKDETAILIMAGES.ARC,WORLD_2777,track_select,Track & Event Art,Track Select,Detail background,Track detail · WORLD_2777,likely,True,indexed,1024,256,1024,256,DXT5,262144,6424568,Mapped from a track-presentation container family.,
0,TRACKDETAILIMAGES.ARC,WORLD_2523,track_select,Track & Event Art,Track Select,Detail background,Track detail · WORLD_2523,likely,True,indexed,1024,256,1024,256,DXT5,262144,6686744,Mapped from a track-presentation container family.,
0,TRACKDETAILIMAGES.ARC,WORLD_2527,track_select,Track & Event Art,Track Select,Detail background,Track detail · WORLD_2527,likely,True,indexed,1024,256,1024,256,DXT5,262144,6948920,Mapped from a track-presentation container family.,
0,TRACKDETAILIMAGES.ARC,WORLD_11232,track_select,Track & Event Art,Track Select,Detail background,Track detail · WORLD_11232,likely,True,indexed,1024,256,1024,256,DXT5,262144,7211096,Mapped from a track-presentation container family.,
0,TRACKDETAILIMAGES.ARC,WORLD_1762,track_select,Track & Event Art,Track Select,Detail background,Track detail · WORLD_1762,likely,True,indexed,1024,256,1024,256,DXT5,262144,7473272,Mapped from a track-presentation container family.,
0,TRACKDETAILIMAGES.ARC,WORLD_5349,track_select,Track & Event Art,Track Select,Detail background,Track detail · WORLD_5349,likely,True,indexed,1024,256,1024,256,DXT5,262144,7735448,Mapped from a track-presentation container family.,
0,TRACKDETAILIMAGES.ARC,WORLD_11242,track_select,Track & Event Art,Track Select,Detail background,Track detail · WORLD_11242,likely,True,indexed,1024,256,1024,256,DXT5,262144,7997624,Mapped from a track-presentation container family.,
0,TRACKDETAILIMAGES.ARC,WORLD_9726,track_select,Track & Event Art,Track Select,Detail background,Track detail · WORLD_9726,likely,True,indexed,1024,256,1024,256,DXT5,262144,8259800,Mapped from a track-presentation container family.,
0,MAP_LASVEGASCR000.ARC,IMG_MAP,track_logos_maps,HUD Maps & Track Logos,In-race HUD / Minimap,Track map,Track map · LASVEGASCR000,likely,True,indexed,256,156,256,156,DXT5,65536,344,Mapped from the HUD map / track-logo container family.,
0,MAP_LASVEGASCR000.ARC,IMG_BLIP_PLAYER,track_logos_maps,HUD Maps & Track Logos,In-race HUD / Minimap,Player marker,Player marker · LASVEGASCR000,likely,True,indexed,32,32,32,32,DXT5,4096,65912,Mapped from the HUD map / track-logo container family.,
0,MAP_LASVEGASCR000.ARC,IMG_BLIP_FIRST,track_logos_maps,HUD Maps & Track Logos,In-race HUD / Minimap,Leader marker,Leader marker · LASVEGASCR000,likely,True,indexed,32,32,32,32,DXT5,4096,70040,Mapped from the HUD map / track-logo container family.,
0,MAP_LASVEGASCR000.ARC,IMG_BLIP_OTHERS,track_logos_maps,HUD Maps & Track Logos,In-race HUD / Minimap,Other-car marker,Other-car marker · LASVEGASCR000,likely,True,indexed,32,32,32,32,DXT5,4096,74168,Mapped from the HUD map / track-logo container family.,
0,MAP_LASVEGASCR000.ARC,IMG_ARROW,track_logos_maps,HUD Maps & Track Logos,In-race HUD / Minimap,Direction arrow,Direction arrow · LASVEGASCR000,likely,True,indexed,32,32,32,32,DXT5,4096,78296,Mapped from the HUD map / track-logo container family.,
0,MAP_NEWHAMPSHIRECR000.ARC,IMG_MAP,track_logos_maps,HUD Maps & Track Logos,In-race HUD / Minimap,Track map,Track map · NEWHAMPSHIRECR000,likely,False,unresolved,256,107,256,107,FMT_0x15,131072,344,Mapped from the HUD map / track-logo container family.,Unsupported resource format FMT_0x15; raw export only
0,MAP_NEWHAMPSHIRECR000.ARC,IMG_BLIP_PLAYER,track_logos_maps,HUD Maps & Track Logos,In-race HUD / Minimap,Player marker,Player marker · NEWHAMPSHIRECR000,likely,True,indexed,32,32,32,32,DXT5,4096,131448,Mapped from the HUD map / track-logo container family.,
0,MAP_NEWHAMPSHIRECR000.ARC,IMG_BLIP_FIRST,track_logos_maps,HUD Maps & Track Logos,In-race HUD / Minimap,Leader marker,Leader marker · NEWHAMPSHIRECR000,likely,True,indexed,32,32,32,32,DXT5,4096,135576,Mapped from the HUD map / track-logo container family.,
0,MAP_NEWHAMPSHIRECR000.ARC,IMG_BLIP_OTHERS,track_logos_maps,HUD Maps & Track Logos,In-race HUD / Minimap,Other-car marker,Other-car marker · NEWHAMPSHIRECR000,likely,True,indexed,32,32,32,32,DXT5,4096,139704,Mapped from the HUD map / track-logo container family.,
0,MAP_NEWHAMPSHIRECR000.ARC,IMG_ARROW,track_logos_maps,HUD Maps & Track Logos,In-race HUD / Minimap,Direction arrow,Direction arrow · NEWHAMPSHIRECR000,likely,True,indexed,32,32,32,32,DXT5,4096,143832,Mapped from the HUD map / track-logo container family.,
0,MAP_KANSASCR000.ARC,IMG_MAP,track_logos_maps,HUD Maps & Track Logos,In-race HUD / Minimap,Track map,Track map · KANSASCR000,likely,False,unresolved,256,159,256,159,FMT_0x15,163840,344,Mapped from the HUD map / track-logo container family.,Unsupported resource format FMT_0x15; raw export only
0,MAP_KANSASCR000.ARC,IMG_BLIP_PLAYER,track_logos_maps,HUD Maps & Track Logos,In-race HUD / Minimap,Player marker,Player marker · KANSASCR000,likely,True,indexed,32,32,32,32,DXT5,4096,164216,Mapped from the HUD map / track-logo container family.,
0,MAP_KANSASCR000.ARC,IMG_BLIP_FIRST,track_logos_maps,HUD Maps & Track Logos,In-race HUD / Minimap,Leader marker,Leader marker · KANSASCR000,likely,True,indexed,32,32,32,32,DXT5,4096,168344,Mapped from the HUD map / track-logo container family.,
0,MAP_KANSASCR000.ARC,IMG_BLIP_OTHERS,track_logos_maps,HUD Maps & Track Logos,In-race HUD / Minimap,Other-car marker,Other-car marker · KANSASCR000,likely,True,indexed,32,32,32,32,DXT5,4096,172472,Mapped from the HUD map / track-logo container family.,
0,MAP_KANSASCR000.ARC,IMG_ARROW,track_logos_maps,HUD Maps & Track Logos,In-race HUD / Minimap,Direction arrow,Direction arrow · KANSASCR000,likely,True,indexed,32,32,32,32,DXT5,4096,176600,Mapped from the HUD map / track-logo container family.,
0,MAP_MICHIGANCR000.ARC,IMG_MAP,track_logos_maps,HUD Maps & Track Logos,In-race HUD / Minimap,Track map,Track map · MICHIGANCR000,likely,False,unresolved,256,127,256,127,FMT_0x15,131072,344,Mapped from the HUD map / track-logo container family.,Unsupported resource format FMT_0x15; raw export only
0,MAP_MICHIGANCR000.ARC,IMG_BLIP_PLAYER,track_logos_maps,HUD Maps & Track Logos,In-race HUD / Minimap,Player marker,Player marker · MICHIGANCR000,likely,True,indexed,32,32,32,32,DXT5,4096,131448,Mapped from the HUD map / track-logo container family.,
0,MAP_MICHIGANCR000.ARC,IMG_BLIP_FIRST,track_logos_maps,HUD Maps & Track Logos,In-race HUD / Minimap,Leader marker,Leader marker · MICHIGANCR000,likely,True,indexed,32,32,32,32,DXT5,4096,135576,Mapped from the HUD map / track-logo container family.,
0,MAP_MICHIGANCR000.ARC,IMG_BLIP_OTHERS,track_logos_maps,HUD Maps & Track Logos,In-race HUD / Minimap,Other-car marker,Other-car marker · MICHIGANCR000,likely,True,indexed,32,32,32,32,DXT5,4096,139704,Mapped from the HUD map / track-logo container family.,
0,MAP_MICHIGANCR000.ARC,IMG_ARROW,track_logos_maps,HUD Maps & Track Logos,In-race HUD / Minimap,Direction arrow,Direction arrow · MICHIGANCR000,likely,True,indexed,32,32,32,32,DXT5,4096,143832,Mapped from the HUD map / track-logo container family.,
0,MAP_PHOENIXCR000.ARC,IMG_MAP,track_logos_maps,HUD Maps & Track Logos,In-race HUD / Minimap,Track map,Track map · PHOENIXCR000,likely,True,indexed,256,148,256,148,DXT5,65536,344,Mapped from the HUD map / track-logo container family.,
0,MAP_PHOENIXCR000.ARC,IMG_BLIP_PLAYER,track_logos_maps,HUD Maps & Track Logos,In-race HUD / Minimap,Player marker,Player marker · PHOENIXCR000,likely,True,indexed,32,32,32,32,DXT5,4096,65912,Mapped from the HUD map / track-logo container family.,
0,MAP_PHOENIXCR000.ARC,IMG_BLIP_FIRST,track_logos_maps,HUD Maps & Track Logos,In-race HUD / Minimap,Leader marker,Leader marker · PHOENIXCR000,likely,True,indexed,32,32,32,32,DXT5,4096,70040,Mapped from the HUD map / track-logo container family.,
0,MAP_PHOENIXCR000.ARC,IMG_BLIP_OTHERS,track_logos_maps,HUD Maps & Track Logos,In-race HUD / Minimap,Other-car marker,Other-car marker · PHOENIXCR000,likely,True,indexed,32,32,32,32,DXT5,4096,74168,Mapped from the HUD map / track-logo container family.,
0,MAP_PHOENIXCR000.ARC,IMG_ARROW,track_logos_maps,HUD Maps & Track Logos,In-race HUD / Minimap,Direction arrow,Direction arrow · PHOENIXCR000,likely,True,indexed,32,32,32,32,DXT5,4096,78296,Mapped from the HUD map / track-logo container family.,
0,MAP_ATLANTACR000.ARC,IMG_MAP,track_logos_maps,HUD Maps & Track Logos,In-race HUD / Minimap,Track map,Track map · ATLANTACR000,likely,False,unresolved,256,141,256,141,FMT_0x15,163840,344,Mapped from the HUD map / track-logo container family.,Unsupported resource format FMT_0x15; raw export only
0,MAP_ATLANTACR000.ARC,IMG_BLIP_PLAYER,track_logos_maps,HUD Maps & Track Logos,In-race HUD / Minimap,Player marker,Player marker · ATLANTACR000,likely,True,indexed,32,32,32,32,DXT5,4096,164216,Mapped from the HUD map / track-logo container family.,
0,MAP_ATLANTACR000.ARC,IMG_BLIP_FIRST,track_logos_maps,HUD Maps & Track Logos,In-race HUD / Minimap,Leader marker,Leader marker · ATLANTACR000,likely,True,indexed,32,32,32,32,DXT5,4096,168344,Mapped from the HUD map / track-logo container family.,
0,MAP_ATLANTACR000.ARC,IMG_BLIP_OTHERS,track_logos_maps,HUD Maps & Track Logos,In-race HUD / Minimap,Other-car marker,Other-car marker · ATLANTACR000,likely,True,indexed,32,32,32,32,DXT5,4096,172472,Mapped from the HUD map / track-logo container family.,
0,MAP_ATLANTACR000.ARC,IMG_ARROW,track_logos_maps,HUD Maps & Track Logos,In-race HUD / Minimap,Direction arrow,Direction arrow · ATLANTACR000,likely,True,indexed,32,32,32,32,DXT5,4096,176600,Mapped from the HUD map / track-logo container family.,
0,MAP_BRISTOLCR000.ARC,IMG_MAP,track_logos_maps,HUD Maps & Track Logos,In-race HUD / Minimap,Track map,Track map · BRISTOLCR000,likely,True,indexed,256,152,256,152,DXT5,65536,344,Mapped from the HUD map / track-logo container family.,
0,MAP_BRISTOLCR000.ARC,IMG_BLIP_PLAYER,track_logos_maps,HUD Maps & Track Logos,In-race HUD / Minimap,Player marker,Player marker · BRISTOLCR000,likely,True,indexed,32,32,32,32,DXT5,4096,65912,Mapped from the HUD map / track-logo container family.,
0,MAP_BRISTOLCR000.ARC,IMG_BLIP_FIRST,track_logos_maps,HUD Maps & Track Logos,In-race HUD / Minimap,Leader marker,Leader marker · BRISTOLCR000,likely,True,indexed,32,32,32,32,DXT5,4096,70040,Mapped from the HUD map / track-logo container family.,
0,MAP_BRISTOLCR000.ARC,IMG_BLIP_OTHERS,track_logos_maps,HUD Maps & Track Logos,In-race HUD / Minimap,Other-car marker,Other-car marker · BRISTOLCR000,likely,True,indexed,32,32,32,32,DXT5,4096,74168,Mapped from the HUD map / track-logo container family.,
0,MAP_BRISTOLCR000.ARC,IMG_ARROW,track_logos_maps,HUD Maps & Track Logos,In-race HUD / Minimap,Direction arrow,Direction arrow · BRISTOLCR000,likely,True,indexed,32,32,32,32,DXT5,4096,78296,Mapped from the HUD map / track-logo container family.,
0,MAP_DOVERCR000.ARC,IMG_MAP,track_logos_maps,HUD Maps & Track Logos,In-race HUD / Minimap,Track map,Track map · DOVERCR000,likely,False,unresolved,256,131,256,131,FMT_0x15,163840,344,Mapped from the HUD map / track-logo container family.,Unsupported resource format FMT_0x15; raw export only
0,MAP_DOVERCR000.ARC,IMG_BLIP_PLAYER,track_logos_maps,HUD Maps & Track Logos,In-race HUD / Minimap,Player marker,Player marker · DOVERCR000,likely,True,indexed,32,32,32,32,DXT5,4096,164216,Mapped from the HUD map / track-logo container family.,
0,MAP_DOVERCR000.ARC,IMG_BLIP_FIRST,track_logos_maps,HUD Maps & Track Logos,In-race HUD / Minimap,Leader marker,Leader marker · DOVERCR000,likely,True,indexed,32,32,32,32,DXT5,4096,168344,Mapped from the HUD map / track-logo container family.,
0,MAP_DOVERCR000.ARC,IMG_BLIP_OTHERS,track_logos_maps,HUD Maps & Track Logos,In-race HUD / Minimap,Other-car marker,Other-car marker · DOVERCR000,likely,True,indexed,32,32,32,32,DXT5,4096,172472,Mapped from the HUD map / track-logo container family.,
0,MAP_DOVERCR000.ARC,IMG_ARROW,track_logos_maps,HUD Maps & Track Logos,In-race HUD / Minimap,Direction arrow,Direction arrow · DOVERCR000,likely,True,indexed,32,32,32,32,DXT5,4096,176600,Mapped from the HUD map / track-logo container family.,
0,MAP_WATKINSGLENCR000.ARC,IMG_MAP,track_logos_maps,HUD Maps & Track Logos,In-race HUD / Minimap,Track map,Track map · WATKINSGLENCR000,likely,False,unresolved,256,130,256,130,FMT_0x15,163840,344,Mapped from the HUD map / track-logo container family.,Unsupported resource format FMT_0x15; raw export only
0,MAP_WATKINSGLENCR000.ARC,IMG_BLIP_PLAYER,track_logos_maps,HUD Maps & Track Logos,In-race HUD / Minimap,Player marker,Player marker · WATKINSGLENCR000,likely,True,indexed,32,32,32,32,DXT5,4096,164216,Mapped from the HUD map / track-logo container family.,
0,MAP_WATKINSGLENCR000.ARC,IMG_BLIP_FIRST,track_logos_maps,HUD Maps & Track Logos,In-race HUD / Minimap,Leader marker,Leader marker · WATKINSGLENCR000,likely,True,indexed,32,32,32,32,DXT5,4096,168344,Mapped from the HUD map / track-logo container family.,
0,MAP_WATKINSGLENCR000.ARC,IMG_BLIP_OTHERS,track_logos_maps,HUD Maps & Track Logos,In-race HUD / Minimap,Other-car marker,Other-car marker · WATKINSGLENCR000,likely,True,indexed,32,32,32,32,DXT5,4096,172472,Mapped from the HUD map / track-logo container family.,
0,MAP_WATKINSGLENCR000.ARC,IMG_ARROW,track_logos_maps,HUD Maps & Track Logos,In-race HUD / Minimap,Direction arrow,Direction arrow · WATKINSGLENCR000,likely,True,indexed,32,32,32,32,DXT5,4096,176600,Mapped from the HUD map / track-logo container family.,
0,MAP_RICHMONDCR000.ARC,IMG_MAP,track_logos_maps,HUD Maps & Track Logos,In-race HUD / Minimap,Track map,Track map · RICHMONDCR000,likely,False,unresolved,256,142,256,142,FMT_0x15,163840,344,Mapped from the HUD map / track-logo container family.,Unsupported resource format FMT_0x15; raw export only
0,MAP_RICHMONDCR000.ARC,IMG_BLIP_PLAYER,track_logos_maps,HUD Maps & Track Logos,In-race HUD / Minimap,Player marker,Player marker · RICHMONDCR000,likely,True,indexed,32,32,32,32,DXT5,4096,164216,Mapped from the HUD map / track-logo container family.,
0,MAP_RICHMONDCR000.ARC,IMG_BLIP_FIRST,track_logos_maps,HUD Maps & Track Logos,In-race HUD / Minimap,Leader marker,Leader marker · RICHMONDCR000,likely,True,indexed,32,32,32,32,DXT5,4096,168344,Mapped from the HUD map / track-logo container family.,
0,MAP_RICHMONDCR000.ARC,IMG_BLIP_OTHERS,track_logos_maps,HUD Maps & Track Logos,In-race HUD / Minimap,Other-car marker,Other-car marker · RICHMONDCR000,likely,True,indexed,32,32,32,32,DXT5,4096,172472,Mapped from the HUD map / track-logo container family.,
0,MAP_RICHMONDCR000.ARC,IMG_ARROW,track_logos_maps,HUD Maps & Track Logos,In-race HUD / Minimap,Direction arrow,Direction arrow · RICHMONDCR000,likely,True,indexed,32,32,32,32,DXT5,4096,176600,Mapped from the HUD map / track-logo container family.,
0,MAP_MARTINSVILLECR000.ARC,IMG_MAP,track_logos_maps,HUD Maps & Track Logos,In-race HUD / Minimap,Track map,Track map · MARTINSVILLECR000,likely,False,unresolved,256,107,256,107,FMT_0x15,131072,344,Mapped from the HUD map / track-logo container family.,Unsupported resource format FMT_0x15; raw export only
0,MAP_MARTINSVILLECR000.ARC,IMG_BLIP_PLAYER,track_logos_maps,HUD Maps & Track Logos,In-race HUD / Minimap,Player marker,Player marker · MARTINSVILLECR000,likely,True,indexed,32,32,32,32,DXT5,4096,131448,Mapped from the HUD map / track-logo container family.,
0,MAP_MARTINSVILLECR000.ARC,IMG_BLIP_FIRST,track_logos_maps,HUD Maps & Track Logos,In-race HUD / Minimap,Leader marker,Leader marker · MARTINSVILLECR000,likely,True,indexed,32,32,32,32,DXT5,4096,135576,Mapped from the HUD map / track-logo container family.,
0,MAP_MARTINSVILLECR000.ARC,IMG_BLIP_OTHERS,track_logos_maps,HUD Maps & Track Logos,In-race HUD / Minimap,Other-car marker,Other-car marker · MARTINSVILLECR000,likely,True,indexed,32,32,32,32,DXT5,4096,139704,Mapped from the HUD map / track-logo container family.,
0,MAP_MARTINSVILLECR000.ARC,IMG_ARROW,track_logos_maps,HUD Maps & Track Logos,In-race HUD / Minimap,Direction arrow,Direction arrow · MARTINSVILLECR000,likely,True,indexed,32,32,32,32,DXT5,4096,143832,Mapped from the HUD map / track-logo container family.,
0,MAP_DAYTONACR000.ARC,IMG_MAP,track_logos_maps,HUD Maps & Track Logos,In-race HUD / Minimap,Track map,Track map · DAYTONACR000,likely,False,unresolved,256,133,256,133,FMT_0x15,163840,344,Mapped from the HUD map / track-logo container family.,Unsupported resource format FMT_0x15; raw export only
0,MAP_DAYTONACR000.ARC,IMG_BLIP_PLAYER,track_logos_maps,HUD Maps & Track Logos,In-race HUD / Minimap,Player marker,Player marker · DAYTONACR000,likely,True,indexed,32,32,32,32,DXT5,4096,164216,Mapped from the HUD map / track-logo container family.,
0,MAP_DAYTONACR000.ARC,IMG_BLIP_FIRST,track_logos_maps,HUD Maps & Track Logos,In-race HUD / Minimap,Leader marker,Leader marker · DAYTONACR000,likely,True,indexed,32,32,32,32,DXT5,4096,168344,Mapped from the HUD map / track-logo container family.,
0,MAP_DAYTONACR000.ARC,IMG_BLIP_OTHERS,track_logos_maps,HUD Maps & Track Logos,In-race HUD / Minimap,Other-car marker,Other-car marker · DAYTONACR000,likely,True,indexed,32,32,32,32,DXT5,4096,172472,Mapped from the HUD map / track-logo container family.,
0,MAP_DAYTONACR000.ARC,IMG_ARROW,track_logos_maps,HUD Maps & Track Logos,In-race HUD / Minimap,Direction arrow,Direction arrow · DAYTONACR000,likely,True,indexed,32,32,32,32,DXT5,4096,176600,Mapped from the HUD map / track-logo container family.,
0,MAP_HOMESTEADCR000.ARC,IMG_MAP,track_logos_maps,HUD Maps & Track Logos,In-race HUD / Minimap,Track map,Track map · HOMESTEADCR000,likely,True,indexed,256,120,256,120,DXT5,32768,344,Mapped from the HUD map / track-logo container family.,
0,MAP_HOMESTEADCR000.ARC,IMG_BLIP_PLAYER,track_logos_maps,HUD Maps & Track Logos,In-race HUD / Minimap,Player marker,Player marker · HOMESTEADCR000,likely,True,indexed,32,32,32,32,DXT5,4096,33144,Mapped from the HUD map / track-logo container family.,
0,MAP_HOMESTEADCR000.ARC,IMG_BLIP_FIRST,track_logos_maps,HUD Maps & Track Logos,In-race HUD / Minimap,Leader marker,Leader marker · HOMESTEADCR000,likely,True,indexed,32,32,32,32,DXT5,4096,37272,Mapped from the HUD map / track-logo container family.,
0,MAP_HOMESTEADCR000.ARC,IMG_BLIP_OTHERS,track_logos_maps,HUD Maps & Track Logos,In-race HUD / Minimap,Other-car marker,Other-car marker · HOMESTEADCR000,likely,True,indexed,32,32,32,32,DXT5,4096,41400,Mapped from the HUD map / track-logo container family.,
0,MAP_HOMESTEADCR000.ARC,IMG_ARROW,track_logos_maps,HUD Maps & Track Logos,In-race HUD / Minimap,Direction arrow,Direction arrow · HOMESTEADCR000,likely,True,indexed,32,32,32,32,DXT5,4096,45528,Mapped from the HUD map / track-logo container family.,
0,MAP_POCONOCR000.ARC,IMG_MAP,track_logos_maps,HUD Maps & Track Logos,In-race HUD / Minimap,Track map,Track map · POCONOCR000,likely,False,unresolved,256,153,256,153,FMT_0x15,163840,344,Mapped from the HUD map / track-logo container family.,Unsupported resource format FMT_0x15; raw export only
0,MAP_POCONOCR000.ARC,IMG_BLIP_PLAYER,track_logos_maps,HUD Maps & Track Logos,In-race HUD / Minimap,Player marker,Player marker · POCONOCR000,likely,True,indexed,32,32,32,32,DXT5,4096,164216,Mapped from the HUD map / track-logo container family.,
0,MAP_POCONOCR000.ARC,IMG_BLIP_FIRST,track_logos_maps,HUD Maps & Track Logos,In-race HUD / Minimap,Leader marker,Leader marker · POCONOCR000,likely,True,indexed,32,32,32,32,DXT5,4096,168344,Mapped from the HUD map / track-logo container family.,
0,MAP_POCONOCR000.ARC,IMG_BLIP_OTHERS,track_logos_maps,HUD Maps & Track Logos,In-race HUD / Minimap,Other-car marker,Other-car marker · POCONOCR000,likely,True,indexed,32,32,32,32,DXT5,4096,172472,Mapped from the HUD map / track-logo container family.,
0,MAP_POCONOCR000.ARC,IMG_ARROW,track_logos_maps,HUD Maps & Track Logos,In-race HUD / Minimap,Direction arrow,Direction arrow · POCONOCR000,likely,True,indexed,32,32,32,32,DXT5,4096,176600,Mapped from the HUD map / track-logo container family.,
0,MAP_TALLADEGACR000.ARC,IMG_MAP,track_logos_maps,HUD Maps & Track Logos,In-race HUD / Minimap,Track map,Track map · TALLADEGACR000,likely,False,unresolved,256,133,256,133,FMT_0x15,163840,344,Mapped from the HUD map / track-logo container family.,Unsupported resource format FMT_0x15; raw export only
0,MAP_TALLADEGACR000.ARC,IMG_BLIP_PLAYER,track_logos_maps,HUD Maps & Track Logos,In-race HUD / Minimap,Player marker,Player marker · TALLADEGACR000,likely,True,indexed,32,32,32,32,DXT5,4096,164216,Mapped from the HUD map / track-logo container family.,
0,MAP_TALLADEGACR000.ARC,IMG_BLIP_FIRST,track_logos_maps,HUD Maps & Track Logos,In-race HUD / Minimap,Leader marker,Leader marker · TALLADEGACR000,likely,True,indexed,32,32,32,32,DXT5,4096,168344,Mapped from the HUD map / track-logo container family.,
0,MAP_TALLADEGACR000.ARC,IMG_BLIP_OTHERS,track_logos_maps,HUD Maps & Track Logos,In-race HUD / Minimap,Other-car marker,Other-car marker · TALLADEGACR000,likely,True,indexed,32,32,32,32,DXT5,4096,172472,Mapped from the HUD map / track-logo container family.,
0,MAP_TALLADEGACR000.ARC,IMG_ARROW,track_logos_maps,HUD Maps & Track Logos,In-race HUD / Minimap,Direction arrow,Direction arrow · TALLADEGACR000,likely,True,indexed,32,32,32,32,DXT5,4096,176600,Mapped from the HUD map / track-logo container family.,
0,MAP_CHICAGOLANDCR000.ARC,IMG_MAP,track_logos_maps,HUD Maps & Track Logos,In-race HUD / Minimap,Track map,Track map · CHICAGOLANDCR000,likely,False,unresolved,256,165,256,165,FMT_0x15,196608,344,Mapped from the HUD map / track-logo container family.,Unsupported resource format FMT_0x15; raw export only
0,MAP_CHICAGOLANDCR000.ARC,IMG_BLIP_PLAYER,track_logos_maps,HUD Maps & Track Logos,In-race HUD / Minimap,Player marker,Player marker · CHICAGOLANDCR000,likely,True,indexed,32,32,32,32,DXT5,4096,196984,Mapped from the HUD map / track-logo container family.,
0,MAP_CHICAGOLANDCR000.ARC,IMG_BLIP_FIRST,track_logos_maps,HUD Maps & Track Logos,In-race HUD / Minimap,Leader marker,Leader marker · CHICAGOLANDCR000,likely,True,indexed,32,32,32,32,DXT5,4096,201112,Mapped from the HUD map / track-logo container family.,
0,MAP_CHICAGOLANDCR000.ARC,IMG_BLIP_OTHERS,track_logos_maps,HUD Maps & Track Logos,In-race HUD / Minimap,Other-car marker,Other-car marker · CHICAGOLANDCR000,likely,True,indexed,32,32,32,32,DXT5,4096,205240,Mapped from the HUD map / track-logo container family.,
0,MAP_CHICAGOLANDCR000.ARC,IMG_ARROW,track_logos_maps,HUD Maps & Track Logos,In-race HUD / Minimap,Direction arrow,Direction arrow · CHICAGOLANDCR000,likely,True,indexed,32,32,32,32,DXT5,4096,209368,Mapped from the HUD map / track-logo container family.,
0,MAP_TEXASCR000.ARC,IMG_MAP,track_logos_maps,HUD Maps & Track Logos,In-race HUD / Minimap,Track map,Track map · TEXASCR000,likely,True,indexed,256,148,256,148,DXT5,65536,344,Mapped from the HUD map / track-logo container family.,
0,MAP_TEXASCR000.ARC,IMG_BLIP_PLAYER,track_logos_maps,HUD Maps & Track Logos,In-race HUD / Minimap,Player marker,Player marker · TEXASCR000,likely,True,indexed,32,32,32,32,DXT5,4096,65912,Mapped from the HUD map / track-logo container family.,
0,MAP_TEXASCR000.ARC,IMG_BLIP_FIRST,track_logos_maps,HUD Maps & Track Logos,In-race HUD / Minimap,Leader marker,Leader marker · TEXASCR000,likely,True,indexed,32,32,32,32,DXT5,4096,70040,Mapped from the HUD map / track-logo container family.,
0,MAP_TEXASCR000.ARC,IMG_BLIP_OTHERS,track_logos_maps,HUD Maps & Track Logos,In-race HUD / Minimap,Other-car marker,Other-car marker · TEXASCR000,likely,True,indexed,32,32,32,32,DXT5,4096,74168,Mapped from the HUD map / track-logo container family.,
0,MAP_TEXASCR000.ARC,IMG_ARROW,track_logos_maps,HUD Maps & Track Logos,In-race HUD / Minimap,Direction arrow,Direction arrow · TEXASCR000,likely,True,indexed,32,32,32,32,DXT5,4096,78296,Mapped from the HUD map / track-logo container family.,
0,TRACK_FACTS_IMG_12290.ARC,TrackFactsIcon,track_select,Track & Event Art,Track Facts,Track icon,Track Facts track icon · 12290,likely,True,indexed,512,256,512,256,DXT5,131072,248,Mapped from a track-presentation container family.,
0,TRACK_FACTS_IMG_12290.ARC,TrackFactsTrackImg,track_select,Track & Event Art,Track Facts,Track photo,Track Facts track photo · 12290,likely,True,indexed,512,512,512,512,DXT5,262144,131352,Mapped from a track-presentation container family.,
0,TRACK_FACTS_IMG_5403.ARC,TrackFactsIcon,track_select,Track & Event Art,Track Facts,Track icon,Track Facts track icon · 5403,likely,True,indexed,512,256,512,256,DXT5,131072,248,Mapped from a track-presentation container family.,
0,TRACK_FACTS_IMG_5403.ARC,TrackFactsTrackImg,track_select,Track & Event Art,Track Facts,Track photo,Track Facts track photo · 5403,likely,True,indexed,512,512,512,512,DXT5,262144,131352,Mapped from a track-presentation container family.,
0,TRACK_FACTS_IMG_5407.ARC,TrackFactsIcon,track_select,Track & Event Art,Track Facts,Track icon,Track Facts track icon · 5407,likely,True,indexed,512,256,512,256,DXT5,131072,248,Mapped from a track-presentation container family.,
0,TRACK_FACTS_IMG_5407.ARC,TrackFactsTrackImg,track_select,Track & Event Art,Track Facts,Track photo,Track Facts track photo · 5407,likely,True,indexed,512,512,512,512,DXT5,262144,131352,Mapped from a track-presentation container family.,
0,TRACK_FACTS_IMG_5415.ARC,TrackFactsIcon,track_select,Track & Event Art,Track Facts,Track icon,Track Facts track icon · 5415,likely,True,indexed,512,256,512,256,DXT5,131072,248,Mapped from a track-presentation container family.,
0,TRACK_FACTS_IMG_5415.ARC,TrackFactsTrackImg,track_select,Track & Event Art,Track Facts,Track photo,Track Facts track photo · 5415,likely,True,indexed,512,512,512,512,DXT5,262144,131352,Mapped from a track-presentation container family.,
0,TRACK_FACTS_IMG_24873.ARC,TrackFactsIcon,track_select,Track & Event Art,Track Facts,Track icon,Track Facts track icon · 24873,likely,True,indexed,512,256,512,256,DXT5,131072,248,Mapped from a track-presentation container family.,
0,TRACK_FACTS_IMG_24873.ARC,TrackFactsTrackImg,track_select,Track & Event Art,Track Facts,Track photo,Track Facts track photo · 24873,likely,True,indexed,512,512,512,512,DXT5,262144,131352,Mapped from a track-presentation container family.,
0,TRACK_FACTS_IMG_5418.ARC,TrackFactsIcon,track_select,Track & Event Art,Track Facts,Track icon,Track Facts track icon · 5418,likely,True,indexed,512,256,512,256,DXT5,131072,248,Mapped from a track-presentation container family.,
0,TRACK_FACTS_IMG_5418.ARC,TrackFactsTrackImg,track_select,Track & Event Art,Track Facts,Track photo,Track Facts track photo · 5418,likely,True,indexed,512,512,512,512,DXT5,262144,131352,Mapped from a track-presentation container family.,
0,TRACK_FACTS_IMG_24875.ARC,TrackFactsIcon,track_select,Track & Event Art,Track Facts,Track icon,Track Facts track icon · 24875,likely,True,indexed,512,256,512,256,DXT5,131072,248,Mapped from a track-presentation container family.,
0,TRACK_FACTS_IMG_24875.ARC,TrackFactsTrackImg,track_select,Track & Event Art,Track Facts,Track photo,Track Facts track photo · 24875,likely,True,indexed,512,512,512,512,DXT5,262144,131352,Mapped from a track-presentation container family.,
0,TRACK_FACTS_IMG_24544.ARC,TrackFactsIcon,track_select,Track & Event Art,Track Facts,Track icon,Track Facts track icon · 24544,likely,True,indexed,512,256,512,256,DXT5,131072,248,Mapped from a track-presentation container family.,
0,TRACK_FACTS_IMG_24544.ARC,TrackFactsTrackImg,track_select,Track & Event Art,Track Facts,Track photo,Track Facts track photo · 24544,likely,True,indexed,512,512,512,512,DXT5,262144,131352,Mapped from a track-presentation container family.,
0,TRACK_FACTS_IMG_1859.ARC,TrackFactsIcon,track_select,Track & Event Art,Track Facts,Track icon,Track Facts track icon · 1859,likely,True,indexed,512,256,512,256,DXT5,131072,248,Mapped from a track-presentation container family.,
0,TRACK_FACTS_IMG_1859.ARC,TrackFactsTrackImg,track_select,Track & Event Art,Track Facts,Track photo,Track Facts track photo · 1859,likely,True,indexed,512,512,512,512,DXT5,262144,131352,Mapped from a track-presentation container family.,
0,TRACK_FACTS_IMG_2631.ARC,TrackFactsIcon,track_select,Track & Event Art,Track Facts,Track icon,Track Facts track icon · 2631,likely,True,indexed,512,256,512,256,DXT5,131072,248,Mapped from a track-presentation container family.,
0,TRACK_FACTS_IMG_2631.ARC,TrackFactsTrackImg,track_select,Track & Event Art,Track Facts,Track photo,Track Facts track photo · 2631,likely,True,indexed,512,512,512,512,DXT5,262144,131352,Mapped from a track-presentation container family.,
0,TRACK_FACTS_IMG_24546.ARC,TrackFactsIcon,track_select,Track & Event Art,Track Facts,Track icon,Track Facts track icon · 24546,likely,True,indexed,512,256,512,256,DXT5,131072,248,Mapped from a track-presentation container family.,
0,TRACK_FACTS_IMG_24546.ARC,TrackFactsTrackImg,track_select,Track & Event Art,Track Facts,Track photo,Track Facts track photo · 24546,likely,True,indexed,512,512,512,512,DXT5,262144,131352,Mapped from a track-presentation container family.,
0,TRACK_FACTS_IMG_1628.ARC,TrackFactsIcon,track_select,Track & Event Art,Track Facts,Track icon,Track Facts track icon · 1628,likely,True,indexed,512,256,512,256,DXT5,131072,248,Mapped from a track-presentation container family.,
0,TRACK_FACTS_IMG_1628.ARC,TrackFactsTrackImg,track_select,Track & Event Art,Track Facts,Track photo,Track Facts track photo · 1628,likely,True,indexed,512,512,512,512,DXT5,262144,131352,Mapped from a track-presentation container family.,
0,TRACK_FACTS_IMG_1632.ARC,TrackFactsIcon,track_select,Track & Event Art,Track Facts,Track icon,Track Facts track icon · 1632,likely,True,indexed,512,256,512,256,DXT5,131072,248,Mapped from a track-presentation container family.,
0,TRACK_FACTS_IMG_1632.ARC,TrackFactsTrackImg,track_select,Track & Event Art,Track Facts,Track photo,Track Facts track photo · 1632,likely,True,indexed,512,512,512,512,DXT5,262144,131352,Mapped from a track-presentation container family.,
0,TRACK_FACTS_IMG_1636.ARC,TrackFactsIcon,track_select,Track & Event Art,Track Facts,Track icon,Track Facts track icon · 1636,likely,True,indexed,512,256,512,256,DXT5,131072,248,Mapped from a track-presentation container family.,
0,TRACK_FACTS_IMG_1636.ARC,TrackFactsTrackImg,track_select,Track & Event Art,Track Facts,Track photo,Track Facts track photo · 1636,likely,True,indexed,512,512,512,512,DXT5,262144,131352,Mapped from a track-presentation container family.,
0,TRACK_FACTS_IMG_1658.ARC,TrackFactsIcon,track_select,Track & Event Art,Track Facts,Track icon,Track Facts track icon · 1658,likely,True,indexed,512,256,512,256,DXT5,131072,248,Mapped from a track-presentation container family.,
0,TRACK_FACTS_IMG_1658.ARC,TrackFactsTrackImg,track_select,Track & Event Art,Track Facts,Track photo,Track Facts track photo · 1658,likely,True,indexed,512,512,512,512,DXT5,262144,131352,Mapped from a track-presentation container family.,
0,TRACK_FACTS_IMG_24704.ARC,TrackFactsIcon,track_select,Track & Event Art,Track Facts,Track icon,Track Facts track icon · 24704,likely,True,indexed,512,256,512,256,DXT5,131072,248,Mapped from a track-presentation container family.,
0,TRACK_FACTS_IMG_24704.ARC,TrackFactsTrackImg,track_select,Track & Event Art,Track Facts,Track photo,Track Facts track photo · 24704,likely,True,indexed,512,512,512,512,DXT5,262144,131352,Mapped from a track-presentation container family.,
0,TRACK_FACTS_IMG_1670.ARC,TrackFactsIcon,track_select,Track & Event Art,Track Facts,Track icon,Track Facts track icon · 1670,likely,True,indexed,512,256,512,256,DXT5,131072,248,Mapped from a track-presentation container family.,
0,TRACK_FACTS_IMG_1670.ARC,TrackFactsTrackImg,track_select,Track & Event Art,Track Facts,Track photo,Track Facts track photo · 1670,likely,True,indexed,512,512,512,512,DXT5,262144,131352,Mapped from a track-presentation container family.,
0,TRACK_FACTS_IMG_2439.ARC,TrackFactsIcon,track_select,Track & Event Art,Track Facts,Track icon,Track Facts track icon · 2439,likely,True,indexed,512,256,512,256,DXT5,131072,248,Mapped from a track-presentation container family.,
0,TRACK_FACTS_IMG_2439.ARC,TrackFactsTrackImg,track_select,Track & Event Art,Track Facts,Track photo,Track Facts track photo · 2439,likely,True,indexed,512,512,512,512,DXT5,262144,131352,Mapped from a track-presentation container family.,
0,TRACK_FACTS_IMG_1250.ARC,TrackFactsIcon,track_select,Track & Event Art,Track Facts,Track icon,Track Facts track icon · 1250,likely,True,indexed,512,256,512,256,DXT5,131072,248,Mapped from a track-presentation container family.,
0,TRACK_FACTS_IMG_1250.ARC,TrackFactsTrackImg,track_select,Track & Event Art,Track Facts,Track photo,Track Facts track photo · 1250,likely,True,indexed,512,512,512,512,DXT5,262144,131352,Mapped from a track-presentation container family.,
0,TRACK_FACTS_IMG_22671.ARC,TrackFactsIcon,track_select,Track & Event Art,Track Facts,Track icon,Track Facts track icon · 22671,likely,True,indexed,512,256,512,256,DXT5,131072,248,Mapped from a track-presentation container family.,
0,TRACK_FACTS_IMG_22671.ARC,TrackFactsTrackImg,track_select,Track & Event Art,Track Facts,Track photo,Track Facts track photo · 22671,likely,True,indexed,512,512,512,512,DXT5,262144,131352,Mapped from a track-presentation container family.,
0,TRACK_FACTS_IMG_24724.ARC,TrackFactsIcon,track_select,Track & Event Art,Track Facts,Track icon,Track Facts track icon · 24724,likely,True,indexed,512,256,512,256,DXT5,131072,248,Mapped from a track-presentation container family.,
0,TRACK_FACTS_IMG_24724.ARC,TrackFactsTrackImg,track_select,Track & Event Art,Track Facts,Track photo,Track Facts track photo · 24724,likely,True,indexed,512,512,512,512,DXT5,262144,131352,Mapped from a track-presentation container family.,
0,TRACK_FACTS_IMG_24726.ARC,TrackFactsIcon,track_select,Track & Event Art,Track Facts,Track icon,Track Facts track icon · 24726,likely,True,indexed,512,256,512,256,DXT5,131072,248,Mapped from a track-presentation container family.,
0,TRACK_FACTS_IMG_24726.ARC,TrackFactsTrackImg,track_select,Track & Event Art,Track Facts,Track photo,Track Facts track photo · 24726,likely,True,indexed,512,512,512,512,DXT5,262144,131352,Mapped from a track-presentation container family.,
0,TRACK_FACTS_IMG_24728.ARC,TrackFactsIcon,track_select,Track & Event Art,Track Facts,Track icon,Track Facts track icon · 24728,likely,True,indexed,512,256,512,256,DXT5,131072,248,Mapped from a track-presentation container family.,
0,TRACK_FACTS_IMG_24728.ARC,TrackFactsTrackImg,track_select,Track & Event Art,Track Facts,Track photo,Track Facts track photo · 24728,likely,True,indexed,512,512,512,512,DXT5,262144,131352,Mapped from a track-presentation container family.,
0,TRACK_FACTS_IMG_1690.ARC,TrackFactsIcon,track_select,Track & Event Art,Track Facts,Track icon,Track Facts track icon · 1690,likely,True,indexed,512,256,512,256,DXT5,131072,248,Mapped from a track-presentation container family.,
0,TRACK_FACTS_IMG_1690.ARC,TrackFactsTrackImg,track_select,Track & Event Art,Track Facts,Track photo,Track Facts track photo · 1690,likely,True,indexed,512,512,512,512,DXT5,262144,131352,Mapped from a track-presentation container family.,
0,TRACK_FACTS_IMG_1181.ARC,TrackFactsIcon,track_select,Track & Event Art,Track Facts,Track icon,Track Facts track icon · 1181,likely,True,indexed,512,256,512,256,DXT5,131072,248,Mapped from a track-presentation container family.,
0,TRACK_FACTS_IMG_1181.ARC,TrackFactsTrackImg,track_select,Track & Event Art,Track Facts,Track photo,Track Facts track photo · 1181,likely,True,indexed,512,512,512,512,DXT5,262144,131352,Mapped from a track-presentation container family.,
0,TRACK_FACTS_IMG_1187.ARC,TrackFactsIcon,track_select,Track & Event Art,Track Facts,Track icon,Track Facts track icon · 1187,likely,True,indexed,512,256,512,256,DXT5,131072,248,Mapped from a track-presentation container family.,
0,TRACK_FACTS_IMG_1187.ARC,TrackFactsTrackImg,track_select,Track & Event Art,Track Facts,Track photo,Track Facts track photo · 1187,likely,True,indexed,512,512,512,512,DXT5,262144,131352,Mapped from a track-presentation container family.,
0,TRACK_FACTS_IMG_1198.ARC,TrackFactsIcon,track_select,Track & Event Art,Track Facts,Track icon,Track Facts track icon · 1198,likely,True,indexed,512,256,512,256,DXT5,131072,248,Mapped from a track-presentation container family.,
0,TRACK_FACTS_IMG_1198.ARC,TrackFactsTrackImg,track_select,Track & Event Art,Track Facts,Track photo,Track Facts track photo · 1198,likely,True,indexed,512,512,512,512,DXT5,262144,131352,Mapped from a track-presentation container family.,
0,TRACK_FACTS_IMG_24777.ARC,TrackFactsIcon,track_select,Track & Event Art,Track Facts,Track icon,Track Facts track icon · 24777,likely,True,indexed,512,256,512,256,DXT5,131072,248,Mapped from a track-presentation container family.,
0,TRACK_FACTS_IMG_24777.ARC,TrackFactsTrackImg,track_select,Track & Event Art,Track Facts,Track photo,Track Facts track photo · 24777,likely,True,indexed,512,512,512,512,DXT5,262144,131352,Mapped from a track-presentation container family.,
0,TRACK_FACTS_IMG_1459.ARC,TrackFactsIcon,track_select,Track & Event Art,Track Facts,Track icon,Track Facts track icon · 1459,likely,True,indexed,512,256,512,256,DXT5,131072,248,Mapped from a track-presentation container family.,
0,TRACK_FACTS_IMG_1459.ARC,TrackFactsTrackImg,track_select,Track & Event Art,Track Facts,Track photo,Track Facts track photo · 1459,likely,True,indexed,512,512,512,512,DXT5,262144,131352,Mapped from a track-presentation container family.,
0,TRACK_FACTS_IMG_1212.ARC,TrackFactsIcon,track_select,Track & Event Art,Track Facts,Track icon,Track Facts track icon · 1212,likely,True,indexed,512,256,512,256,DXT5,131072,248,Mapped from a track-presentation container family.,
0,TRACK_FACTS_IMG_1212.ARC,TrackFactsTrackImg,track_select,Track & Event Art,Track Facts,Track photo,Track Facts track photo · 1212,likely,True,indexed,512,512,512,512,DXT5,262144,131352,Mapped from a track-presentation container family.,
0,TRACK_FACTS_IMG_1222.ARC,TrackFactsIcon,track_select,Track & Event Art,Track Facts,Track icon,Track Facts track icon · 1222,likely,True,indexed,512,256,512,256,DXT5,131072,248,Mapped from a track-presentation container family.,
0,TRACK_FACTS_IMG_1222.ARC,TrackFactsTrackImg,track_select,Track & Event Art,Track Facts,Track photo,Track Facts track photo · 1222,likely,True,indexed,512,512,512,512,DXT5,262144,131352,Mapped from a track-presentation container family.,
0,TRACK_FACTS_IMG_24775.ARC,TrackFactsIcon,track_select,Track & Event Art,Track Facts,Track icon,Track Facts track icon · 24775,likely,True,indexed,512,256,512,256,DXT5,131072,248,Mapped from a track-presentation container family.,
0,TRACK_FACTS_IMG_24775.ARC,TrackFactsTrackImg,track_select,Track & Event Art,Track Facts,Track photo,Track Facts track photo · 24775,likely,True,indexed,512,512,512,512,DXT5,262144,131352,Mapped from a track-presentation container family.,
0,TRACK_FACTS_IMG_1225.ARC,TrackFactsIcon,track_select,Track & Event Art,Track Facts,Track icon,Track Facts track icon · 1225,likely,True,indexed,512,256,512,256,DXT5,131072,248,Mapped from a track-presentation container family.,
0,TRACK_FACTS_IMG_1225.ARC,TrackFactsTrackImg,track_select,Track & Event Art,Track Facts,Track photo,Track Facts track photo · 1225,likely,True,indexed,512,512,512,512,DXT5,262144,131352,Mapped from a track-presentation container family.,
0,TRACK_FACTS_IMG_24779.ARC,TrackFactsIcon,track_select,Track & Event Art,Track Facts,Track icon,Track Facts track icon · 24779,likely,True,indexed,512,256,512,256,DXT5,131072,248,Mapped from a track-presentation container family.,
0,TRACK_FACTS_IMG_24779.ARC,TrackFactsTrackImg,track_select,Track & Event Art,Track Facts,Track photo,Track Facts track photo · 24779,likely,True,indexed,512,512,512,512,DXT5,262144,131352,Mapped from a track-presentation container family.,
0,TRACK_FACTS_IMG_12748.ARC,TrackFactsIcon,track_select,Track & Event Art,Track Facts,Track icon,Track Facts track icon · 12748,likely,True,indexed,512,256,512,256,DXT5,131072,248,Mapped from a track-presentation container family.,
0,TRACK_FACTS_IMG_12748.ARC,TrackFactsTrackImg,track_select,Track & Event Art,Track Facts,Track photo,Track Facts track photo · 12748,likely,True,indexed,512,512,512,512,DXT5,262144,131352,Mapped from a track-presentation container family.,
0,TRACK_FACTS_IMG_1529.ARC,TrackFactsIcon,track_select,Track & Event Art,Track Facts,Track icon,Track Facts track icon · 1529,likely,True,indexed,512,256,512,256,DXT5,131072,248,Mapped from a track-presentation container family.,
0,TRACK_FACTS_IMG_1529.ARC,TrackFactsTrackImg,track_select,Track & Event Art,Track Facts,Track photo,Track Facts track photo · 1529,likely,True,indexed,512,512,512,512,DXT5,262144,131352,Mapped from a track-presentation container family.,
0,TRACK_FACTS_IMG_2777.ARC,TrackFactsIcon,track_select,Track & Event Art,Track Facts,Track icon,Track Facts track icon · 2777,likely,True,indexed,512,256,512,256,DXT5,131072,248,Mapped from a track-presentation container family.,
0,TRACK_FACTS_IMG_2777.ARC,TrackFactsTrackImg,track_select,Track & Event Art,Track Facts,Track photo,Track Facts track photo · 2777,likely,True,indexed,512,512,512,512,DXT5,262144,131352,Mapped from a track-presentation container family.,
0,TRACK_FACTS_IMG_2523.ARC,TrackFactsIcon,track_select,Track & Event Art,Track Facts,Track icon,Track Facts track icon · 2523,likely,True,indexed,512,256,512,256,DXT5,131072,248,Mapped from a track-presentation container family.,
0,TRACK_FACTS_IMG_2523.ARC,TrackFactsTrackImg,track_select,Track & Event Art,Track Facts,Track photo,Track Facts track photo · 2523,likely,True,indexed,512,512,512,512,DXT5,262144,131352,Mapped from a track-presentation container family.,
0,TRACK_FACTS_IMG_2527.ARC,TrackFactsIcon,track_select,Track & Event Art,Track Facts,Track icon,Track Facts track icon · 2527,likely,True,indexed,512,256,512,256,DXT5,131072,248,Mapped from a track-presentation container family.,
0,TRACK_FACTS_IMG_2527.ARC,TrackFactsTrackImg,track_select,Track & Event Art,Track Facts,Track photo,Track Facts track photo · 2527,likely,True,indexed,512,512,512,512,DXT5,262144,131352,Mapped from a track-presentation container family.,
0,TRACK_FACTS_IMG_11232.ARC,TrackFactsIcon,track_select,Track & Event Art,Track Facts,Track icon,Track Facts track icon · 11232,likely,True,indexed,512,256,512,256,DXT5,131072,248,Mapped from a track-presentation container family.,
0,TRACK_FACTS_IMG_11232.ARC,TrackFactsTrackImg,track_select,Track & Event Art,Track Facts,Track photo,Track Facts track photo · 11232,likely,True,indexed,512,512,512,512,DXT5,262144,131352,Mapped from a track-presentation container family.,
0,TRACK_FACTS_IMG_1762.ARC,TrackFactsIcon,track_select,Track & Event Art,Track Facts,Track icon,Track Facts track icon · 1762,likely,True,indexed,512,256,512,256,DXT5,131072,248,Mapped from a track-presentation container family.,
0,TRACK_FACTS_IMG_1762.ARC,TrackFactsTrackImg,track_select,Track & Event Art,Track Facts,Track photo,Track Facts track photo · 1762,likely,True,indexed,512,512,512,512,DXT5,262144,131352,Mapped from a track-presentation container family.,
0,TRACK_FACTS_IMG_24548.ARC,TrackFactsIcon,track_select,Track & Event Art,Track Facts,Track icon,Track Facts track icon · 24548,likely,True,indexed,512,256,512,256,DXT5,131072,248,Mapped from a track-presentation container family.,
0,TRACK_FACTS_IMG_24548.ARC,TrackFactsTrackImg,track_select,Track & Event Art,Track Facts,Track photo,Track Facts track photo · 24548,likely,True,indexed,512,512,512,512,DXT5,262144,131352,Mapped from a track-presentation container family.,
0,TRACK_FACTS_IMG_5349.ARC,TrackFactsIcon,track_select,Track & Event Art,Track Facts,Track icon,Track Facts track icon · 5349,likely,True,indexed,512,256,512,256,DXT5,131072,248,Mapped from a track-presentation container family.,
0,TRACK_FACTS_IMG_5349.ARC,TrackFactsTrackImg,track_select,Track & Event Art,Track Facts,Track photo,Track Facts track photo · 5349,likely,True,indexed,512,512,512,512,DXT5,262144,131352,Mapped from a track-presentation container family.,
0,TRACK_FACTS_IMG_11242.ARC,TrackFactsIcon,track_select,Track & Event Art,Track Facts,Track icon,Track Facts track icon · 11242,likely,True,indexed,512,256,512,256,DXT5,131072,248,Mapped from a track-presentation container family.,
0,TRACK_FACTS_IMG_11242.ARC,TrackFactsTrackImg,track_select,Track & Event Art,Track Facts,Track photo,Track Facts track photo · 11242,likely,True,indexed,512,512,512,512,DXT5,262144,131352,Mapped from a track-presentation container family.,
0,TRACK_FACTS_IMG_24557.ARC,TrackFactsIcon,track_select,Track & Event Art,Track Facts,Track icon,Track Facts track icon · 24557,likely,True,indexed,512,256,512,256,DXT5,131072,248,Mapped from a track-presentation container family.,
0,TRACK_FACTS_IMG_24557.ARC,TrackFactsTrackImg,track_select,Track & Event Art,Track Facts,Track photo,Track Facts track photo · 24557,likely,True,indexed,512,512,512,512,DXT5,262144,131352,Mapped from a track-presentation container family.,
0,TRACK_FACTS_IMG_24818.ARC,TrackFactsIcon,track_select,Track & Event Art,Track Facts,Track icon,Track Facts track icon · 24818,likely,True,indexed,512,256,512,256,DXT5,131072,248,Mapped from a track-presentation container family.,
0,TRACK_FACTS_IMG_24818.ARC,TrackFactsTrackImg,track_select,Track & Event Art,Track Facts,Track photo,Track Facts track photo · 24818,likely,True,indexed,512,512,512,512,DXT5,262144,131352,Mapped from a track-presentation container family.,
0,TRACK_FACTS_IMG_24563.ARC,TrackFactsIcon,track_select,Track & Event Art,Track Facts,Track icon,Track Facts track icon · 24563,likely,True,indexed,512,256,512,256,DXT5,131072,248,Mapped from a track-presentation container family.,
0,TRACK_FACTS_IMG_24563.ARC,TrackFactsTrackImg,track_select,Track & Event Art,Track Facts,Track photo,Track Facts track photo · 24563,likely,True,indexed,512,512,512,512,DXT5,262144,131352,Mapped from a track-presentation container family.,
0,TRACK_FACTS_IMG_24820.ARC,TrackFactsIcon,track_select,Track & Event Art,Track Facts,Track icon,Track Facts track icon · 24820,likely,True,indexed,512,256,512,256,DXT5,131072,248,Mapped from a track-presentation container family.,
0,TRACK_FACTS_IMG_24820.ARC,TrackFactsTrackImg,track_select,Track & Event Art,Track Facts,Track photo,Track Facts track photo · 24820,likely,True,indexed,512,512,512,512,DXT5,262144,131352,Mapped from a track-presentation container family.,
0,TRACK_FACTS_IMG_24822.ARC,TrackFactsIcon,track_select,Track & Event Art,Track Facts,Track icon,Track Facts track icon · 24822,likely,True,indexed,512,256,512,256,DXT5,131072,248,Mapped from a track-presentation container family.,
0,TRACK_FACTS_IMG_24822.ARC,TrackFactsTrackImg,track_select,Track & Event Art,Track Facts,Track photo,Track Facts track photo · 24822,likely,True,indexed,512,512,512,512,DXT5,262144,131352,Mapped from a track-presentation container family.,
0,TRACK_FACTS_IMG_24824.ARC,TrackFactsIcon,track_select,Track & Event Art,Track Facts,Track icon,Track Facts track icon · 24824,likely,True,indexed,512,256,512,256,DXT5,131072,248,Mapped from a track-presentation container family.,
0,TRACK_FACTS_IMG_24824.ARC,TrackFactsTrackImg,track_select,Track & Event Art,Track Facts,Track photo,Track Facts track photo · 24824,likely,True,indexed,512,512,512,512,DXT5,262144,131352,Mapped from a track-presentation container family.,
0,TRACK_FACTS_IMG_24569.ARC,TrackFactsIcon,track_select,Track & Event Art,Track Facts,Track icon,Track Facts track icon · 24569,likely,True,indexed,512,256,512,256,DXT5,131072,248,Mapped from a track-presentation container family.,
0,TRACK_FACTS_IMG_24569.ARC,TrackFactsTrackImg,track_select,Track & Event Art,Track Facts,Track photo,Track Facts track photo · 24569,likely,True,indexed,512,512,512,512,DXT5,262144,131352,Mapped from a track-presentation container family.,
0,TRACK_FACTS_IMG_9726.ARC,TrackFactsIcon,track_select,Track & Event Art,Track Facts,Track icon,Track Facts track icon · 9726,likely,True,indexed,512,256,512,256,DXT5,131072,248,Mapped from a track-presentation container family.,
0,TRACK_FACTS_IMG_9726.ARC,TrackFactsTrackImg,track_select,Track & Event Art,Track Facts,Track photo,Track Facts track photo · 9726,likely,True,indexed,512,512,512,512,DXT5,262144,131352,Mapped from a track-presentation container family.,
0,INFIELDGARAGEREPLACETEX.ARC,IMG_PITCREWFACE1DIFF,unknown_visual,Character & Pit Crew Textures,Infield Garage,Pit-crew material map,Pit crew img_pitcrewface1diff,research,True,indexed,512,512,512,512,DXT1,229376,568,"3D character material texture, not a normal menu image.",
0,INFIELDGARAGEREPLACETEX.ARC,IMG_PITCREWFACE1NORM,unknown_visual,Character & Pit Crew Textures,Infield Garage,Pit-crew material map,Pit crew img_pitcrewface1norm,research,True,indexed,512,512,512,512,DXT1,229376,230056,"3D character material texture, not a normal menu image.",
0,INFIELDGARAGEREPLACETEX.ARC,IMG_PITCREWFACE1SPEC,unknown_visual,Character & Pit Crew Textures,Infield Garage,Pit-crew material map,Pit crew img_pitcrewface1spec,research,True,indexed,256,256,256,256,DXT1,98304,459544,"3D character material texture, not a normal menu image.",
0,INFIELDGARAGEREPLACETEX.ARC,IMG_PITCREWFACE2DIFF,unknown_visual,Character & Pit Crew Textures,Infield Garage,Pit-crew material map,Pit crew img_pitcrewface2diff,research,True,indexed,512,512,512,512,DXT1,229376,557944,"3D character material texture, not a normal menu image.",
0,INFIELDGARAGEREPLACETEX.ARC,IMG_PITCREWFACE2NORM,unknown_visual,Character & Pit Crew Textures,Infield Garage,Pit-crew material map,Pit crew img_pitcrewface2norm,research,True,indexed,512,512,512,512,DXT1,229376,787432,"3D character material texture, not a normal menu image.",
0,INFIELDGARAGEREPLACETEX.ARC,IMG_PITCREWFACE2SPEC,unknown_visual,Character & Pit Crew Textures,Infield Garage,Pit-crew material map,Pit crew img_pitcrewface2spec,research,True,indexed,256,256,256,256,DXT1,98304,1016920,"3D character material texture, not a normal menu image.",
0,INFIELDGARAGEREPLACETEX.ARC,IMG_PITCREWFACE3DIFF,unknown_visual,Character & Pit Crew Textures,Infield Garage,Pit-crew material map,Pit crew img_pitcrewface3diff,research,True,indexed,512,512,512,512,DXT1,229376,1115320,"3D character material texture, not a normal menu image.",
0,INFIELDGARAGEREPLACETEX.ARC,IMG_PITCREWFACE3NORM,unknown_visual,Character & Pit Crew Textures,Infield Garage,Pit-crew material map,Pit crew img_pitcrewface3norm,research,True,indexed,512,512,512,512,DXT1,229376,1344808,"3D character material texture, not a normal menu image.",
0,INFIELDGARAGEREPLACETEX.ARC,IMG_PITCREWFACE3SPEC,unknown_visual,Character & Pit Crew Textures,Infield Garage,Pit-crew material map,Pit crew img_pitcrewface3spec,research,True,indexed,256,256,256,256,DXT1,98304,1574296,"3D character material texture, not a normal menu image.",
0,INFIELDGARAGEREPLACETEX.ARC,IMG_PITCREWFACE4DIFF,unknown_visual,Character & Pit Crew Textures,Infield Garage,Pit-crew material map,Pit crew img_pitcrewface4diff,research,True,indexed,512,512,512,512,DXT1,229376,1672696,"3D character material texture, not a normal menu image.",
0,INFIELDGARAGEREPLACETEX.ARC,IMG_PITCREWFACE4NORM,unknown_visual,Character & Pit Crew Textures,Infield Garage,Pit-crew material map,Pit crew img_pitcrewface4norm,research,True,indexed,512,512,512,512,DXT1,229376,1902184,"3D character material texture, not a normal menu image.",
0,INFIELDGARAGEREPLACETEX.ARC,IMG_PITCREWFACE4SPEC,unknown_visual,Character & Pit Crew Textures,Infield Garage,Pit-crew material map,Pit crew img_pitcrewface4spec,research,True,indexed,256,256,256,256,DXT1,98304,2131672,"3D character material texture, not a normal menu image.",
0,RACESHOPREPLACETEX.ARC,IMG_PITCREWFACE1DIFF,unknown_visual,Character & Pit Crew Textures,Race Shop,Pit-crew material map,Pit crew img_pitcrewface1diff,research,True,indexed,512,512,512,512,DXT1,229376,952,"3D character material texture, not a normal menu image.",
0,RACESHOPREPLACETEX.ARC,IMG_PITCREWFACE1NORM,unknown_visual,Character & Pit Crew Textures,Race Shop,Pit-crew material map,Pit crew img_pitcrewface1norm,research,True,indexed,512,512,512,512,DXT1,229376,230440,"3D character material texture, not a normal menu image.",
0,RACESHOPREPLACETEX.ARC,IMG_PITCREWFACE1SPEC,unknown_visual,Character & Pit Crew Textures,Race Shop,Pit-crew material map,Pit crew img_pitcrewface1spec,research,True,indexed,256,256,256,256,DXT1,98304,459928,"3D character material texture, not a normal menu image.",
0,RACESHOPREPLACETEX.ARC,IMG_PITCREWFACE2DIFF,unknown_visual,Character & Pit Crew Textures,Race Shop,Pit-crew material map,Pit crew img_pitcrewface2diff,research,True,indexed,512,512,512,512,DXT1,229376,558328,"3D character material texture, not a normal menu image.",
0,RACESHOPREPLACETEX.ARC,IMG_PITCREWFACE2NORM,unknown_visual,Character & Pit Crew Textures,Race Shop,Pit-crew material map,Pit crew img_pitcrewface2norm,research,True,indexed,512,512,512,512,DXT1,229376,787816,"3D character material texture, not a normal menu image.",
0,RACESHOPREPLACETEX.ARC,IMG_PITCREWFACE2SPEC,unknown_visual,Character & Pit Crew Textures,Race Shop,Pit-crew material map,Pit crew img_pitcrewface2spec,research,True,indexed,256,256,256,256,DXT1,98304,1017304,"3D character material texture, not a normal menu image.",
0,RACESHOPREPLACETEX.ARC,IMG_PITCREWFACE3DIFF,unknown_visual,Character & Pit Crew Textures,Race Shop,Pit-crew material map,Pit crew img_pitcrewface3diff,research,True,indexed,512,512,512,512,DXT1,229376,1115704,"3D character material texture, not a normal menu image.",
0,RACESHOPREPLACETEX.ARC,IMG_PITCREWFACE3NORM,unknown_visual,Character & Pit Crew Textures,Race Shop,Pit-crew material map,Pit crew img_pitcrewface3norm,research,True,indexed,512,512,512,512,DXT1,229376,1345192,"3D character material texture, not a normal menu image.",
0,RACESHOPREPLACETEX.ARC,IMG_PITCREWFACE3SPEC,unknown_visual,Character & Pit Crew Textures,Race Shop,Pit-crew material map,Pit crew img_pitcrewface3spec,research,True,indexed,256,256,256,256,DXT1,98304,1574680,"3D character material texture, not a normal menu image.",
0,RACESHOPREPLACETEX.ARC,IMG_PITCREWFACE4DIFF,unknown_visual,Character & Pit Crew Textures,Race Shop,Pit-crew material map,Pit crew img_pitcrewface4diff,research,True,indexed,512,512,512,512,DXT1,229376,1673080,"3D character material texture, not a normal menu image.",
0,RACESHOPREPLACETEX.ARC,IMG_PITCREWFACE4NORM,unknown_visual,Character & Pit Crew Textures,Race Shop,Pit-crew material map,Pit crew img_pitcrewface4norm,research,True,indexed,512,512,512,512,DXT1,229376,1902568,"3D character material texture, not a normal menu image.",
0,RACESHOPREPLACETEX.ARC,IMG_PITCREWFACE4SPEC,unknown_visual,Character & Pit Crew Textures,Race Shop,Pit-crew material map,Pit crew img_pitcrewface4spec,research,True,indexed,256,256,256,256,DXT1,98304,2132056,"3D character material texture, not a normal menu image.",
0,RACESHOPREPLACETEX.ARC,IMG_FEMALE01_ADIFF,unknown_visual,Character & Pit Crew Textures,Race Shop,Pit-crew material map,Pit crew img_female01_adiff,research,True,indexed,256,256,256,256,DXT1,98304,2230456,"3D character material texture, not a normal menu image.",
0,RACESHOPREPLACETEX.ARC,IMG_FEMALE01_BDIFF,unknown_visual,Character & Pit Crew Textures,Race Shop,Pit-crew material map,Pit crew img_female01_bdiff,research,True,indexed,256,256,256,256,DXT1,98304,2328856,"3D character material texture, not a normal menu image.",
0,RACESHOPREPLACETEX.ARC,IMG_FEMALE01_CDIFF,unknown_visual,Character & Pit Crew Textures,Race Shop,Pit-crew material map,Pit crew img_female01_cdiff,research,True,indexed,256,256,256,256,DXT1,98304,2427256,"3D character material texture, not a normal menu image.",
0,RACESHOPREPLACETEX.ARC,IMG_FEMALE02_ADIFF,unknown_visual,Character & Pit Crew Textures,Race Shop,Pit-crew material map,Pit crew img_female02_adiff,research,True,indexed,256,256,256,256,DXT5,196608,2525656,"3D character material texture, not a normal menu image.",
0,RACESHOPREPLACETEX.ARC,IMG_FEMALE02_BDIFF,unknown_visual,Character & Pit Crew Textures,Race Shop,Pit-crew material map,Pit crew img_female02_bdiff,research,True,indexed,256,256,256,256,DXT5,196608,2722360,"3D character material texture, not a normal menu image.",
0,RACESHOPREPLACETEX.ARC,IMG_FEMALE02_CDIFF,unknown_visual,Character & Pit Crew Textures,Race Shop,Pit-crew material map,Pit crew img_female02_cdiff,research,True,indexed,256,256,256,256,DXT5,196608,2919064,"3D character material texture, not a normal menu image.",
0,RACESHOPREPLACETEX.ARC,IMG_MALE01_ADIFF,unknown_visual,Character & Pit Crew Textures,Race Shop,Pit-crew material map,Pit crew img_male01_adiff,research,True,indexed,256,256,256,256,DXT1,98304,3115768,"3D character material texture, not a normal menu image.",
0,RACESHOPREPLACETEX.ARC,IMG_MALE01_BDIFF,unknown_visual,Character & Pit Crew Textures,Race Shop,Pit-crew material map,Pit crew img_male01_bdiff,research,True,indexed,256,256,256,256,DXT1,98304,3214168,"3D character material texture, not a normal menu image.",
0,RACESHOPREPLACETEX.ARC,IMG_MALE01_CDIFF,unknown_visual,Character & Pit Crew Textures,Race Shop,Pit-crew material map,Pit crew img_male01_cdiff,research,True,indexed,256,256,256,256,DXT1,98304,3312568,"3D character material texture, not a normal menu image.",
0,RACESHOPREPLACETEX.ARC,IMG_MALE02_ADIFF,unknown_visual,Character & Pit Crew Textures,Race Shop,Pit-crew material map,Pit crew img_male02_adiff,research,True,indexed,256,256,256,256,DXT1,98304,3410968,"3D character material texture, not a normal menu image.",
0,RACESHOPREPLACETEX.ARC,IMG_MALE02_BDIFF,unknown_visual,Character & Pit Crew Textures,Race Shop,Pit-crew material map,Pit crew img_male02_bdiff,research,True,indexed,256,256,256,256,DXT1,98304,3509368,"3D character material texture, not a normal menu image.",
0,RACESHOPREPLACETEX.ARC,IMG_MALE02_CDIFF,unknown_visual,Character & Pit Crew Textures,Race Shop,Pit-crew material map,Pit crew img_male02_cdiff,research,True,indexed,256,256,256,256,DXT1,98304,3607768,"3D character material texture, not a normal menu image.",
1,GLOBALMENUASSETS.ARC,grey.png,misc_ui,Menu Backgrounds & Panels,Global Menus,Interface atlas,Global menu atlas · Interface01,likely,True,indexed,16,16,16,16,DXT1,40960,159720,Mapped from a known UI container family.,
1,GLOBALMENUASSETS.ARC,TeamShop_Interface01.dds,misc_ui,Menu Backgrounds & Panels,Global Menus,Interface atlas,Global menu atlas · Interface01,likely,False,unresolved,32,1024,32,1024,FMT_0x15,131072,200744,Mapped from a known UI container family.,Unsupported resource format FMT_0x15; raw export only
1,IMGWATKINSGLEN.ARC,IMGTRACKLOGO,track_logos_maps,HUD Maps & Track Logos,Track Presentation,Track logo,Track logo · IMGWATKINSGLEN,likely,False,unresolved,299,110,299,110,FMT_0x15,163840,216,Mapped from the HUD map / track-logo container family.,Unsupported resource format FMT_0x15; raw export only
1,IMGTEXASDUSK.ARC,IMGTRACKLOGO,track_select,Track & Event Art,Track Presentation,Track image,Track presentation · IMGTRACKLOGO,likely,False,unresolved,299,110,299,110,FMT_0x15,163840,216,Mapped from a track-presentation container family.,Unsupported resource format FMT_0x15; raw export only
1,IMGMARTINSVILLE.ARC,IMGTRACKLOGO,track_select,Track & Event Art,Track Presentation,Track image,Track presentation · IMGTRACKLOGO,likely,False,unresolved,299,110,299,110,FMT_0x15,163840,216,Mapped from a track-presentation container family.,Unsupported resource format FMT_0x15; raw export only
1,IMGTEXAS.ARC,IMGTRACKLOGO,track_select,Track & Event Art,Track Presentation,Track image,Track presentation · IMGTRACKLOGO,likely,False,unresolved,299,110,299,110,FMT_0x15,163840,216,Mapped from a track-presentation container family.,Unsupported resource format FMT_0x15; raw export only
1,IMGCHICAGOLAND.ARC,IMGTRACKLOGO,track_select,Track & Event Art,Track Presentation,Track image,Track presentation · IMGTRACKLOGO,likely,False,unresolved,299,110,299,110,FMT_0x15,163840,216,Mapped from a track-presentation container family.,Unsupported resource format FMT_0x15; raw export only
1,IMGDAYTONA.ARC,IMGTRACKLOGO,track_select,Track & Event Art,Track Presentation,Track image,Track presentation · IMGTRACKLOGO,likely,False,unresolved,299,110,299,110,FMT_0x15,163840,216,Mapped from a track-presentation container family.,Unsupported resource format FMT_0x15; raw export only
1,IMGLASVEGAS.ARC,IMGTRACKLOGO,track_logos_maps,HUD Maps & Track Logos,Track Presentation,Track logo,Track logo · IMGLASVEGAS,likely,False,unresolved,299,110,299,110,FMT_0x15,163840,216,Mapped from the HUD map / track-logo container family.,Unsupported resource format FMT_0x15; raw export only
1,IMGHOMESTEAD.ARC,IMGTRACKLOGO,track_select,Track & Event Art,Track Presentation,Track image,Track presentation · IMGTRACKLOGO,likely,False,unresolved,299,110,299,110,FMT_0x15,163840,216,Mapped from a track-presentation container family.,Unsupported resource format FMT_0x15; raw export only
1,IMGPOCONO.ARC,IMGTRACKLOGO,track_select,Track & Event Art,Track Presentation,Track image,Track presentation · IMGTRACKLOGO,likely,False,unresolved,299,110,299,110,FMT_0x15,163840,216,Mapped from a track-presentation container family.,Unsupported resource format FMT_0x15; raw export only
1,IMGATLANTA.ARC,IMGTRACKLOGO,track_select,Track & Event Art,Track Presentation,Track image,Track presentation · IMGTRACKLOGO,likely,False,unresolved,299,110,299,110,FMT_0x15,163840,216,Mapped from a track-presentation container family.,Unsupported resource format FMT_0x15; raw export only
1,IMGDAYTONADUSK.ARC,IMGTRACKLOGO,track_select,Track & Event Art,Track Presentation,Track image,Track presentation · IMGTRACKLOGO,likely,False,unresolved,299,110,299,110,FMT_0x15,163840,216,Mapped from a track-presentation container family.,Unsupported resource format FMT_0x15; raw export only
1,IMGMICHIGAN.ARC,IMGTRACKLOGO,track_select,Track & Event Art,Track Presentation,Track image,Track presentation · IMGTRACKLOGO,likely,False,unresolved,299,110,299,110,FMT_0x15,163840,216,Mapped from a track-presentation container family.,Unsupported resource format FMT_0x15; raw export only
1,IMGTALLADEGA.ARC,IMGTRACKLOGO,track_select,Track & Event Art,Track Presentation,Track image,Track presentation · IMGTRACKLOGO,likely,False,unresolved,299,110,299,110,FMT_0x15,163840,216,Mapped from a track-presentation container family.,Unsupported resource format FMT_0x15; raw export only
1,IMGATLANTADAY.ARC,IMGTRACKLOGO,track_select,Track & Event Art,Track Presentation,Track image,Track presentation · IMGTRACKLOGO,likely,False,unresolved,299,110,299,110,FMT_0x15,163840,216,Mapped from a track-presentation container family.,Unsupported resource format FMT_0x15; raw export only
1,IMGDOVER.ARC,IMGTRACKLOGO,track_select,Track & Event Art,Track Presentation,Track image,Track presentation · IMGTRACKLOGO,likely,False,unresolved,299,110,299,110,FMT_0x15,163840,216,Mapped from a track-presentation container family.,Unsupported resource format FMT_0x15; raw export only
1,IMGRICHMOND.ARC,IMGTRACKLOGO,track_select,Track & Event Art,Track Presentation,Track image,Track presentation · IMGTRACKLOGO,likely,False,unresolved,299,110,299,110,FMT_0x15,163840,216,Mapped from a track-presentation container family.,Unsupported resource format FMT_0x15; raw export only
1,IMGBRISTOL.ARC,IMGTRACKLOGO,track_select,Track & Event Art,Track Presentation,Track image,Track presentation · IMGTRACKLOGO,likely,False,unresolved,299,110,299,110,FMT_0x15,163840,216,Mapped from a track-presentation container family.,Unsupported resource format FMT_0x15; raw export only
1,IMGKANSAS.ARC,IMGTRACKLOGO,track_select,Track & Event Art,Track Presentation,Track image,Track presentation · IMGTRACKLOGO,likely,False,unresolved,299,110,299,110,FMT_0x15,163840,216,Mapped from a track-presentation container family.,Unsupported resource format FMT_0x15; raw export only
1,IMGPHOENIX.ARC,IMGTRACKLOGO,track_select,Track & Event Art,Track Presentation,Track image,Track presentation · IMGTRACKLOGO,likely,False,unresolved,299,110,299,110,FMT_0x15,163840,216,Mapped from a track-presentation container family.,Unsupported resource format FMT_0x15; raw export only
1,IMGPHOENIXDUSK.ARC,IMGTRACKLOGO,track_select,Track & Event Art,Track Presentation,Track image,Track presentation · IMGTRACKLOGO,likely,False,unresolved,299,110,299,110,FMT_0x15,163840,216,Mapped from a track-presentation container family.,Unsupported resource format FMT_0x15; raw export only
1,IMGBRISTOLDAY.ARC,IMGTRACKLOGO,track_select,Track & Event Art,Track Presentation,Track image,Track presentation · IMGTRACKLOGO,likely,False,unresolved,299,110,299,110,FMT_0x15,163840,216,Mapped from a track-presentation container family.,Unsupported resource format FMT_0x15; raw export only
1,IMGNEWHAMPSHIRE.ARC,IMGTRACKLOGO,track_select,Track & Event Art,Track Presentation,Track image,Track presentation · IMGTRACKLOGO,likely,False,unresolved,299,110,299,110,FMT_0x15,163840,216,Mapped from a track-presentation container family.,Unsupported resource format FMT_0x15; raw export only
1,IMGGARAGE.ARC,IMGTRACKLOGO,track_select,Track & Event Art,Track Presentation,Track image,Track presentation · IMGTRACKLOGO,likely,False,unresolved,299,110,299,110,FMT_0x15,163840,216,Mapped from a track-presentation container family.,Unsupported resource format FMT_0x15; raw export only
1,RACEMEDIAIMAGES.ARC,IMG_CORRUPT_THUMB,misc_ui,Menu Backgrounds & Panels,Race Media,Race Media image,Race Media · IMG_CORRUPT_THUMB,likely,True,indexed,256,128,256,128,DXT5,32768,248,Mapped from a known UI container family.,
1,RACEMEDIAIMAGES.ARC,IMG_CORRUPT_DETAIL,backgrounds_panels,Menu Backgrounds & Panels,Race Media,Detail panel / background,Race Media panel · IMG_CORRUPT_DETAIL,likely,True,indexed,1024,512,1024,512,DXT1,262144,33048,Mapped from RACEMEDIAIMAGES.,
1,CUSTOMSCHEMETHUMBNAILS.ARC,PAINTSCHEME_23221,paint_scheme_preview,Paint Scheme Previews,Paint Select / Paint Booth,Scheme thumbnail,Paint scheme preview · PAINTSCHEME_23221,likely,True,indexed,256,256,256,256,DXT5,65536,440,Mapped from known paint-preview naming.,
1,CUSTOMSCHEMETHUMBNAILS.ARC,PAINTSCHEME_23222,paint_scheme_preview,Paint Scheme Previews,Paint Select / Paint Booth,Scheme thumbnail,Paint scheme preview · PAINTSCHEME_23222,likely,True,indexed,256,256,256,256,DXT5,65536,66008,Mapped from known paint-preview naming.,
1,CUSTOMSCHEMETHUMBNAILS.ARC,PAINTSCHEME_23223,paint_scheme_preview,Paint Scheme Previews,Paint Select / Paint Booth,Scheme thumbnail,Paint scheme preview · PAINTSCHEME_23223,likely,True,indexed,256,256,256,256,DXT5,65536,131576,Mapped from known paint-preview naming.,
1,CUSTOMSCHEMETHUMBNAILS.ARC,PAINTSCHEME_23224,paint_scheme_preview,Paint Scheme Previews,Paint Select / Paint Booth,Scheme thumbnail,Paint scheme preview · PAINTSCHEME_23224,likely,True,indexed,256,256,256,256,DXT5,65536,197144,Mapped from known paint-preview naming.,
1,CUSTOMSCHEMETHUMBNAILS.ARC,PAINTSCHEME_23225,paint_scheme_preview,Paint Scheme Previews,Paint Select / Paint Booth,Scheme thumbnail,Paint scheme preview · PAINTSCHEME_23225,likely,True,indexed,256,256,256,256,DXT5,65536,262712,Mapped from known paint-preview naming.,
1,CUSTOMSCHEMETHUMBNAILS.ARC,PAINTSCHEME_23226,paint_scheme_preview,Paint Scheme Previews,Paint Select / Paint Booth,Scheme thumbnail,Paint scheme preview · PAINTSCHEME_23226,likely,True,indexed,256,256,256,256,DXT5,65536,328280,Mapped from known paint-preview naming.,
1,CUSTOMSCHEMETHUMBNAILS.ARC,PAINTSCHEME_24517,paint_scheme_preview,Paint Scheme Previews,Paint Select / Paint Booth,Scheme thumbnail,Paint scheme preview · PAINTSCHEME_24517,likely,True,indexed,256,256,256,256,DXT5,65536,393848,Mapped from known paint-preview naming.,
1,CUSTOMSCHEMETHUMBNAILS.ARC,CAREER_CHEVY_8,paint_scheme_preview,Paint Scheme Previews,Custom Paint Select,Custom scheme thumbnail,Custom scheme thumbnail · CAREER_CHEVY_8,likely,True,indexed,256,256,256,256,DXT5,65536,459416,Mapped from a known UI container family.,
1,2DRIVERSELECTTD_25430.ARC,DRIVERPAINT_1116_25041,driver_select,Paint Scheme Previews,Driver Select,Car-card preview,Driver paint preview · DRIVERPAINT_1116_25041,likely,True,indexed,256,256,256,256,DXT5,65536,280,Mapped from known paint-preview naming.,
1,2DRIVERSELECTTD_25430.ARC,DRIVER_1116_3DNUM_25041,driver_select,Driver & Team Art,Driver Select,3D number graphic,Driver Select number · DRIVER_1116_3DNUM_25041,likely,True,indexed,512,256,512,256,DXT5,131072,65848,Mapped from DRIVER_*_3DNUM entries.,
1,2DRIVERSELECTTD_25430.ARC,PAINTSCHEME_25443,paint_scheme_preview,Paint Scheme Previews,Paint Select / Paint Booth,Scheme thumbnail,Paint scheme preview · PAINTSCHEME_25443,likely,True,indexed,256,256,256,256,DXT5,65536,196952,Mapped from known paint-preview naming.,
1,2DRIVERSELECTTD_1325.ARC,DRIVERPAINT_1084_25041,driver_select,Paint Scheme Previews,Driver Select,Car-card preview,Driver paint preview · DRIVERPAINT_1084_25041,likely,True,indexed,256,256,256,256,DXT5,65536,376,Mapped from known paint-preview naming.,
1,2DRIVERSELECTTD_1325.ARC,DRIVERPAINT_1109_25041,driver_select,Paint Scheme Previews,Driver Select,Car-card preview,Driver paint preview · DRIVERPAINT_1109_25041,likely,True,indexed,256,256,256,256,DXT5,65536,65944,Mapped from known paint-preview naming.,
1,2DRIVERSELECTTD_1325.ARC,DRIVER_1109_3DNUM_25041,driver_select,Driver & Team Art,Driver Select,3D number graphic,Driver Select number · DRIVER_1109_3DNUM_25041,likely,True,indexed,512,256,512,256,DXT5,131072,131512,Mapped from DRIVER_*_3DNUM entries.,
1,2DRIVERSELECTTD_1325.ARC,DRIVER_1084_3DNUM_25041,driver_select,Driver & Team Art,Driver Select,3D number graphic,Driver Select number · DRIVER_1084_3DNUM_25041,likely,True,indexed,512,256,512,256,DXT5,131072,262616,Mapped from DRIVER_*_3DNUM entries.,
1,2DRIVERSELECTTD_1325.ARC,PAINTSCHEME_25445,paint_scheme_preview,Paint Scheme Previews,Paint Select / Paint Booth,Scheme thumbnail,Paint scheme preview · PAINTSCHEME_25445,likely,True,indexed,256,256,256,256,DXT5,65536,393720,Mapped from known paint-preview naming.,
1,2DRIVERSELECTTD_1325.ARC,PAINTSCHEME_25363,paint_scheme_preview,Paint Scheme Previews,Paint Select / Paint Booth,Scheme thumbnail,Paint scheme preview · PAINTSCHEME_25363,likely,True,indexed,256,256,256,256,DXT5,65536,459288,Mapped from known paint-preview naming.,
1,2DRIVERSELECTTD_1335.ARC,UUU,driver_select,Paint Scheme Previews,Driver Select,Car-card preview,Driver paint preview · DRIVERPAINT_1096_25041,likely,True,indexed,256,256,256,256,DXT5,65536,664,Mapped from known paint-preview naming.,
1,2DRIVERSELECTTD_1335.ARC,UUU__r3,driver_select,Paint Scheme Previews,Driver Select,Car-card preview,Driver paint preview · DRIVERPAINT_1101_25041,likely,True,indexed,256,256,256,256,DXT5,65536,66232,Mapped from known paint-preview naming.,
1,2DRIVERSELECTTD_1335.ARC,UUU__r5,driver_select,Paint Scheme Previews,Driver Select,Car-card preview,Driver paint preview · DRIVERPAINT_1114_25041,likely,True,indexed,256,256,256,256,DXT5,65536,131800,Mapped from known paint-preview naming.,
1,2DRIVERSELECTTD_1335.ARC,UUU__r7,driver_select,Paint Scheme Previews,Driver Select,Car-card preview,Driver paint preview · DRIVERPAINT_1107_25041,likely,True,indexed,256,256,256,256,DXT5,65536,197368,Mapped from known paint-preview naming.,
1,2DRIVERSELECTTD_1335.ARC,UUU__r9,driver_select,Paint Scheme Previews,Driver Select,Car-card preview,Driver paint preview · DRIVERPAINT_25442_25041,likely,True,indexed,256,256,256,256,DXT5,65536,262936,Mapped from known paint-preview naming.,
1,2DRIVERSELECTTD_1335.ARC,UU,driver_select,Driver & Team Art,Driver Select,3D number graphic,Driver Select number · DRIVER_1107_3DNUM_25041,likely,True,indexed,512,256,512,256,DXT5,131072,328504,Mapped from DRIVER_*_3DNUM entries.,
1,2DRIVERSELECTTD_1335.ARC,UU__r13,driver_select,Driver & Team Art,Driver Select,3D number graphic,Driver Select number · DRIVER_1101_3DNUM_25041,likely,True,indexed,512,256,512,256,DXT5,131072,459608,Mapped from DRIVER_*_3DNUM entries.,
1,2DRIVERSELECTTD_1335.ARC,DRIVER_1096_3DNUM_25041,driver_select,Driver & Team Art,Driver Select,3D number graphic,Driver Select number · DRIVER_1096_3DNUM_25041,likely,True,indexed,512,256,512,256,DXT5,131072,590712,Mapped from DRIVER_*_3DNUM entries.,
1,2DRIVERSELECTTD_1335.ARC,DRIVER_1114_3DNUM_25041,driver_select,Driver & Team Art,Driver Select,3D number graphic,Driver Select number · DRIVER_1114_3DNUM_25041,likely,True,indexed,512,256,512,256,DXT5,131072,721816,Mapped from DRIVER_*_3DNUM entries.,
1,2DRIVERSELECTTD_1335.ARC,DRIVER_25442_3DNUM_25041,driver_select,Driver & Team Art,Driver Select,3D number graphic,Driver Select number · DRIVER_25442_3DNUM_25041,likely,True,indexed,512,256,512,256,DXT5,131072,852920,Mapped from DRIVER_*_3DNUM entries.,
1,2DRIVERSELECTTD_1335.ARC,PAINTSCHEME_25354,paint_scheme_preview,Paint Scheme Previews,Paint Select / Paint Booth,Scheme thumbnail,Paint scheme preview · PAINTSCHEME_25354,likely,True,indexed,256,256,256,256,DXT5,65536,984024,Mapped from known paint-preview naming.,
1,2DRIVERSELECTTD_1335.ARC,PAINTSCHEME_25446,paint_scheme_preview,Paint Scheme Previews,Paint Select / Paint Booth,Scheme thumbnail,Paint scheme preview · PAINTSCHEME_25446,likely,True,indexed,256,256,256,256,DXT5,65536,1049592,Mapped from known paint-preview naming.,
1,2DRIVERSELECTTD_1335.ARC,PAINTSCHEME_25347,paint_scheme_preview,Paint Scheme Previews,Paint Select / Paint Booth,Scheme thumbnail,Paint scheme preview · PAINTSCHEME_25347,likely,True,indexed,256,256,256,256,DXT5,65536,1115160,Mapped from known paint-preview naming.,
1,2DRIVERSELECTTD_1335.ARC,PAINTSCHEME_25352,paint_scheme_preview,Paint Scheme Previews,Paint Select / Paint Booth,Scheme thumbnail,Paint scheme preview · PAINTSCHEME_25352,likely,True,indexed,256,256,256,256,DXT5,65536,1180728,Mapped from known paint-preview naming.,
1,2DRIVERSELECTTD_1335.ARC,PAINTSCHEME_25353,paint_scheme_preview,Paint Scheme Previews,Paint Select / Paint Booth,Scheme thumbnail,Paint scheme preview · PAINTSCHEME_25353,likely,True,indexed,256,256,256,256,DXT5,65536,1246296,Mapped from known paint-preview naming.,
1,2DRIVERSELECTTD_1355.ARC,DRIVERPAINT_1138_25041,driver_select,Paint Scheme Previews,Driver Select,Car-card preview,Driver paint preview · DRIVERPAINT_1138_25041,likely,True,indexed,256,256,256,256,DXT5,65536,280,Mapped from known paint-preview naming.,
1,2DRIVERSELECTTD_1355.ARC,DRIVER_1138_3DNUM_25041,driver_select,Driver & Team Art,Driver Select,3D number graphic,Driver Select number · DRIVER_1138_3DNUM_25041,likely,True,indexed,512,256,512,256,DXT5,131072,65848,Mapped from DRIVER_*_3DNUM entries.,
1,2DRIVERSELECTTD_1355.ARC,PAINTSCHEME_25438,paint_scheme_preview,Paint Scheme Previews,Paint Select / Paint Booth,Scheme thumbnail,Paint scheme preview · PAINTSCHEME_25438,likely,True,indexed,256,256,256,256,DXT5,65536,196952,Mapped from known paint-preview naming.,
1,2DRIVERSELECTTD_1340.ARC,RU,driver_select,Paint Scheme Previews,Driver Select,Car-card preview,Driver paint preview · DRIVERPAINT_1111_25041,likely,True,indexed,256,256,256,256,DXT5,65536,664,Mapped from known paint-preview naming.,
1,2DRIVERSELECTTD_1340.ARC,RU__r3,driver_select,Paint Scheme Previews,Driver Select,Car-card preview,Driver paint preview · DRIVERPAINT_1100_25041,likely,True,indexed,256,256,256,256,DXT5,65536,66232,Mapped from known paint-preview naming.,
1,2DRIVERSELECTTD_1340.ARC,RU__r5,driver_select,Paint Scheme Previews,Driver Select,Car-card preview,Driver paint preview · DRIVERPAINT_23022_25041,likely,True,indexed,256,256,256,256,DXT5,65536,131800,Mapped from known paint-preview naming.,
1,2DRIVERSELECTTD_1340.ARC,DRIVERPAINT_1113_25041,driver_select,Paint Scheme Previews,Driver Select,Car-card preview,Driver paint preview · DRIVERPAINT_1113_25041,likely,True,indexed,256,256,256,256,DXT5,65536,197368,Mapped from known paint-preview naming.,
1,2DRIVERSELECTTD_1340.ARC,DRIVERPAINT_1105_25041,driver_select,Paint Scheme Previews,Driver Select,Car-card preview,Driver paint preview · DRIVERPAINT_1105_25041,likely,True,indexed,256,256,256,256,DXT5,65536,262936,Mapped from known paint-preview naming.,
1,2DRIVERSELECTTD_1340.ARC,WTVW,driver_select,Driver & Team Art,Driver Select,3D number graphic,Driver Select number · DRIVER_1111_3DNUM_25041,likely,True,indexed,512,256,512,256,DXT5,131072,328504,Mapped from DRIVER_*_3DNUM entries.,
1,2DRIVERSELECTTD_1340.ARC,DRIVER_1100_3DNUM_25041,driver_select,Driver & Team Art,Driver Select,3D number graphic,Driver Select number · DRIVER_1100_3DNUM_25041,likely,True,indexed,512,256,512,256,DXT5,131072,459608,Mapped from DRIVER_*_3DNUM entries.,
1,2DRIVERSELECTTD_1340.ARC,DRIVER_1105_3DNUM_25041,driver_select,Driver & Team Art,Driver Select,3D number graphic,Driver Select number · DRIVER_1105_3DNUM_25041,likely,True,indexed,512,256,512,256,DXT5,131072,590712,Mapped from DRIVER_*_3DNUM entries.,
1,2DRIVERSELECTTD_1340.ARC,DRIVER_1113_3DNUM_25041,driver_select,Driver & Team Art,Driver Select,3D number graphic,Driver Select number · DRIVER_1113_3DNUM_25041,likely,True,indexed,512,256,512,256,DXT5,131072,721816,Mapped from DRIVER_*_3DNUM entries.,
1,2DRIVERSELECTTD_1340.ARC,DRIVER_23022_3DNUM_25041,driver_select,Driver & Team Art,Driver Select,3D number graphic,Driver Select number · DRIVER_23022_3DNUM_25041,likely,True,indexed,512,256,512,256,DXT5,131072,852920,Mapped from DRIVER_*_3DNUM entries.,
1,2DRIVERSELECTTD_1340.ARC,PAINTSCHEME_25365,paint_scheme_preview,Paint Scheme Previews,Paint Select / Paint Booth,Scheme thumbnail,Paint scheme preview · PAINTSCHEME_25365,likely,True,indexed,256,256,256,256,DXT5,65536,984024,Mapped from known paint-preview naming.,
1,2DRIVERSELECTTD_1340.ARC,PAINTSCHEME_25368,paint_scheme_preview,Paint Scheme Previews,Paint Select / Paint Booth,Scheme thumbnail,Paint scheme preview · PAINTSCHEME_25368,likely,True,indexed,256,256,256,256,DXT5,65536,1049592,Mapped from known paint-preview naming.,
1,2DRIVERSELECTTD_1340.ARC,PAINTSCHEME_25356,paint_scheme_preview,Paint Scheme Previews,Paint Select / Paint Booth,Scheme thumbnail,Paint scheme preview · PAINTSCHEME_25356,likely,True,indexed,256,256,256,256,DXT5,65536,1115160,Mapped from known paint-preview naming.,
1,2DRIVERSELECTTD_1340.ARC,PAINTSCHEME_25434,paint_scheme_preview,Paint Scheme Previews,Paint Select / Paint Booth,Scheme thumbnail,Paint scheme preview · PAINTSCHEME_25434,likely,True,indexed,256,256,256,256,DXT5,65536,1180728,Mapped from known paint-preview naming.,
1,2DRIVERSELECTTD_1340.ARC,PAINTSCHEME_25371,paint_scheme_preview,Paint Scheme Previews,Paint Select / Paint Booth,Scheme thumbnail,Paint scheme preview · PAINTSCHEME_25371,likely,True,indexed,256,256,256,256,DXT5,65536,1246296,Mapped from known paint-preview naming.,
1,2DRIVERSELECTTD_1327.ARC,DRIVERPAINT_9665_25041,driver_select,Paint Scheme Previews,Driver Select,Car-card preview,Driver paint preview · DRIVERPAINT_9665_25041,likely,True,indexed,256,256,256,256,DXT5,65536,472,Mapped from known paint-preview naming.,
1,2DRIVERSELECTTD_1327.ARC,DRIVERPAINT_1104_25041,driver_select,Paint Scheme Previews,Driver Select,Car-card preview,Driver paint preview · DRIVERPAINT_1104_25041,likely,True,indexed,256,256,256,256,DXT5,65536,66040,Mapped from known paint-preview naming.,
1,2DRIVERSELECTTD_1327.ARC,DRIVERPAINT_1129_25041,driver_select,Paint Scheme Previews,Driver Select,Car-card preview,Driver paint preview · DRIVERPAINT_1129_25041,likely,True,indexed,256,256,256,256,DXT5,65536,131608,Mapped from known paint-preview naming.,
1,2DRIVERSELECTTD_1327.ARC,DRIVER_1129_3DNUM_25041,driver_select,Driver & Team Art,Driver Select,3D number graphic,Driver Select number · DRIVER_1129_3DNUM_25041,likely,True,indexed,512,256,512,256,DXT5,131072,197176,Mapped from DRIVER_*_3DNUM entries.,
1,2DRIVERSELECTTD_1327.ARC,DRIVER_9665_3DNUM_25041,driver_select,Driver & Team Art,Driver Select,3D number graphic,Driver Select number · DRIVER_9665_3DNUM_25041,likely,True,indexed,512,256,512,256,DXT5,131072,328280,Mapped from DRIVER_*_3DNUM entries.,
1,2DRIVERSELECTTD_1327.ARC,DRIVER_1104_3DNUM_25041,driver_select,Driver & Team Art,Driver Select,3D number graphic,Driver Select number · DRIVER_1104_3DNUM_25041,likely,True,indexed,512,256,512,256,DXT5,131072,459384,Mapped from DRIVER_*_3DNUM entries.,
1,2DRIVERSELECTTD_1327.ARC,PAINTSCHEME_25460,paint_scheme_preview,Paint Scheme Previews,Paint Select / Paint Booth,Scheme thumbnail,Paint scheme preview · PAINTSCHEME_25460,likely,True,indexed,256,256,256,256,DXT5,65536,590488,Mapped from known paint-preview naming.,
1,2DRIVERSELECTTD_1327.ARC,PAINTSCHEME_25437,paint_scheme_preview,Paint Scheme Previews,Paint Select / Paint Booth,Scheme thumbnail,Paint scheme preview · PAINTSCHEME_25437,likely,True,indexed,256,256,256,256,DXT5,65536,656056,Mapped from known paint-preview naming.,
1,2DRIVERSELECTTD_1327.ARC,PAINTSCHEME_25436,paint_scheme_preview,Paint Scheme Previews,Paint Select / Paint Booth,Scheme thumbnail,Paint scheme preview · PAINTSCHEME_25436,likely,True,indexed,256,256,256,256,DXT5,65536,721624,Mapped from known paint-preview naming.,
1,2DRIVERSELECTTD_5762.ARC,DRIVERPAINT_1134_25041,driver_select,Paint Scheme Previews,Driver Select,Car-card preview,Driver paint preview · DRIVERPAINT_1134_25041,likely,True,indexed,256,256,256,256,DXT5,65536,280,Mapped from known paint-preview naming.,
1,2DRIVERSELECTTD_5762.ARC,DRIVER_1134_3DNUM_25041,driver_select,Driver & Team Art,Driver Select,3D number graphic,Driver Select number · DRIVER_1134_3DNUM_25041,likely,True,indexed,512,256,512,256,DXT5,131072,65848,Mapped from DRIVER_*_3DNUM entries.,
1,2DRIVERSELECTTD_5762.ARC,PAINTSCHEME_25370,paint_scheme_preview,Paint Scheme Previews,Paint Select / Paint Booth,Scheme thumbnail,Paint scheme preview · PAINTSCHEME_25370,likely,True,indexed,256,256,256,256,DXT5,65536,196952,Mapped from known paint-preview naming.,
1,2DRIVERSELECTTD_1341.ARC,DRIVERPAINT_25376_25041,driver_select,Paint Scheme Previews,Driver Select,Car-card preview,Driver paint preview · DRIVERPAINT_25376_25041,likely,True,indexed,256,256,256,256,DXT5,65536,280,Mapped from known paint-preview naming.,
1,2DRIVERSELECTTD_1341.ARC,DRIVER_25376_3DNUM_25041,driver_select,Driver & Team Art,Driver Select,3D number graphic,Driver Select number · DRIVER_25376_3DNUM_25041,likely,True,indexed,512,256,512,256,DXT5,131072,65848,Mapped from DRIVER_*_3DNUM entries.,
1,2DRIVERSELECTTD_1341.ARC,PAINTSCHEME_25466,paint_scheme_preview,Paint Scheme Previews,Paint Select / Paint Booth,Scheme thumbnail,Paint scheme preview · PAINTSCHEME_25466,likely,True,indexed,256,256,256,256,DXT5,65536,196952,Mapped from known paint-preview naming.,
1,2DRIVERSELECTTD_10518.ARC,DRIVERPAINT_1142_25041,driver_select,Paint Scheme Previews,Driver Select,Car-card preview,Driver paint preview · DRIVERPAINT_1142_25041,likely,True,indexed,256,256,256,256,DXT5,65536,376,Mapped from known paint-preview naming.,
1,2DRIVERSELECTTD_10518.ARC,DRIVERPAINT_25447_25041,driver_select,Paint Scheme Previews,Driver Select,Car-card preview,Driver paint preview · DRIVERPAINT_25447_25041,likely,True,indexed,256,256,256,256,DXT5,65536,65944,Mapped from known paint-preview naming.,
1,2DRIVERSELECTTD_10518.ARC,DRIVER_1142_3DNUM_25041,driver_select,Driver & Team Art,Driver Select,3D number graphic,Driver Select number · DRIVER_1142_3DNUM_25041,likely,True,indexed,512,256,512,256,DXT5,131072,131512,Mapped from DRIVER_*_3DNUM entries.,
1,2DRIVERSELECTTD_10518.ARC,DRIVER_25447_3DNUM_25041,driver_select,Driver & Team Art,Driver Select,3D number graphic,Driver Select number · DRIVER_25447_3DNUM_25041,likely,True,indexed,512,256,512,256,DXT5,131072,262616,Mapped from DRIVER_*_3DNUM entries.,
1,2DRIVERSELECTTD_10518.ARC,PAINTSCHEME_25471,paint_scheme_preview,Paint Scheme Previews,Paint Select / Paint Booth,Scheme thumbnail,Paint scheme preview · PAINTSCHEME_25471,likely,True,indexed,256,256,256,256,DXT5,65536,393720,Mapped from known paint-preview naming.,
1,2DRIVERSELECTTD_10518.ARC,PAINTSCHEME_25470,paint_scheme_preview,Paint Scheme Previews,Paint Select / Paint Booth,Scheme thumbnail,Paint scheme preview · PAINTSCHEME_25470,likely,True,indexed,256,256,256,256,DXT5,65536,459288,Mapped from known paint-preview naming.,
1,2DRIVERSELECTTD_11444.ARC,DRIVERPAINT_7174_25041,driver_select,Paint Scheme Previews,Driver Select,Car-card preview,Driver paint preview · DRIVERPAINT_7174_25041,likely,True,indexed,256,256,256,256,DXT5,65536,280,Mapped from known paint-preview naming.,
1,2DRIVERSELECTTD_11444.ARC,DRIVER_7174_3DNUM_25041,driver_select,Driver & Team Art,Driver Select,3D number graphic,Driver Select number · DRIVER_7174_3DNUM_25041,likely,True,indexed,512,256,512,256,DXT5,131072,65848,Mapped from DRIVER_*_3DNUM entries.,
1,2DRIVERSELECTTD_11444.ARC,PAINTSCHEME_25439,paint_scheme_preview,Paint Scheme Previews,Paint Select / Paint Booth,Scheme thumbnail,Paint scheme preview · PAINTSCHEME_25439,likely,True,indexed,256,256,256,256,DXT5,65536,196952,Mapped from known paint-preview naming.,
1,2DRIVERSELECTTD_1354.ARC,EU,driver_select,Paint Scheme Previews,Driver Select,Car-card preview,Driver paint preview · DRIVERPAINT_1141_25041,likely,True,indexed,256,256,256,256,DXT5,65536,472,Mapped from known paint-preview naming.,
1,2DRIVERSELECTTD_1354.ARC,EU__r3,driver_select,Paint Scheme Previews,Driver Select,Car-card preview,Driver paint preview · DRIVERPAINT_1139_25041,likely,True,indexed,256,256,256,256,DXT5,65536,66040,Mapped from known paint-preview naming.,
1,2DRIVERSELECTTD_1354.ARC,EU__r5,driver_select,Paint Scheme Previews,Driver Select,Car-card preview,Driver paint preview · DRIVERPAINT_1092_25041,likely,True,indexed,256,256,256,256,DXT5,65536,131608,Mapped from known paint-preview naming.,
1,2DRIVERSELECTTD_1354.ARC,EU__r7,driver_select,Driver & Team Art,Driver Select,3D number graphic,Driver Select number · DRIVER_1092_3DNUM_25041,likely,True,indexed,512,256,512,256,DXT5,131072,197176,Mapped from DRIVER_*_3DNUM entries.,
1,2DRIVERSELECTTD_1354.ARC,DRIVER_1141_3DNUM_25041,driver_select,Driver & Team Art,Driver Select,3D number graphic,Driver Select number · DRIVER_1141_3DNUM_25041,likely,True,indexed,512,256,512,256,DXT5,131072,328280,Mapped from DRIVER_*_3DNUM entries.,
1,2DRIVERSELECTTD_1354.ARC,DRIVER_1139_3DNUM_25041,driver_select,Driver & Team Art,Driver Select,3D number graphic,Driver Select number · DRIVER_1139_3DNUM_25041,likely,True,indexed,512,256,512,256,DXT5,131072,459384,Mapped from DRIVER_*_3DNUM entries.,
1,2DRIVERSELECTTD_1354.ARC,PAINTSCHEME_25367,paint_scheme_preview,Paint Scheme Previews,Paint Select / Paint Booth,Scheme thumbnail,Paint scheme preview · PAINTSCHEME_25367,likely,True,indexed,256,256,256,256,DXT5,65536,590488,Mapped from known paint-preview naming.,
1,2DRIVERSELECTTD_1354.ARC,PAINTSCHEME_25349,paint_scheme_preview,Paint Scheme Previews,Paint Select / Paint Booth,Scheme thumbnail,Paint scheme preview · PAINTSCHEME_25349,likely,True,indexed,256,256,256,256,DXT5,65536,656056,Mapped from known paint-preview naming.,
1,2DRIVERSELECTTD_1354.ARC,PAINTSCHEME_25472,paint_scheme_preview,Paint Scheme Previews,Paint Select / Paint Booth,Scheme thumbnail,Paint scheme preview · PAINTSCHEME_25472,likely,True,indexed,256,256,256,256,DXT5,65536,721624,Mapped from known paint-preview naming.,
1,2DRIVERSELECTTD_25381.ARC,DRIVERPAINT_22986_25041,driver_select,Paint Scheme Previews,Driver Select,Car-card preview,Driver paint preview · DRIVERPAINT_22986_25041,likely,True,indexed,256,256,256,256,DXT5,65536,376,Mapped from known paint-preview naming.,
1,2DRIVERSELECTTD_25381.ARC,DRIVERPAINT_22949_25041,driver_select,Paint Scheme Previews,Driver Select,Car-card preview,Driver paint preview · DRIVERPAINT_22949_25041,likely,True,indexed,256,256,256,256,DXT5,65536,65944,Mapped from known paint-preview naming.,
1,2DRIVERSELECTTD_25381.ARC,DRIVER_22949_3DNUM_25041,driver_select,Driver & Team Art,Driver Select,3D number graphic,Driver Select number · DRIVER_22949_3DNUM_25041,likely,True,indexed,512,256,512,256,DXT5,131072,131512,Mapped from DRIVER_*_3DNUM entries.,
1,2DRIVERSELECTTD_25381.ARC,DRIVER_22986_3DNUM_25041,driver_select,Driver & Team Art,Driver Select,3D number graphic,Driver Select number · DRIVER_22986_3DNUM_25041,likely,True,indexed,512,256,512,256,DXT5,131072,262616,Mapped from DRIVER_*_3DNUM entries.,
1,2DRIVERSELECTTD_25381.ARC,PAINTSCHEME_25468,paint_scheme_preview,Paint Scheme Previews,Paint Select / Paint Booth,Scheme thumbnail,Paint scheme preview · PAINTSCHEME_25468,likely,True,indexed,256,256,256,256,DXT5,65536,393720,Mapped from known paint-preview naming.,
1,2DRIVERSELECTTD_25381.ARC,PAINTSCHEME_25469,paint_scheme_preview,Paint Scheme Previews,Paint Select / Paint Booth,Scheme thumbnail,Paint scheme preview · PAINTSCHEME_25469,likely,True,indexed,256,256,256,256,DXT5,65536,459288,Mapped from known paint-preview naming.,
1,2DRIVERSELECTTD_1336.ARC,DRIVERPAINT_1117_25041,driver_select,Paint Scheme Previews,Driver Select,Car-card preview,Driver paint preview · DRIVERPAINT_1117_25041,likely,True,indexed,256,256,256,256,DXT5,65536,504,Mapped from known paint-preview naming.,
1,2DRIVERSELECTTD_1336.ARC,DRIVERPAINT_1115_25041,driver_select,Paint Scheme Previews,Driver Select,Car-card preview,Driver paint preview · DRIVERPAINT_1115_25041,likely,True,indexed,256,256,256,256,DXT5,65536,66072,Mapped from known paint-preview naming.,
1,2DRIVERSELECTTD_1336.ARC,DRIVER_1115_3DNUM_25041,driver_select,Driver & Team Art,Driver Select,3D number graphic,Driver Select number · DRIVER_1115_3DNUM_25041,likely,True,indexed,512,256,512,256,DXT5,131072,131640,Mapped from DRIVER_*_3DNUM entries.,
1,2DRIVERSELECTTD_1336.ARC,DRIVER_1117_3DNUM_25041,driver_select,Driver & Team Art,Driver Select,3D number graphic,Driver Select number · DRIVER_1117_3DNUM_25041,likely,True,indexed,512,256,512,256,DXT5,131072,262744,Mapped from DRIVER_*_3DNUM entries.,
1,2DRIVERSELECTTD_1336.ARC,PAINTSCHEME_25358,paint_scheme_preview,Paint Scheme Previews,Paint Select / Paint Booth,Scheme thumbnail,Paint scheme preview · PAINTSCHEME_25358,likely,True,indexed,256,256,256,256,DXT5,65536,393848,Mapped from known paint-preview naming.,
1,2DRIVERSELECTTD_1336.ARC,PAINTSCHEME_25355,paint_scheme_preview,Paint Scheme Previews,Paint Select / Paint Booth,Scheme thumbnail,Paint scheme preview · PAINTSCHEME_25355,likely,True,indexed,256,256,256,256,DXT5,65536,459416,Mapped from known paint-preview naming.,
1,2DRIVERSELECTTD_1336.ARC,PAINTSCHEME_25580,paint_scheme_preview,Paint Scheme Previews,Paint Select / Paint Booth,Scheme thumbnail,Paint scheme preview · PAINTSCHEME_25580,likely,True,indexed,256,256,256,256,DXT5,65536,524984,Mapped from known paint-preview naming.,
1,2DRIVERSELECTTD_1336.ARC,PAINTSCHEME_25583,paint_scheme_preview,Paint Scheme Previews,Paint Select / Paint Booth,Scheme thumbnail,Paint scheme preview · PAINTSCHEME_25583,likely,True,indexed,256,256,256,256,DXT5,65536,590552,Mapped from known paint-preview naming.,
1,2DRIVERSELECTTD_1336.ARC,PAINTSCHEME_25585,paint_scheme_preview,Paint Scheme Previews,Paint Select / Paint Booth,Scheme thumbnail,Paint scheme preview · PAINTSCHEME_25585,likely,True,indexed,256,256,256,256,DXT5,65536,656120,Mapped from known paint-preview naming.,
1,2DRIVERSELECTTD_1336.ARC,PAINTSCHEME_25584,paint_scheme_preview,Paint Scheme Previews,Paint Select / Paint Booth,Scheme thumbnail,Paint scheme preview · PAINTSCHEME_25584,likely,True,indexed,256,256,256,256,DXT5,65536,721688,Mapped from known paint-preview naming.,
1,2DRIVERSELECTTD_1352.ARC,DRIVERPAINT_1124_25041,driver_select,Paint Scheme Previews,Driver Select,Car-card preview,Driver paint preview · DRIVERPAINT_1124_25041,likely,True,indexed,256,256,256,256,DXT5,65536,280,Mapped from known paint-preview naming.,
1,2DRIVERSELECTTD_1352.ARC,DRIVER_1124_3DNUM_25041,driver_select,Driver & Team Art,Driver Select,3D number graphic,Driver Select number · DRIVER_1124_3DNUM_25041,likely,True,indexed,512,256,512,256,DXT5,131072,65848,Mapped from DRIVER_*_3DNUM entries.,
1,2DRIVERSELECTTD_1352.ARC,PAINTSCHEME_25459,paint_scheme_preview,Paint Scheme Previews,Paint Select / Paint Booth,Scheme thumbnail,Paint scheme preview · PAINTSCHEME_25459,likely,True,indexed,256,256,256,256,DXT5,65536,196952,Mapped from known paint-preview naming.,
1,2DRIVERSELECTTD_1331.ARC,Lc,driver_select,Paint Scheme Previews,Driver Select,Car-card preview,Driver paint preview · DRIVERPAINT_1090_25041,likely,True,indexed,256,256,256,256,DXT5,65536,568,Mapped from known paint-preview naming.,
1,2DRIVERSELECTTD_1331.ARC,Mc,driver_select,Paint Scheme Previews,Driver Select,Car-card preview,Driver paint preview · DRIVERPAINT_5766_25041,likely,True,indexed,256,256,256,256,DXT5,65536,66136,Mapped from known paint-preview naming.,
1,2DRIVERSELECTTD_1331.ARC,mc,driver_select,Paint Scheme Previews,Driver Select,Car-card preview,Driver paint preview · DRIVERPAINT_7175_25041,likely,True,indexed,256,256,256,256,DXT5,65536,131704,Mapped from known paint-preview naming.,
1,2DRIVERSELECTTD_1331.ARC,mc__r7,driver_select,Paint Scheme Previews,Driver Select,Car-card preview,Driver paint preview · DRIVERPAINT_23147_25041,likely,True,indexed,256,256,256,256,DXT5,65536,197272,Mapped from known paint-preview naming.,
1,2DRIVERSELECTTD_1331.ARC,DRIVER_5766_3DNUM_25041,driver_select,Driver & Team Art,Driver Select,3D number graphic,Driver Select number · DRIVER_5766_3DNUM_25041,likely,True,indexed,512,256,512,256,DXT5,131072,262840,Mapped from DRIVER_*_3DNUM entries.,
1,2DRIVERSELECTTD_1331.ARC,DRIVER_23147_3DNUM_25041,driver_select,Driver & Team Art,Driver Select,3D number graphic,Driver Select number · DRIVER_23147_3DNUM_25041,likely,True,indexed,512,256,512,256,DXT5,131072,393944,Mapped from DRIVER_*_3DNUM entries.,
1,2DRIVERSELECTTD_1331.ARC,DRIVER_1090_3DNUM_25041,driver_select,Driver & Team Art,Driver Select,3D number graphic,Driver Select number · DRIVER_1090_3DNUM_25041,likely,True,indexed,512,256,512,256,DXT5,131072,525048,Mapped from DRIVER_*_3DNUM entries.,
1,2DRIVERSELECTTD_1331.ARC,DRIVER_7175_3DNUM_25041,driver_select,Driver & Team Art,Driver Select,3D number graphic,Driver Select number · DRIVER_7175_3DNUM_25041,likely,True,indexed,512,256,512,256,DXT5,131072,656152,Mapped from DRIVER_*_3DNUM entries.,
1,2DRIVERSELECTTD_1331.ARC,PAINTSCHEME_25592,paint_scheme_preview,Paint Scheme Previews,Paint Select / Paint Booth,Scheme thumbnail,Paint scheme preview · PAINTSCHEME_25592,likely,True,indexed,256,256,256,256,DXT5,65536,787256,Mapped from known paint-preview naming.,
1,2DRIVERSELECTTD_1331.ARC,PAINTSCHEME_25369,paint_scheme_preview,Paint Scheme Previews,Paint Select / Paint Booth,Scheme thumbnail,Paint scheme preview · PAINTSCHEME_25369,likely,True,indexed,256,256,256,256,DXT5,65536,852824,Mapped from known paint-preview naming.,
1,2DRIVERSELECTTD_1331.ARC,PAINTSCHEME_25350,paint_scheme_preview,Paint Scheme Previews,Paint Select / Paint Booth,Scheme thumbnail,Paint scheme preview · PAINTSCHEME_25350,likely,True,indexed,256,256,256,256,DXT5,65536,918392,Mapped from known paint-preview naming.,
1,2DRIVERSELECTTD_1331.ARC,PAINTSCHEME_25351,paint_scheme_preview,Paint Scheme Previews,Paint Select / Paint Booth,Scheme thumbnail,Paint scheme preview · PAINTSCHEME_25351,likely,True,indexed,256,256,256,256,DXT5,65536,983960,Mapped from known paint-preview naming.,
1,2DRIVERSELECTTD_2495.ARC,DRIVERPAINT_2491_9671,driver_select,Paint Scheme Previews,Driver Select,Car-card preview,Driver paint preview · DRIVERPAINT_2491_9671,likely,True,indexed,256,256,256,256,DXT5,65536,376,Mapped from known paint-preview naming.,
1,2DRIVERSELECTTD_2495.ARC,DRIVERPAINT_25558_25041,driver_select,Paint Scheme Previews,Driver Select,Car-card preview,Driver paint preview · DRIVERPAINT_25558_25041,likely,True,indexed,256,256,256,256,DXT5,65536,65944,Mapped from known paint-preview naming.,
1,2DRIVERSELECTTD_2495.ARC,DRIVERPAINT_2491_25041,driver_select,Paint Scheme Previews,Driver Select,Car-card preview,Driver paint preview · DRIVERPAINT_2491_25041,likely,True,indexed,256,256,256,256,DXT5,65536,131512,Mapped from known paint-preview naming.,
1,2DRIVERSELECTTD_2495.ARC,DRIVER_2491_3DNUM_25041,driver_select,Driver & Team Art,Driver Select,3D number graphic,Driver Select number · DRIVER_2491_3DNUM_25041,likely,True,indexed,256,128,256,128,DXT5,32768,197080,Mapped from DRIVER_*_3DNUM entries.,
1,2DRIVERSELECTTD_2495.ARC,DRIVER_25558_3DNUM_25041,driver_select,Driver & Team Art,Driver Select,3D number graphic,Driver Select number · DRIVER_25558_3DNUM_25041,likely,True,indexed,256,128,256,128,DXT5,32768,229880,Mapped from DRIVER_*_3DNUM entries.,
1,2DRIVERSELECTTD_2495.ARC,DRIVER_2491_3DNUM_9671,driver_select,Driver & Team Art,Driver Select,3D number graphic,Driver Select number · DRIVER_2491_3DNUM_9671,likely,True,indexed,256,128,256,128,DXT5,32768,262680,Mapped from DRIVER_*_3DNUM entries.,
1,2DRIVERSELECTTD_1351.ARC,UUU,driver_select,Paint Scheme Previews,Driver Select,Car-card preview,Driver paint preview · DRIVERPAINT_5758_25041,likely,True,indexed,256,256,256,256,DXT5,65536,568,Mapped from known paint-preview naming.,
1,2DRIVERSELECTTD_1351.ARC,UUU__r3,driver_select,Paint Scheme Previews,Driver Select,Car-card preview,Driver paint preview · DRIVERPAINT_1095_25041,likely,True,indexed,256,256,256,256,DXT5,65536,66136,Mapped from known paint-preview naming.,
1,2DRIVERSELECTTD_1351.ARC,UUU__r5,driver_select,Paint Scheme Previews,Driver Select,Car-card preview,Driver paint preview · DRIVERPAINT_1136_25041,likely,True,indexed,256,256,256,256,DXT5,65536,131704,Mapped from known paint-preview naming.,
1,2DRIVERSELECTTD_1351.ARC,UUU__r7,driver_select,Paint Scheme Previews,Driver Select,Car-card preview,Driver paint preview · DRIVERPAINT_1108_25041,likely,True,indexed,256,256,256,256,DXT5,65536,197272,Mapped from known paint-preview naming.,
1,2DRIVERSELECTTD_1351.ARC,UUU__r9,driver_select,Driver & Team Art,Driver Select,3D number graphic,Driver Select number · DRIVER_1095_3DNUM_25041,likely,True,indexed,512,256,512,256,DXT5,131072,262840,Mapped from DRIVER_*_3DNUM entries.,
1,2DRIVERSELECTTD_1351.ARC,UU,driver_select,Driver & Team Art,Driver Select,3D number graphic,Driver Select number · DRIVER_1136_3DNUM_25041,likely,True,indexed,512,256,512,256,DXT5,131072,393944,Mapped from DRIVER_*_3DNUM entries.,
1,2DRIVERSELECTTD_1351.ARC,DRIVER_5758_3DNUM_25041,driver_select,Driver & Team Art,Driver Select,3D number graphic,Driver Select number · DRIVER_5758_3DNUM_25041,likely,True,indexed,512,256,512,256,DXT5,131072,525048,Mapped from DRIVER_*_3DNUM entries.,
1,2DRIVERSELECTTD_1351.ARC,DRIVER_1108_3DNUM_25041,driver_select,Driver & Team Art,Driver Select,3D number graphic,Driver Select number · DRIVER_1108_3DNUM_25041,likely,True,indexed,512,256,512,256,DXT5,131072,656152,Mapped from DRIVER_*_3DNUM entries.,
1,2DRIVERSELECTTD_1351.ARC,PAINTSCHEME_25366,paint_scheme_preview,Paint Scheme Previews,Paint Select / Paint Booth,Scheme thumbnail,Paint scheme preview · PAINTSCHEME_25366,likely,True,indexed,256,256,256,256,DXT5,65536,787256,Mapped from known paint-preview naming.,
1,2DRIVERSELECTTD_1351.ARC,PAINTSCHEME_25348,paint_scheme_preview,Paint Scheme Previews,Paint Select / Paint Booth,Scheme thumbnail,Paint scheme preview · PAINTSCHEME_25348,likely,True,indexed,256,256,256,256,DXT5,65536,852824,Mapped from known paint-preview naming.,
1,2DRIVERSELECTTD_1351.ARC,PAINTSCHEME_25361,paint_scheme_preview,Paint Scheme Previews,Paint Select / Paint Booth,Scheme thumbnail,Paint scheme preview · PAINTSCHEME_25361,likely,True,indexed,256,256,256,256,DXT5,65536,918392,Mapped from known paint-preview naming.,
1,2DRIVERSELECTTD_1351.ARC,PAINTSCHEME_25346,paint_scheme_preview,Paint Scheme Previews,Paint Select / Paint Booth,Scheme thumbnail,Paint scheme preview · PAINTSCHEME_25346,likely,True,indexed,256,256,256,256,DXT5,65536,983960,Mapped from known paint-preview naming.,
1,2DRIVERSELECTTD_1349.ARC,DRIVERPAINT_1121_25041,driver_select,Paint Scheme Previews,Driver Select,Car-card preview,Driver paint preview · DRIVERPAINT_1121_25041,likely,True,indexed,256,256,256,256,DXT5,65536,376,Mapped from known paint-preview naming.,
1,2DRIVERSELECTTD_1349.ARC,DRIVERPAINT_22676_25041,driver_select,Paint Scheme Previews,Driver Select,Car-card preview,Driver paint preview · DRIVERPAINT_22676_25041,likely,True,indexed,256,256,256,256,DXT5,65536,65944,Mapped from known paint-preview naming.,
1,2DRIVERSELECTTD_1349.ARC,DRIVER_1121_3DNUM_25041,driver_select,Driver & Team Art,Driver Select,3D number graphic,Driver Select number · DRIVER_1121_3DNUM_25041,likely,True,indexed,512,256,512,256,DXT5,131072,131512,Mapped from DRIVER_*_3DNUM entries.,
1,2DRIVERSELECTTD_1349.ARC,DRIVER_22676_3DNUM_25041,driver_select,Driver & Team Art,Driver Select,3D number graphic,Driver Select number · DRIVER_22676_3DNUM_25041,likely,True,indexed,512,256,512,256,DXT5,131072,262616,Mapped from DRIVER_*_3DNUM entries.,
1,2DRIVERSELECTTD_1349.ARC,PAINTSCHEME_25444,paint_scheme_preview,Paint Scheme Previews,Paint Select / Paint Booth,Scheme thumbnail,Paint scheme preview · PAINTSCHEME_25444,likely,True,indexed,256,256,256,256,DXT5,65536,393720,Mapped from known paint-preview naming.,
1,2DRIVERSELECTTD_1349.ARC,PAINTSCHEME_25362,paint_scheme_preview,Paint Scheme Previews,Paint Select / Paint Booth,Scheme thumbnail,Paint scheme preview · PAINTSCHEME_25362,likely,True,indexed,256,256,256,256,DXT5,65536,459288,Mapped from known paint-preview naming.,
1,2DRIVERSELECTTD_1326.ARC,DRIVERPAINT_1083_25041,driver_select,Paint Scheme Previews,Driver Select,Car-card preview,Driver paint preview · DRIVERPAINT_1083_25041,likely,True,indexed,256,256,256,256,DXT5,65536,280,Mapped from known paint-preview naming.,
1,2DRIVERSELECTTD_1326.ARC,DRIVER_1083_3DNUM_25041,driver_select,Driver & Team Art,Driver Select,3D number graphic,Driver Select number · DRIVER_1083_3DNUM_25041,likely,True,indexed,512,256,512,256,DXT5,131072,65848,Mapped from DRIVER_*_3DNUM entries.,
1,2DRIVERSELECTTD_1326.ARC,PAINTSCHEME_25364,paint_scheme_preview,Paint Scheme Previews,Paint Select / Paint Booth,Scheme thumbnail,Paint scheme preview · PAINTSCHEME_25364,likely,True,indexed,256,256,256,256,DXT5,65536,196952,Mapped from known paint-preview naming.,
1,2DRIVERSELECTTD_8739.ARC,DRIVERPAINT_1400_25041,driver_select,Paint Scheme Previews,Driver Select,Car-card preview,Driver paint preview · DRIVERPAINT_1400_25041,likely,True,indexed,256,256,256,256,DXT5,65536,280,Mapped from known paint-preview naming.,
1,2DRIVERSELECTTD_8739.ARC,DRIVER_1400_3DNUM_25041,driver_select,Driver & Team Art,Driver Select,3D number graphic,Driver Select number · DRIVER_1400_3DNUM_25041,likely,True,indexed,512,256,512,256,DXT5,131072,65848,Mapped from DRIVER_*_3DNUM entries.,
1,2DRIVERSELECTTD_8739.ARC,PAINTSCHEME_25372,paint_scheme_preview,Paint Scheme Previews,Paint Select / Paint Booth,Scheme thumbnail,Paint scheme preview · PAINTSCHEME_25372,likely,True,indexed,256,256,256,256,DXT5,65536,196952,Mapped from known paint-preview naming.,
1,2DRIVERSELECTTD_1333.ARC,UU,driver_select,Paint Scheme Previews,Driver Select,Car-card preview,Driver paint preview · DRIVERPAINT_9663_25041,likely,True,indexed,256,256,256,256,DXT5,65536,568,Mapped from known paint-preview naming.,
1,2DRIVERSELECTTD_1333.ARC,UU__r3,driver_select,Paint Scheme Previews,Driver Select,Car-card preview,Driver paint preview · DRIVERPAINT_1123_25041,likely,True,indexed,256,256,256,256,DXT5,65536,66136,Mapped from known paint-preview naming.,
1,2DRIVERSELECTTD_1333.ARC,UU__r5,driver_select,Paint Scheme Previews,Driver Select,Car-card preview,Driver paint preview · DRIVERPAINT_1127_25041,likely,True,indexed,256,256,256,256,DXT5,65536,131704,Mapped from known paint-preview naming.,
1,2DRIVERSELECTTD_1333.ARC,UU__r7,driver_select,Paint Scheme Previews,Driver Select,Car-card preview,Driver paint preview · DRIVERPAINT_25375_25041,likely,True,indexed,256,256,256,256,DXT5,65536,197272,Mapped from known paint-preview naming.,
1,2DRIVERSELECTTD_1333.ARC,DRIVER_25375_3DNUM_25041,driver_select,Driver & Team Art,Driver Select,3D number graphic,Driver Select number · DRIVER_25375_3DNUM_25041,likely,True,indexed,512,256,512,256,DXT5,131072,262840,Mapped from DRIVER_*_3DNUM entries.,
1,2DRIVERSELECTTD_1333.ARC,DRIVER_1123_3DNUM_25041,driver_select,Driver & Team Art,Driver Select,3D number graphic,Driver Select number · DRIVER_1123_3DNUM_25041,likely,True,indexed,512,256,512,256,DXT5,131072,393944,Mapped from DRIVER_*_3DNUM entries.,
1,2DRIVERSELECTTD_1333.ARC,DRIVER_9663_3DNUM_25041,driver_select,Driver & Team Art,Driver Select,3D number graphic,Driver Select number · DRIVER_9663_3DNUM_25041,likely,True,indexed,512,256,512,256,DXT5,131072,525048,Mapped from DRIVER_*_3DNUM entries.,
1,2DRIVERSELECTTD_1333.ARC,DRIVER_1127_3DNUM_25041,driver_select,Driver & Team Art,Driver Select,3D number graphic,Driver Select number · DRIVER_1127_3DNUM_25041,likely,True,indexed,512,256,512,256,DXT5,131072,656152,Mapped from DRIVER_*_3DNUM entries.,
1,2DRIVERSELECTTD_1333.ARC,PAINTSCHEME_25357,paint_scheme_preview,Paint Scheme Previews,Paint Select / Paint Booth,Scheme thumbnail,Paint scheme preview · PAINTSCHEME_25357,likely,True,indexed,256,256,256,256,DXT5,65536,787256,Mapped from known paint-preview naming.,
1,2DRIVERSELECTTD_1333.ARC,PAINTSCHEME_25435,paint_scheme_preview,Paint Scheme Previews,Paint Select / Paint Booth,Scheme thumbnail,Paint scheme preview · PAINTSCHEME_25435,likely,True,indexed,256,256,256,256,DXT5,65536,852824,Mapped from known paint-preview naming.,
1,2DRIVERSELECTTD_1333.ARC,PAINTSCHEME_25360,paint_scheme_preview,Paint Scheme Previews,Paint Select / Paint Booth,Scheme thumbnail,Paint scheme preview · PAINTSCHEME_25360,likely,True,indexed,256,256,256,256,DXT5,65536,918392,Mapped from known paint-preview naming.,
1,2DRIVERSELECTTD_1333.ARC,PAINTSCHEME_25359,paint_scheme_preview,Paint Scheme Previews,Paint Select / Paint Booth,Scheme thumbnail,Paint scheme preview · PAINTSCHEME_25359,likely,True,indexed,256,256,256,256,DXT5,65536,983960,Mapped from known paint-preview naming.,
1,2TRACKSELECTMENUIMAGE.ARC,WORLD_ALL,track_select,Track & Event Art,Track Select,List thumbnail / background,Track thumbnail · WORLD_ALL,likely,True,indexed,256,256,256,256,DXT5,65536,1272,Mapped from a track-presentation container family.,
1,2TRACKSELECTMENUIMAGE.ARC,WORLD_1181,track_select,Track & Event Art,Track Select,List thumbnail / background,Track thumbnail · WORLD_1181,likely,True,indexed,256,256,256,256,DXT5,65536,66840,Mapped from a track-presentation container family.,
1,2TRACKSELECTMENUIMAGE.ARC,WORLD_1187,track_select,Track & Event Art,Track Select,List thumbnail / background,Track thumbnail · WORLD_1187,likely,True,indexed,256,256,256,256,DXT5,65536,132408,Mapped from a track-presentation container family.,
1,2TRACKSELECTMENUIMAGE.ARC,WORLD_1198,track_select,Track & Event Art,Track Select,List thumbnail / background,Track thumbnail · WORLD_1198,likely,True,indexed,256,256,256,256,DXT5,65536,197976,Mapped from a track-presentation container family.,
1,2TRACKSELECTMENUIMAGE.ARC,WORLD_1212,track_select,Track & Event Art,Track Select,List thumbnail / background,Track thumbnail · WORLD_1212,likely,True,indexed,256,256,256,256,DXT5,65536,263544,Mapped from a track-presentation container family.,
1,2TRACKSELECTMENUIMAGE.ARC,WORLD_1222,track_select,Track & Event Art,Track Select,List thumbnail / background,Track thumbnail · WORLD_1222,likely,True,indexed,256,256,256,256,DXT5,65536,329112,Mapped from a track-presentation container family.,
1,2TRACKSELECTMENUIMAGE.ARC,WORLD_1225,track_select,Track & Event Art,Track Select,List thumbnail / background,Track thumbnail · WORLD_1225,likely,True,indexed,256,256,256,256,DXT5,65536,394680,Mapped from a track-presentation container family.,
1,2TRACKSELECTMENUIMAGE.ARC,WORLD_1250,track_select,Track & Event Art,Track Select,List thumbnail / background,Track thumbnail · WORLD_1250,likely,True,indexed,256,256,256,256,DXT5,65536,460248,Mapped from a track-presentation container family.,
1,2TRACKSELECTMENUIMAGE.ARC,WORLD_1459,track_select,Track & Event Art,Track Select,List thumbnail / background,Track thumbnail · WORLD_1459,likely,True,indexed,256,256,256,256,DXT5,65536,525816,Mapped from a track-presentation container family.,
1,2TRACKSELECTMENUIMAGE.ARC,WORLD_1529,track_select,Track & Event Art,Track Select,List thumbnail / background,Track thumbnail · WORLD_1529,likely,True,indexed,256,256,256,256,DXT5,65536,591384,Mapped from a track-presentation container family.,
1,2TRACKSELECTMENUIMAGE.ARC,WORLD_1628,track_select,Track & Event Art,Track Select,List thumbnail / background,Track thumbnail · WORLD_1628,likely,True,indexed,256,256,256,256,DXT5,65536,656952,Mapped from a track-presentation container family.,
1,2TRACKSELECTMENUIMAGE.ARC,WORLD_1632,track_select,Track & Event Art,Track Select,List thumbnail / background,Track thumbnail · WORLD_1632,likely,True,indexed,256,256,256,256,DXT5,65536,722520,Mapped from a track-presentation container family.,
1,2TRACKSELECTMENUIMAGE.ARC,WORLD_1636,track_select,Track & Event Art,Track Select,List thumbnail / background,Track thumbnail · WORLD_1636,likely,True,indexed,256,256,256,256,DXT5,65536,788088,Mapped from a track-presentation container family.,
1,2TRACKSELECTMENUIMAGE.ARC,WORLD_1658,track_select,Track & Event Art,Track Select,List thumbnail / background,Track thumbnail · WORLD_1658,likely,True,indexed,256,256,256,256,DXT5,65536,853656,Mapped from a track-presentation container family.,
1,2TRACKSELECTMENUIMAGE.ARC,WORLD_1670,track_select,Track & Event Art,Track Select,List thumbnail / background,Track thumbnail · WORLD_1670,likely,True,indexed,256,256,256,256,DXT5,65536,919224,Mapped from a track-presentation container family.,
1,2TRACKSELECTMENUIMAGE.ARC,WORLD_1690,track_select,Track & Event Art,Track Select,List thumbnail / background,Track thumbnail · WORLD_1690,likely,True,indexed,256,256,256,256,DXT5,65536,984792,Mapped from a track-presentation container family.,
1,2TRACKSELECTMENUIMAGE.ARC,WORLD_1762,track_select,Track & Event Art,Track Select,List thumbnail / background,Track thumbnail · WORLD_1762,likely,True,indexed,256,256,256,256,DXT5,65536,1050360,Mapped from a track-presentation container family.,
1,2TRACKSELECTMENUIMAGE.ARC,WORLD_1859,track_select,Track & Event Art,Track Select,List thumbnail / background,Track thumbnail · WORLD_1859,likely,True,indexed,256,256,256,256,DXT5,65536,1115928,Mapped from a track-presentation container family.,
1,2TRACKSELECTMENUIMAGE.ARC,WORLD_2439,track_select,Track & Event Art,Track Select,List thumbnail / background,Track thumbnail · WORLD_2439,likely,True,indexed,256,256,256,256,DXT5,65536,1181496,Mapped from a track-presentation container family.,
1,2TRACKSELECTMENUIMAGE.ARC,WORLD_2523,track_select,Track & Event Art,Track Select,List thumbnail / background,Track thumbnail · WORLD_2523,likely,True,indexed,256,256,256,256,DXT5,65536,1247064,Mapped from a track-presentation container family.,
1,2TRACKSELECTMENUIMAGE.ARC,WORLD_2527,track_select,Track & Event Art,Track Select,List thumbnail / background,Track thumbnail · WORLD_2527,likely,True,indexed,256,256,256,256,DXT5,65536,1312632,Mapped from a track-presentation container family.,
1,2TRACKSELECTMENUIMAGE.ARC,WORLD_2631,track_select,Track & Event Art,Track Select,List thumbnail / background,Track thumbnail · WORLD_2631,likely,True,indexed,256,256,256,256,DXT5,65536,1378200,Mapped from a track-presentation container family.,
1,2TRACKSELECTMENUIMAGE.ARC,WORLD_2777,track_select,Track & Event Art,Track Select,List thumbnail / background,Track thumbnail · WORLD_2777,likely,True,indexed,256,256,256,256,DXT5,65536,1443768,Mapped from a track-presentation container family.,
1,2TRACKSELECTMENUIMAGE.ARC,WORLD_5349,track_select,Track & Event Art,Track Select,List thumbnail / background,Track thumbnail · WORLD_5349,likely,True,indexed,256,256,256,256,DXT5,65536,1509336,Mapped from a track-presentation container family.,
1,2TRACKSELECTMENUIMAGE.ARC,WORLD_5407,track_select,Track & Event Art,Track Select,List thumbnail / background,Track thumbnail · WORLD_5407,likely,True,indexed,256,256,256,256,DXT5,65536,1574904,Mapped from a track-presentation container family.,
1,2TRACKSELECTMENUIMAGE.ARC,WORLD_5415,track_select,Track & Event Art,Track Select,List thumbnail / background,Track thumbnail · WORLD_5415,likely,True,indexed,256,256,256,256,DXT5,65536,1640472,Mapped from a track-presentation container family.,
1,2TRACKSELECTMENUIMAGE.ARC,WORLD_5418,track_select,Track & Event Art,Track Select,List thumbnail / background,Track thumbnail · WORLD_5418,likely,True,indexed,256,256,256,256,DXT5,65536,1706040,Mapped from a track-presentation container family.,
1,2TRACKSELECTMENUIMAGE.ARC,WORLD_9726,track_select,Track & Event Art,Track Select,List thumbnail / background,Track thumbnail · WORLD_9726,likely,True,indexed,256,256,256,256,DXT5,65536,1771608,Mapped from a track-presentation container family.,
1,2TRACKSELECTMENUIMAGE.ARC,WORLD_11232,track_select,Track & Event Art,Track Select,List thumbnail / background,Track thumbnail · WORLD_11232,likely,True,indexed,256,256,256,256,DXT5,65536,1837176,Mapped from a track-presentation container family.,
1,2TRACKSELECTMENUIMAGE.ARC,WORLD_11242,track_select,Track & Event Art,Track Select,List thumbnail / background,Track thumbnail · WORLD_11242,likely,True,indexed,256,256,256,256,DXT5,65536,1902744,Mapped from a track-presentation container family.,
1,2TRACKSELECTMENUIMAGE.ARC,WORLD_12290,track_select,Track & Event Art,Track Select,List thumbnail / background,Track thumbnail · WORLD_12290,likely,True,indexed,256,256,256,256,DXT5,65536,1968312,Mapped from a track-presentation container family.,
1,2TRACKSELECTMENUIMAGE.ARC,WORLD_12748,track_select,Track & Event Art,Track Select,List thumbnail / background,Track thumbnail · WORLD_12748,likely,True,indexed,256,256,256,256,DXT5,65536,2033880,Mapped from a track-presentation container family.,
1,2TRACKSELECTMENUIMAGE.ARC,WORLD_22671,track_select,Track & Event Art,Track Select,List thumbnail / background,Track thumbnail · WORLD_22671,likely,True,indexed,256,256,256,256,DXT5,65536,2099448,Mapped from a track-presentation container family.,
1,2TRACKSELECTMENUIMAGE.ARC,IMGTrackSelectBG.tga,misc_ui,Menu Backgrounds & Panels,Menus,UI texture,UI art · IMGTrackSelectBG.tga,likely,True,indexed,1024,256,1024,256,DXT5,262144,2165016,Mapped from a known UI container family.,
1,CALENDAR_TRACK_IMAGES.ARC,CAL_WORLD_1181,track_select,Track & Event Art,Career / Single Season Calendar,Calendar track tile,Calendar track · CAL_WORLD_1181,likely,True,indexed,256,128,256,128,DXT5,32768,1240,Mapped from a track-presentation container family.,
1,CALENDAR_TRACK_IMAGES.ARC,CAL_WORLD_1187,track_select,Track & Event Art,Career / Single Season Calendar,Calendar track tile,Calendar track · CAL_WORLD_1187,likely,True,indexed,256,128,256,128,DXT5,32768,34040,Mapped from a track-presentation container family.,
1,CALENDAR_TRACK_IMAGES.ARC,CAL_WORLD_1198,track_select,Track & Event Art,Career / Single Season Calendar,Calendar track tile,Calendar track · CAL_WORLD_1198,likely,True,indexed,256,128,256,128,DXT5,32768,66840,Mapped from a track-presentation container family.,
1,CALENDAR_TRACK_IMAGES.ARC,CAL_WORLD_1212,track_select,Track & Event Art,Career / Single Season Calendar,Calendar track tile,Calendar track · CAL_WORLD_1212,likely,True,indexed,256,128,256,128,DXT5,32768,99640,Mapped from a track-presentation container family.,
1,CALENDAR_TRACK_IMAGES.ARC,CAL_WORLD_1222,track_select,Track & Event Art,Career / Single Season Calendar,Calendar track tile,Calendar track · CAL_WORLD_1222,likely,True,indexed,256,128,256,128,DXT5,32768,132440,Mapped from a track-presentation container family.,
1,CALENDAR_TRACK_IMAGES.ARC,CAL_WORLD_1225,track_select,Track & Event Art,Career / Single Season Calendar,Calendar track tile,Calendar track · CAL_WORLD_1225,likely,True,indexed,256,128,256,128,DXT5,32768,165240,Mapped from a track-presentation container family.,
1,CALENDAR_TRACK_IMAGES.ARC,CAL_WORLD_1250,track_select,Track & Event Art,Career / Single Season Calendar,Calendar track tile,Calendar track · CAL_WORLD_1250,likely,True,indexed,256,128,256,128,DXT5,32768,198040,Mapped from a track-presentation container family.,
1,CALENDAR_TRACK_IMAGES.ARC,CAL_WORLD_1459,track_select,Track & Event Art,Career / Single Season Calendar,Calendar track tile,Calendar track · CAL_WORLD_1459,likely,True,indexed,256,128,256,128,DXT5,32768,230840,Mapped from a track-presentation container family.,
1,CALENDAR_TRACK_IMAGES.ARC,CAL_WORLD_1529,track_select,Track & Event Art,Career / Single Season Calendar,Calendar track tile,Calendar track · CAL_WORLD_1529,likely,True,indexed,256,128,256,128,DXT5,32768,263640,Mapped from a track-presentation container family.,
1,CALENDAR_TRACK_IMAGES.ARC,CAL_WORLD_1628,track_select,Track & Event Art,Career / Single Season Calendar,Calendar track tile,Calendar track · CAL_WORLD_1628,likely,True,indexed,256,128,256,128,DXT5,32768,296440,Mapped from a track-presentation container family.,
1,CALENDAR_TRACK_IMAGES.ARC,CAL_WORLD_1632,track_select,Track & Event Art,Career / Single Season Calendar,Calendar track tile,Calendar track · CAL_WORLD_1632,likely,True,indexed,256,128,256,128,DXT5,32768,329240,Mapped from a track-presentation container family.,
1,CALENDAR_TRACK_IMAGES.ARC,CAL_WORLD_1636,track_select,Track & Event Art,Career / Single Season Calendar,Calendar track tile,Calendar track · CAL_WORLD_1636,likely,True,indexed,256,128,256,128,DXT5,32768,362040,Mapped from a track-presentation container family.,
1,CALENDAR_TRACK_IMAGES.ARC,CAL_WORLD_1658,track_select,Track & Event Art,Career / Single Season Calendar,Calendar track tile,Calendar track · CAL_WORLD_1658,likely,True,indexed,256,128,256,128,DXT5,32768,394840,Mapped from a track-presentation container family.,
1,CALENDAR_TRACK_IMAGES.ARC,CAL_WORLD_1670,track_select,Track & Event Art,Career / Single Season Calendar,Calendar track tile,Calendar track · CAL_WORLD_1670,likely,True,indexed,256,128,256,128,DXT5,32768,427640,Mapped from a track-presentation container family.,
1,CALENDAR_TRACK_IMAGES.ARC,CAL_WORLD_1690,track_select,Track & Event Art,Career / Single Season Calendar,Calendar track tile,Calendar track · CAL_WORLD_1690,likely,True,indexed,256,128,256,128,DXT5,32768,460440,Mapped from a track-presentation container family.,
1,CALENDAR_TRACK_IMAGES.ARC,CAL_WORLD_1762,track_select,Track & Event Art,Career / Single Season Calendar,Calendar track tile,Calendar track · CAL_WORLD_1762,likely,True,indexed,256,128,256,128,DXT5,32768,493240,Mapped from a track-presentation container family.,
1,CALENDAR_TRACK_IMAGES.ARC,CAL_WORLD_1859,track_select,Track & Event Art,Career / Single Season Calendar,Calendar track tile,Calendar track · CAL_WORLD_1859,likely,True,indexed,256,128,256,128,DXT5,32768,526040,Mapped from a track-presentation container family.,
1,CALENDAR_TRACK_IMAGES.ARC,CAL_WORLD_2439,track_select,Track & Event Art,Career / Single Season Calendar,Calendar track tile,Calendar track · CAL_WORLD_2439,likely,True,indexed,256,128,256,128,DXT5,32768,558840,Mapped from a track-presentation container family.,
1,CALENDAR_TRACK_IMAGES.ARC,CAL_WORLD_2523,track_select,Track & Event Art,Career / Single Season Calendar,Calendar track tile,Calendar track · CAL_WORLD_2523,likely,True,indexed,256,128,256,128,DXT5,32768,591640,Mapped from a track-presentation container family.,
1,CALENDAR_TRACK_IMAGES.ARC,CAL_WORLD_2527,track_select,Track & Event Art,Career / Single Season Calendar,Calendar track tile,Calendar track · CAL_WORLD_2527,likely,True,indexed,256,128,256,128,DXT5,32768,624440,Mapped from a track-presentation container family.,
1,CALENDAR_TRACK_IMAGES.ARC,CAL_WORLD_2631,track_select,Track & Event Art,Career / Single Season Calendar,Calendar track tile,Calendar track · CAL_WORLD_2631,likely,True,indexed,256,128,256,128,DXT5,32768,657240,Mapped from a track-presentation container family.,
1,CALENDAR_TRACK_IMAGES.ARC,CAL_WORLD_2777,track_select,Track & Event Art,Career / Single Season Calendar,Calendar track tile,Calendar track · CAL_WORLD_2777,likely,True,indexed,256,128,256,128,DXT5,32768,690040,Mapped from a track-presentation container family.,
1,CALENDAR_TRACK_IMAGES.ARC,CAL_WORLD_5349,track_select,Track & Event Art,Career / Single Season Calendar,Calendar track tile,Calendar track · CAL_WORLD_5349,likely,True,indexed,256,128,256,128,DXT5,32768,722840,Mapped from a track-presentation container family.,
1,CALENDAR_TRACK_IMAGES.ARC,CAL_WORLD_5407,track_select,Track & Event Art,Career / Single Season Calendar,Calendar track tile,Calendar track · CAL_WORLD_5407,likely,True,indexed,256,128,256,128,DXT5,32768,755640,Mapped from a track-presentation container family.,
1,CALENDAR_TRACK_IMAGES.ARC,CAL_WORLD_5415,track_select,Track & Event Art,Career / Single Season Calendar,Calendar track tile,Calendar track · CAL_WORLD_5415,likely,True,indexed,256,128,256,128,DXT5,32768,788440,Mapped from a track-presentation container family.,
1,CALENDAR_TRACK_IMAGES.ARC,CAL_WORLD_5418,track_select,Track & Event Art,Career / Single Season Calendar,Calendar track tile,Calendar track · CAL_WORLD_5418,likely,True,indexed,256,128,256,128,DXT5,32768,821240,Mapped from a track-presentation container family.,
1,CALENDAR_TRACK_IMAGES.ARC,CAL_WORLD_9726,track_select,Track & Event Art,Career / Single Season Calendar,Calendar track tile,Calendar track · CAL_WORLD_9726,likely,True,indexed,256,128,256,128,DXT5,32768,854040,Mapped from a track-presentation container family.,
1,CALENDAR_TRACK_IMAGES.ARC,CAL_WORLD_11232,track_select,Track & Event Art,Career / Single Season Calendar,Calendar track tile,Calendar track · CAL_WORLD_11232,likely,True,indexed,256,128,256,128,DXT5,32768,886840,Mapped from a track-presentation container family.,
1,CALENDAR_TRACK_IMAGES.ARC,CAL_WORLD_11242,track_select,Track & Event Art,Career / Single Season Calendar,Calendar track tile,Calendar track · CAL_WORLD_11242,likely,True,indexed,256,128,256,128,DXT5,32768,919640,Mapped from a track-presentation container family.,
1,CALENDAR_TRACK_IMAGES.ARC,CAL_WORLD_12290,track_select,Track & Event Art,Career / Single Season Calendar,Calendar track tile,Calendar track · CAL_WORLD_12290,likely,True,indexed,256,128,256,128,DXT5,32768,952440,Mapped from a track-presentation container family.,
1,CALENDAR_TRACK_IMAGES.ARC,CAL_WORLD_12748,track_select,Track & Event Art,Career / Single Season Calendar,Calendar track tile,Calendar track · CAL_WORLD_12748,likely,True,indexed,256,128,256,128,DXT5,32768,985240,Mapped from a track-presentation container family.,
1,CALENDAR_TRACK_IMAGES.ARC,CAL_WORLD_22671,track_select,Track & Event Art,Career / Single Season Calendar,Calendar track tile,Calendar track · CAL_WORLD_22671,likely,True,indexed,256,128,256,128,DXT5,32768,1018040,Mapped from a track-presentation container family.,
1,CALENDAR_TRACK_IMAGES.ARC,NEW_SEASON,track_select,Track & Event Art,Career / Single Season Calendar,Calendar track tile,Calendar track · NEW_SEASON,likely,True,indexed,256,128,256,128,DXT5,32768,1050840,Mapped from a track-presentation container family.,
1,RACE_SETTINGS_WORLD_1181.ARC,WORLD_LOGO_1181,track_select,Track & Event Art,Track Presentation,Track image,Track presentation · WORLD_LOGO_1181,likely,True,indexed,256,256,256,256,DXT5,65536,248,Mapped from a track-presentation container family.,
1,RACE_SETTINGS_WORLD_1181.ARC,WORLD_BG_1181,track_select,Track & Event Art,Track Presentation,Track image,Track presentation · WORLD_BG_1181,likely,True,indexed,512,512,512,512,DXT5,262144,65816,Mapped from a track-presentation container family.,
1,RACE_SETTINGS_WORLD_1187.ARC,WORLD_LOGO_1187,track_select,Track & Event Art,Track Presentation,Track image,Track presentation · WORLD_LOGO_1187,likely,True,indexed,256,256,256,256,DXT5,65536,248,Mapped from a track-presentation container family.,
1,RACE_SETTINGS_WORLD_1187.ARC,WORLD_BG_1187,track_select,Track & Event Art,Track Presentation,Track image,Track presentation · WORLD_BG_1187,likely,True,indexed,512,512,512,512,DXT5,262144,65816,Mapped from a track-presentation container family.,
1,RACE_SETTINGS_WORLD_1198.ARC,WORLD_LOGO_1198,track_select,Track & Event Art,Track Presentation,Track image,Track presentation · WORLD_LOGO_1198,likely,True,indexed,256,256,256,256,DXT5,65536,248,Mapped from a track-presentation container family.,
1,RACE_SETTINGS_WORLD_1198.ARC,WORLD_BG_1198,track_select,Track & Event Art,Track Presentation,Track image,Track presentation · WORLD_BG_1198,likely,True,indexed,512,512,512,512,DXT5,262144,65816,Mapped from a track-presentation container family.,
1,RACE_SETTINGS_WORLD_1212.ARC,WORLD_LOGO_1212,track_select,Track & Event Art,Track Presentation,Track image,Track presentation · WORLD_LOGO_1212,likely,True,indexed,256,256,256,256,DXT5,65536,248,Mapped from a track-presentation container family.,
1,RACE_SETTINGS_WORLD_1212.ARC,WORLD_BG_1212,track_select,Track & Event Art,Track Presentation,Track image,Track presentation · WORLD_BG_1212,likely,True,indexed,512,512,512,512,DXT5,262144,65816,Mapped from a track-presentation container family.,
1,RACE_SETTINGS_WORLD_1222.ARC,WORLD_LOGO_1222,track_select,Track & Event Art,Track Presentation,Track image,Track presentation · WORLD_LOGO_1222,likely,True,indexed,256,256,256,256,DXT5,65536,248,Mapped from a track-presentation container family.,
1,RACE_SETTINGS_WORLD_1222.ARC,WORLD_BG_1222,track_select,Track & Event Art,Track Presentation,Track image,Track presentation · WORLD_BG_1222,likely,True,indexed,512,512,512,512,DXT5,262144,65816,Mapped from a track-presentation container family.,
1,RACE_SETTINGS_WORLD_1225.ARC,WORLD_LOGO_1225,track_select,Track & Event Art,Track Presentation,Track image,Track presentation · WORLD_LOGO_1225,likely,True,indexed,256,256,256,256,DXT5,65536,248,Mapped from a track-presentation container family.,
1,RACE_SETTINGS_WORLD_1225.ARC,WORLD_BG_1225,track_select,Track & Event Art,Track Presentation,Track image,Track presentation · WORLD_BG_1225,likely,True,indexed,512,512,512,512,DXT5,262144,65816,Mapped from a track-presentation container family.,
1,RACE_SETTINGS_WORLD_1250.ARC,WORLD_LOGO_1250,track_select,Track & Event Art,Track Presentation,Track image,Track presentation · WORLD_LOGO_1250,likely,True,indexed,256,256,256,256,DXT5,65536,248,Mapped from a track-presentation container family.,
1,RACE_SETTINGS_WORLD_1250.ARC,WORLD_BG_1250,track_select,Track & Event Art,Track Presentation,Track image,Track presentation · WORLD_BG_1250,likely,True,indexed,512,512,512,512,DXT5,262144,65816,Mapped from a track-presentation container family.,
1,RACE_SETTINGS_WORLD_1459.ARC,WORLD_LOGO_1459,track_select,Track & Event Art,Track Presentation,Track image,Track presentation · WORLD_LOGO_1459,likely,True,indexed,256,256,256,256,DXT5,65536,248,Mapped from a track-presentation container family.,
1,RACE_SETTINGS_WORLD_1459.ARC,WORLD_BG_1459,track_select,Track & Event Art,Track Presentation,Track image,Track presentation · WORLD_BG_1459,likely,True,indexed,512,512,512,512,DXT5,262144,65816,Mapped from a track-presentation container family.,
1,RACE_SETTINGS_WORLD_1529.ARC,WORLD_LOGO_1529,track_select,Track & Event Art,Track Presentation,Track image,Track presentation · WORLD_LOGO_1529,likely,True,indexed,256,256,256,256,DXT5,65536,248,Mapped from a track-presentation container family.,
1,RACE_SETTINGS_WORLD_1529.ARC,WORLD_BG_1529,track_select,Track & Event Art,Track Presentation,Track image,Track presentation · WORLD_BG_1529,likely,True,indexed,512,512,512,512,DXT5,262144,65816,Mapped from a track-presentation container family.,
1,RACE_SETTINGS_WORLD_1628.ARC,WORLD_LOGO_1628,track_select,Track & Event Art,Track Presentation,Track image,Track presentation · WORLD_LOGO_1628,likely,True,indexed,256,256,256,256,DXT5,65536,248,Mapped from a track-presentation container family.,
1,RACE_SETTINGS_WORLD_1628.ARC,WORLD_BG_1628,track_select,Track & Event Art,Track Presentation,Track image,Track presentation · WORLD_BG_1628,likely,True,indexed,512,512,512,512,DXT5,262144,65816,Mapped from a track-presentation container family.,
1,RACE_SETTINGS_WORLD_1632.ARC,WORLD_LOGO_1632,track_select,Track & Event Art,Track Presentation,Track image,Track presentation · WORLD_LOGO_1632,likely,True,indexed,256,256,256,256,DXT5,65536,248,Mapped from a track-presentation container family.,
1,RACE_SETTINGS_WORLD_1632.ARC,WORLD_BG_1632,track_select,Track & Event Art,Track Presentation,Track image,Track presentation · WORLD_BG_1632,likely,True,indexed,512,512,512,512,DXT5,262144,65816,Mapped from a track-presentation container family.,
1,RACE_SETTINGS_WORLD_1636.ARC,WORLD_LOGO_1636,track_select,Track & Event Art,Track Presentation,Track image,Track presentation · WORLD_LOGO_1636,likely,True,indexed,256,256,256,256,DXT5,65536,248,Mapped from a track-presentation container family.,
1,RACE_SETTINGS_WORLD_1636.ARC,WORLD_BG_1636,track_select,Track & Event Art,Track Presentation,Track image,Track presentation · WORLD_BG_1636,likely,True,indexed,512,512,512,512,DXT5,262144,65816,Mapped from a track-presentation container family.,
1,RACE_SETTINGS_WORLD_1658.ARC,WORLD_LOGO_1658,track_select,Track & Event Art,Track Presentation,Track image,Track presentation · WORLD_LOGO_1658,likely,True,indexed,256,256,256,256,DXT5,65536,248,Mapped from a track-presentation container family.,
1,RACE_SETTINGS_WORLD_1658.ARC,WORLD_BG_1658,track_select,Track & Event Art,Track Presentation,Track image,Track presentation · WORLD_BG_1658,likely,True,indexed,512,512,512,512,DXT5,262144,65816,Mapped from a track-presentation container family.,
1,RACE_SETTINGS_WORLD_1670.ARC,WORLD_LOGO_1670,track_select,Track & Event Art,Track Presentation,Track image,Track presentation · WORLD_LOGO_1670,likely,True,indexed,256,256,256,256,DXT5,65536,248,Mapped from a track-presentation container family.,
1,RACE_SETTINGS_WORLD_1670.ARC,WORLD_BG_1670,track_select,Track & Event Art,Track Presentation,Track image,Track presentation · WORLD_BG_1670,likely,True,indexed,512,512,512,512,DXT5,262144,65816,Mapped from a track-presentation container family.,
1,RACE_SETTINGS_WORLD_1690.ARC,WORLD_LOGO_1690,track_select,Track & Event Art,Track Presentation,Track image,Track presentation · WORLD_LOGO_1690,likely,True,indexed,256,256,256,256,DXT5,65536,248,Mapped from a track-presentation container family.,
1,RACE_SETTINGS_WORLD_1690.ARC,WORLD_BG_1690,track_select,Track & Event Art,Track Presentation,Track image,Track presentation · WORLD_BG_1690,likely,True,indexed,512,512,512,512,DXT5,262144,65816,Mapped from a track-presentation container family.,
1,RACE_SETTINGS_WORLD_1762.ARC,WORLD_LOGO_1762,track_select,Track & Event Art,Track Presentation,Track image,Track presentation · WORLD_LOGO_1762,likely,True,indexed,256,256,256,256,DXT5,65536,248,Mapped from a track-presentation container family.,
1,RACE_SETTINGS_WORLD_1762.ARC,WORLD_BG_1762,track_select,Track & Event Art,Track Presentation,Track image,Track presentation · WORLD_BG_1762,likely,True,indexed,512,512,512,512,DXT5,262144,65816,Mapped from a track-presentation container family.,
1,RACE_SETTINGS_WORLD_1859.ARC,WORLD_LOGO_1859,track_select,Track & Event Art,Track Presentation,Track image,Track presentation · WORLD_LOGO_1859,likely,True,indexed,256,256,256,256,DXT5,65536,248,Mapped from a track-presentation container family.,
1,RACE_SETTINGS_WORLD_1859.ARC,WORLD_BG_1859,track_select,Track & Event Art,Track Presentation,Track image,Track presentation · WORLD_BG_1859,likely,True,indexed,512,512,512,512,DXT5,262144,65816,Mapped from a track-presentation container family.,
1,RACE_SETTINGS_WORLD_2439.ARC,WORLD_LOGO_2439,track_select,Track & Event Art,Track Presentation,Track image,Track presentation · WORLD_LOGO_2439,likely,True,indexed,256,256,256,256,DXT5,65536,248,Mapped from a track-presentation container family.,
1,RACE_SETTINGS_WORLD_2439.ARC,WORLD_BG_2439,track_select,Track & Event Art,Track Presentation,Track image,Track presentation · WORLD_BG_2439,likely,True,indexed,512,512,512,512,DXT5,262144,65816,Mapped from a track-presentation container family.,
1,RACE_SETTINGS_WORLD_2523.ARC,WORLD_LOGO_2523,track_select,Track & Event Art,Track Presentation,Track image,Track presentation · WORLD_LOGO_2523,likely,True,indexed,256,256,256,256,DXT5,65536,248,Mapped from a track-presentation container family.,
1,RACE_SETTINGS_WORLD_2523.ARC,WORLD_BG_2523,track_select,Track & Event Art,Track Presentation,Track image,Track presentation · WORLD_BG_2523,likely,True,indexed,512,512,512,512,DXT5,262144,65816,Mapped from a track-presentation container family.,
1,RACE_SETTINGS_WORLD_2527.ARC,WORLD_LOGO_2527,track_select,Track & Event Art,Track Presentation,Track image,Track presentation · WORLD_LOGO_2527,likely,True,indexed,256,256,256,256,DXT5,65536,248,Mapped from a track-presentation container family.,
1,RACE_SETTINGS_WORLD_2527.ARC,WORLD_BG_2527,track_select,Track & Event Art,Track Presentation,Track image,Track presentation · WORLD_BG_2527,likely,True,indexed,512,512,512,512,DXT5,262144,65816,Mapped from a track-presentation container family.,
1,RACE_SETTINGS_WORLD_2631.ARC,WORLD_LOGO_2631,track_select,Track & Event Art,Track Presentation,Track image,Track presentation · WORLD_LOGO_2631,likely,True,indexed,256,256,256,256,DXT5,65536,248,Mapped from a track-presentation container family.,
1,RACE_SETTINGS_WORLD_2631.ARC,WORLD_BG_2631,track_select,Track & Event Art,Track Presentation,Track image,Track presentation · WORLD_BG_2631,likely,True,indexed,512,512,512,512,DXT5,262144,65816,Mapped from a track-presentation container family.,
1,RACE_SETTINGS_WORLD_2777.ARC,WORLD_LOGO_2777,track_select,Track & Event Art,Track Presentation,Track image,Track presentation · WORLD_LOGO_2777,likely,True,indexed,256,256,256,256,DXT5,65536,248,Mapped from a track-presentation container family.,
1,RACE_SETTINGS_WORLD_2777.ARC,WORLD_BG_2777,track_select,Track & Event Art,Track Presentation,Track image,Track presentation · WORLD_BG_2777,likely,True,indexed,512,512,512,512,DXT5,262144,65816,Mapped from a track-presentation container family.,
1,RACE_SETTINGS_WORLD_5349.ARC,WORLD_LOGO_5349,track_select,Track & Event Art,Track Presentation,Track image,Track presentation · WORLD_LOGO_5349,likely,True,indexed,256,256,256,256,DXT5,65536,248,Mapped from a track-presentation container family.,
1,RACE_SETTINGS_WORLD_5349.ARC,WORLD_BG_5349,track_select,Track & Event Art,Track Presentation,Track image,Track presentation · WORLD_BG_5349,likely,True,indexed,512,512,512,512,DXT5,262144,65816,Mapped from a track-presentation container family.,
1,RACE_SETTINGS_WORLD_5407.ARC,WORLD_LOGO_5407,track_select,Track & Event Art,Track Presentation,Track image,Track presentation · WORLD_LOGO_5407,likely,True,indexed,256,256,256,256,DXT5,65536,248,Mapped from a track-presentation container family.,
1,RACE_SETTINGS_WORLD_5407.ARC,WORLD_BG_5407,track_select,Track & Event Art,Track Presentation,Track image,Track presentation · WORLD_BG_5407,likely,True,indexed,512,512,512,512,DXT5,262144,65816,Mapped from a track-presentation container family.,
1,RACE_SETTINGS_WORLD_5415.ARC,WORLD_LOGO_5415,track_select,Track & Event Art,Track Presentation,Track image,Track presentation · WORLD_LOGO_5415,likely,True,indexed,256,256,256,256,DXT5,65536,248,Mapped from a track-presentation container family.,
1,RACE_SETTINGS_WORLD_5415.ARC,WORLD_BG_5415,track_select,Track & Event Art,Track Presentation,Track image,Track presentation · WORLD_BG_5415,likely,True,indexed,512,512,512,512,DXT5,262144,65816,Mapped from a track-presentation container family.,
1,RACE_SETTINGS_WORLD_5418.ARC,WORLD_LOGO_5418,track_select,Track & Event Art,Track Presentation,Track image,Track presentation · WORLD_LOGO_5418,likely,True,indexed,256,256,256,256,DXT5,65536,248,Mapped from a track-presentation container family.,
1,RACE_SETTINGS_WORLD_5418.ARC,WORLD_BG_5418,track_select,Track & Event Art,Track Presentation,Track image,Track presentation · WORLD_BG_5418,likely,True,indexed,512,512,512,512,DXT5,262144,65816,Mapped from a track-presentation container family.,
1,RACE_SETTINGS_WORLD_9726.ARC,WORLD_LOGO_9726,track_select,Track & Event Art,Track Presentation,Track image,Track presentation · WORLD_LOGO_9726,likely,True,indexed,256,256,256,256,DXT5,65536,248,Mapped from a track-presentation container family.,
1,RACE_SETTINGS_WORLD_9726.ARC,WORLD_BG_9726,track_select,Track & Event Art,Track Presentation,Track image,Track presentation · WORLD_BG_9726,likely,True,indexed,512,512,512,512,DXT5,262144,65816,Mapped from a track-presentation container family.,
1,RACE_SETTINGS_WORLD_11232.ARC,WORLD_LOGO_11232,track_select,Track & Event Art,Track Presentation,Track image,Track presentation · WORLD_LOGO_11232,likely,True,indexed,256,256,256,256,DXT5,65536,248,Mapped from a track-presentation container family.,
1,RACE_SETTINGS_WORLD_11232.ARC,WORLD_BG_11232,track_select,Track & Event Art,Track Presentation,Track image,Track presentation · WORLD_BG_11232,likely,True,indexed,512,512,512,512,DXT5,262144,65816,Mapped from a track-presentation container family.,
1,RACE_SETTINGS_WORLD_11242.ARC,WORLD_LOGO_11242,track_select,Track & Event Art,Track Presentation,Track image,Track presentation · WORLD_LOGO_11242,likely,True,indexed,256,256,256,256,DXT5,65536,248,Mapped from a track-presentation container family.,
1,RACE_SETTINGS_WORLD_11242.ARC,WORLD_BG_11242,track_select,Track & Event Art,Track Presentation,Track image,Track presentation · WORLD_BG_11242,likely,True,indexed,512,512,512,512,DXT5,262144,65816,Mapped from a track-presentation container family.,
1,RACE_SETTINGS_WORLD_12290.ARC,WORLD_LOGO_12290,track_select,Track & Event Art,Track Presentation,Track image,Track presentation · WORLD_LOGO_12290,likely,True,indexed,256,256,256,256,DXT5,65536,248,Mapped from a track-presentation container family.,
1,RACE_SETTINGS_WORLD_12290.ARC,WORLD_BG_12290,track_select,Track & Event Art,Track Presentation,Track image,Track presentation · WORLD_BG_12290,likely,True,indexed,512,512,512,512,DXT5,262144,65816,Mapped from a track-presentation container family.,
1,RACE_SETTINGS_WORLD_12748.ARC,WORLD_LOGO_12748,track_select,Track & Event Art,Track Presentation,Track image,Track presentation · WORLD_LOGO_12748,likely,True,indexed,256,256,256,256,DXT5,65536,248,Mapped from a track-presentation container family.,
1,RACE_SETTINGS_WORLD_12748.ARC,WORLD_BG_12748,track_select,Track & Event Art,Track Presentation,Track image,Track presentation · WORLD_BG_12748,likely,True,indexed,512,512,512,512,DXT5,262144,65816,Mapped from a track-presentation container family.,
1,RACE_SETTINGS_WORLD_22671.ARC,WORLD_LOGO_22671,track_select,Track & Event Art,Track Presentation,Track image,Track presentation · WORLD_LOGO_22671,likely,True,indexed,256,256,256,256,DXT5,65536,248,Mapped from a track-presentation container family.,
1,RACE_SETTINGS_WORLD_22671.ARC,WORLD_BG_22671,track_select,Track & Event Art,Track Presentation,Track image,Track presentation · WORLD_BG_22671,likely,True,indexed,512,512,512,512,DXT5,262144,65816,Mapped from a track-presentation container family.,
1,3TRACKCARDIMAGE.ARC,WORLD_ALL,track_select,Track & Event Art,Track Select,Foreground card,Track card · WORLD_ALL,likely,True,indexed,512,256,512,256,DXT5,131072,1240,Mapped from a track-presentation container family.,
1,3TRACKCARDIMAGE.ARC,WORLD_1181,track_select,Track & Event Art,Track Select,Foreground card,Track card · WORLD_1181,likely,True,indexed,512,256,512,256,DXT1,65536,132344,Mapped from a track-presentation container family.,
1,3TRACKCARDIMAGE.ARC,WORLD_1187,track_select,Track & Event Art,Track Select,Foreground card,Track card · WORLD_1187,likely,True,indexed,512,256,512,256,DXT1,65536,197912,Mapped from a track-presentation container family.,
1,3TRACKCARDIMAGE.ARC,WORLD_1198,track_select,Track & Event Art,Track Select,Foreground card,Track card · WORLD_1198,likely,True,indexed,512,256,512,256,DXT1,65536,263480,Mapped from a track-presentation container family.,
1,3TRACKCARDIMAGE.ARC,WORLD_1212,track_select,Track & Event Art,Track Select,Foreground card,Track card · WORLD_1212,likely,True,indexed,512,256,512,256,DXT1,65536,329048,Mapped from a track-presentation container family.,
1,3TRACKCARDIMAGE.ARC,WORLD_1222,track_select,Track & Event Art,Track Select,Foreground card,Track card · WORLD_1222,likely,True,indexed,512,256,512,256,DXT1,65536,394616,Mapped from a track-presentation container family.,
1,3TRACKCARDIMAGE.ARC,WORLD_1225,track_select,Track & Event Art,Track Select,Foreground card,Track card · WORLD_1225,likely,True,indexed,512,256,512,256,DXT1,65536,460184,Mapped from a track-presentation container family.,
1,3TRACKCARDIMAGE.ARC,WORLD_1250,track_select,Track & Event Art,Track Select,Foreground card,Track card · WORLD_1250,likely,True,indexed,512,256,512,256,DXT1,65536,525752,Mapped from a track-presentation container family.,
1,3TRACKCARDIMAGE.ARC,WORLD_1459,track_select,Track & Event Art,Track Select,Foreground card,Track card · WORLD_1459,likely,True,indexed,512,256,512,256,DXT1,65536,591320,Mapped from a track-presentation container family.,
1,3TRACKCARDIMAGE.ARC,WORLD_1529,track_select,Track & Event Art,Track Select,Foreground card,Track card · WORLD_1529,likely,True,indexed,512,256,512,256,DXT1,65536,656888,Mapped from a track-presentation container family.,
1,3TRACKCARDIMAGE.ARC,WORLD_1628,track_select,Track & Event Art,Track Select,Foreground card,Track card · WORLD_1628,likely,True,indexed,512,256,512,256,DXT1,65536,722456,Mapped from a track-presentation container family.,
1,3TRACKCARDIMAGE.ARC,WORLD_1632,track_select,Track & Event Art,Track Select,Foreground card,Track card · WORLD_1632,likely,True,indexed,512,256,512,256,DXT1,65536,788024,Mapped from a track-presentation container family.,
1,3TRACKCARDIMAGE.ARC,WORLD_1636,track_select,Track & Event Art,Track Select,Foreground card,Track card · WORLD_1636,likely,True,indexed,512,256,512,256,DXT1,65536,853592,Mapped from a track-presentation container family.,
1,3TRACKCARDIMAGE.ARC,WORLD_1658,track_select,Track & Event Art,Track Select,Foreground card,Track card · WORLD_1658,likely,True,indexed,512,256,512,256,DXT1,65536,919160,Mapped from a track-presentation container family.,
1,3TRACKCARDIMAGE.ARC,WORLD_1670,track_select,Track & Event Art,Track Select,Foreground card,Track card · WORLD_1670,likely,True,indexed,512,256,512,256,DXT1,65536,984728,Mapped from a track-presentation container family.,
1,3TRACKCARDIMAGE.ARC,WORLD_1690,track_select,Track & Event Art,Track Select,Foreground card,Track card · WORLD_1690,likely,True,indexed,512,256,512,256,DXT1,65536,1050296,Mapped from a track-presentation container family.,
1,3TRACKCARDIMAGE.ARC,WORLD_1762,track_select,Track & Event Art,Track Select,Foreground card,Track card · WORLD_1762,likely,True,indexed,512,256,512,256,DXT1,65536,1115864,Mapped from a track-presentation container family.,
1,3TRACKCARDIMAGE.ARC,WORLD_1859,track_select,Track & Event Art,Track Select,Foreground card,Track card · WORLD_1859,likely,True,indexed,512,256,512,256,DXT1,65536,1181432,Mapped from a track-presentation container family.,
1,3TRACKCARDIMAGE.ARC,WORLD_2439,track_select,Track & Event Art,Track Select,Foreground card,Track card · WORLD_2439,likely,True,indexed,512,256,512,256,DXT1,65536,1247000,Mapped from a track-presentation container family.,
1,3TRACKCARDIMAGE.ARC,WORLD_2523,track_select,Track & Event Art,Track Select,Foreground card,Track card · WORLD_2523,likely,True,indexed,512,256,512,256,DXT1,65536,1312568,Mapped from a track-presentation container family.,
1,3TRACKCARDIMAGE.ARC,WORLD_2527,track_select,Track & Event Art,Track Select,Foreground card,Track card · WORLD_2527,likely,True,indexed,512,256,512,256,DXT1,65536,1378136,Mapped from a track-presentation container family.,
1,3TRACKCARDIMAGE.ARC,WORLD_2631,track_select,Track & Event Art,Track Select,Foreground card,Track card · WORLD_2631,likely,True,indexed,512,256,512,256,DXT1,65536,1443704,Mapped from a track-presentation container family.,
1,3TRACKCARDIMAGE.ARC,WORLD_2777,track_select,Track & Event Art,Track Select,Foreground card,Track card · WORLD_2777,likely,True,indexed,512,256,512,256,DXT1,65536,1509272,Mapped from a track-presentation container family.,
1,3TRACKCARDIMAGE.ARC,WORLD_5349,track_select,Track & Event Art,Track Select,Foreground card,Track card · WORLD_5349,likely,True,indexed,512,256,512,256,DXT1,65536,1574840,Mapped from a track-presentation container family.,
1,3TRACKCARDIMAGE.ARC,WORLD_5407,track_select,Track & Event Art,Track Select,Foreground card,Track card · WORLD_5407,likely,True,indexed,512,256,512,256,DXT1,65536,1640408,Mapped from a track-presentation container family.,
1,3TRACKCARDIMAGE.ARC,WORLD_5415,track_select,Track & Event Art,Track Select,Foreground card,Track card · WORLD_5415,likely,True,indexed,512,256,512,256,DXT1,65536,1705976,Mapped from a track-presentation container family.,
1,3TRACKCARDIMAGE.ARC,WORLD_5418,track_select,Track & Event Art,Track Select,Foreground card,Track card · WORLD_5418,likely,True,indexed,512,256,512,256,DXT1,65536,1771544,Mapped from a track-presentation container family.,
1,3TRACKCARDIMAGE.ARC,WORLD_9726,track_select,Track & Event Art,Track Select,Foreground card,Track card · WORLD_9726,likely,True,indexed,512,256,512,256,DXT1,65536,1837112,Mapped from a track-presentation container family.,
1,3TRACKCARDIMAGE.ARC,WORLD_11232,track_select,Track & Event Art,Track Select,Foreground card,Track card · WORLD_11232,likely,True,indexed,512,256,512,256,DXT1,65536,1902680,Mapped from a track-presentation container family.,
1,3TRACKCARDIMAGE.ARC,WORLD_11242,track_select,Track & Event Art,Track Select,Foreground card,Track card · WORLD_11242,likely,True,indexed,512,256,512,256,DXT1,65536,1968248,Mapped from a track-presentation container family.,
1,3TRACKCARDIMAGE.ARC,WORLD_12290,track_select,Track & Event Art,Track Select,Foreground card,Track card · WORLD_12290,likely,True,indexed,512,256,512,256,DXT1,65536,2033816,Mapped from a track-presentation container family.,
1,3TRACKCARDIMAGE.ARC,WORLD_12748,track_select,Track & Event Art,Track Select,Foreground card,Track card · WORLD_12748,likely,True,indexed,512,256,512,256,DXT1,65536,2099384,Mapped from a track-presentation container family.,
1,3TRACKCARDIMAGE.ARC,WORLD_22671,track_select,Track & Event Art,Track Select,Foreground card,Track card · WORLD_22671,likely,True,indexed,512,256,512,256,DXT1,65536,2164952,Mapped from a track-presentation container family.,
1,2LOBBYTRACKCARDIMAGE.ARC,WORLD_1181,track_select,Track & Event Art,Multiplayer Lobby,Track card,Lobby track card · WORLD_1181,likely,True,indexed,512,256,512,256,DXT5,131072,1208,Mapped from a track-presentation container family.,
1,2LOBBYTRACKCARDIMAGE.ARC,WORLD_1187,track_select,Track & Event Art,Multiplayer Lobby,Track card,Lobby track card · WORLD_1187,likely,True,indexed,512,256,512,256,DXT5,131072,132312,Mapped from a track-presentation container family.,
1,2LOBBYTRACKCARDIMAGE.ARC,WORLD_1198,track_select,Track & Event Art,Multiplayer Lobby,Track card,Lobby track card · WORLD_1198,likely,True,indexed,512,256,512,256,DXT5,131072,263416,Mapped from a track-presentation container family.,
1,2LOBBYTRACKCARDIMAGE.ARC,WORLD_1212,track_select,Track & Event Art,Multiplayer Lobby,Track card,Lobby track card · WORLD_1212,likely,True,indexed,512,256,512,256,DXT5,131072,394520,Mapped from a track-presentation container family.,
1,2LOBBYTRACKCARDIMAGE.ARC,WORLD_1222,track_select,Track & Event Art,Multiplayer Lobby,Track card,Lobby track card · WORLD_1222,likely,True,indexed,512,256,512,256,DXT5,131072,525624,Mapped from a track-presentation container family.,
1,2LOBBYTRACKCARDIMAGE.ARC,WORLD_1225,track_select,Track & Event Art,Multiplayer Lobby,Track card,Lobby track card · WORLD_1225,likely,True,indexed,512,256,512,256,DXT5,131072,656728,Mapped from a track-presentation container family.,
1,2LOBBYTRACKCARDIMAGE.ARC,WORLD_1250,track_select,Track & Event Art,Multiplayer Lobby,Track card,Lobby track card · WORLD_1250,likely,True,indexed,512,256,512,256,DXT5,131072,787832,Mapped from a track-presentation container family.,
1,2LOBBYTRACKCARDIMAGE.ARC,WORLD_1459,track_select,Track & Event Art,Multiplayer Lobby,Track card,Lobby track card · WORLD_1459,likely,True,indexed,512,256,512,256,DXT5,131072,918936,Mapped from a track-presentation container family.,
1,2LOBBYTRACKCARDIMAGE.ARC,WORLD_1529,track_select,Track & Event Art,Multiplayer Lobby,Track card,Lobby track card · WORLD_1529,likely,True,indexed,512,256,512,256,DXT5,131072,1050040,Mapped from a track-presentation container family.,
1,2LOBBYTRACKCARDIMAGE.ARC,WORLD_1628,track_select,Track & Event Art,Multiplayer Lobby,Track card,Lobby track card · WORLD_1628,likely,True,indexed,512,256,512,256,DXT5,131072,1181144,Mapped from a track-presentation container family.,
1,2LOBBYTRACKCARDIMAGE.ARC,WORLD_1632,track_select,Track & Event Art,Multiplayer Lobby,Track card,Lobby track card · WORLD_1632,likely,True,indexed,512,256,512,256,DXT5,131072,1312248,Mapped from a track-presentation container family.,
1,2LOBBYTRACKCARDIMAGE.ARC,WORLD_1636,track_select,Track & Event Art,Multiplayer Lobby,Track card,Lobby track card · WORLD_1636,likely,True,indexed,512,256,512,256,DXT5,131072,1443352,Mapped from a track-presentation container family.,
1,2LOBBYTRACKCARDIMAGE.ARC,WORLD_1658,track_select,Track & Event Art,Multiplayer Lobby,Track card,Lobby track card · WORLD_1658,likely,True,indexed,512,256,512,256,DXT5,131072,1574456,Mapped from a track-presentation container family.,
1,2LOBBYTRACKCARDIMAGE.ARC,WORLD_1670,track_select,Track & Event Art,Multiplayer Lobby,Track card,Lobby track card · WORLD_1670,likely,True,indexed,512,256,512,256,DXT5,131072,1705560,Mapped from a track-presentation container family.,
1,2LOBBYTRACKCARDIMAGE.ARC,WORLD_1690,track_select,Track & Event Art,Multiplayer Lobby,Track card,Lobby track card · WORLD_1690,likely,True,indexed,512,256,512,256,DXT5,131072,1836664,Mapped from a track-presentation container family.,
1,2LOBBYTRACKCARDIMAGE.ARC,WORLD_1762,track_select,Track & Event Art,Multiplayer Lobby,Track card,Lobby track card · WORLD_1762,likely,True,indexed,512,256,512,256,DXT5,131072,1967768,Mapped from a track-presentation container family.,
1,2LOBBYTRACKCARDIMAGE.ARC,WORLD_1859,track_select,Track & Event Art,Multiplayer Lobby,Track card,Lobby track card · WORLD_1859,likely,True,indexed,512,256,512,256,DXT5,131072,2098872,Mapped from a track-presentation container family.,
1,2LOBBYTRACKCARDIMAGE.ARC,WORLD_2439,track_select,Track & Event Art,Multiplayer Lobby,Track card,Lobby track card · WORLD_2439,likely,True,indexed,512,256,512,256,DXT5,131072,2229976,Mapped from a track-presentation container family.,
1,2LOBBYTRACKCARDIMAGE.ARC,WORLD_2523,track_select,Track & Event Art,Multiplayer Lobby,Track card,Lobby track card · WORLD_2523,likely,True,indexed,512,256,512,256,DXT5,131072,2361080,Mapped from a track-presentation container family.,
1,2LOBBYTRACKCARDIMAGE.ARC,WORLD_2527,track_select,Track & Event Art,Multiplayer Lobby,Track card,Lobby track card · WORLD_2527,likely,True,indexed,512,256,512,256,DXT5,131072,2492184,Mapped from a track-presentation container family.,
1,2LOBBYTRACKCARDIMAGE.ARC,WORLD_2631,track_select,Track & Event Art,Multiplayer Lobby,Track card,Lobby track card · WORLD_2631,likely,True,indexed,512,256,512,256,DXT5,131072,2623288,Mapped from a track-presentation container family.,
1,2LOBBYTRACKCARDIMAGE.ARC,WORLD_2777,track_select,Track & Event Art,Multiplayer Lobby,Track card,Lobby track card · WORLD_2777,likely,True,indexed,512,256,512,256,DXT5,131072,2754392,Mapped from a track-presentation container family.,
1,2LOBBYTRACKCARDIMAGE.ARC,WORLD_5349,track_select,Track & Event Art,Multiplayer Lobby,Track card,Lobby track card · WORLD_5349,likely,True,indexed,512,256,512,256,DXT5,131072,2885496,Mapped from a track-presentation container family.,
1,2LOBBYTRACKCARDIMAGE.ARC,WORLD_5407,track_select,Track & Event Art,Multiplayer Lobby,Track card,Lobby track card · WORLD_5407,likely,True,indexed,512,256,512,256,DXT5,131072,3016600,Mapped from a track-presentation container family.,
1,2LOBBYTRACKCARDIMAGE.ARC,WORLD_5415,track_select,Track & Event Art,Multiplayer Lobby,Track card,Lobby track card · WORLD_5415,likely,True,indexed,512,256,512,256,DXT5,131072,3147704,Mapped from a track-presentation container family.,
1,2LOBBYTRACKCARDIMAGE.ARC,WORLD_5418,track_select,Track & Event Art,Multiplayer Lobby,Track card,Lobby track card · WORLD_5418,likely,True,indexed,512,256,512,256,DXT5,131072,3278808,Mapped from a track-presentation container family.,
1,2LOBBYTRACKCARDIMAGE.ARC,WORLD_9726,track_select,Track & Event Art,Multiplayer Lobby,Track card,Lobby track card · WORLD_9726,likely,True,indexed,512,256,512,256,DXT5,131072,3409912,Mapped from a track-presentation container family.,
1,2LOBBYTRACKCARDIMAGE.ARC,WORLD_11232,track_select,Track & Event Art,Multiplayer Lobby,Track card,Lobby track card · WORLD_11232,likely,True,indexed,512,256,512,256,DXT5,131072,3541016,Mapped from a track-presentation container family.,
1,2LOBBYTRACKCARDIMAGE.ARC,WORLD_11242,track_select,Track & Event Art,Multiplayer Lobby,Track card,Lobby track card · WORLD_11242,likely,True,indexed,512,256,512,256,DXT5,131072,3672120,Mapped from a track-presentation container family.,
1,2LOBBYTRACKCARDIMAGE.ARC,WORLD_12290,track_select,Track & Event Art,Multiplayer Lobby,Track card,Lobby track card · WORLD_12290,likely,True,indexed,512,256,512,256,DXT5,131072,3803224,Mapped from a track-presentation container family.,
1,2LOBBYTRACKCARDIMAGE.ARC,WORLD_12748,track_select,Track & Event Art,Multiplayer Lobby,Track card,Lobby track card · WORLD_12748,likely,True,indexed,512,256,512,256,DXT5,131072,3934328,Mapped from a track-presentation container family.,
1,2LOBBYTRACKCARDIMAGE.ARC,WORLD_22671,track_select,Track & Event Art,Multiplayer Lobby,Track card,Lobby track card · WORLD_22671,likely,True,indexed,512,256,512,256,DXT5,131072,4065432,Mapped from a track-presentation container family.,
1,LOBBYTRACKCARDDETAILIMAGE.ARC,WORLD_1181,track_select,Track & Event Art,Multiplayer Lobby,Track detail,Lobby track detail · WORLD_1181,likely,True,indexed,512,512,512,512,DXT5,262144,1208,Mapped from a track-presentation container family.,
1,LOBBYTRACKCARDDETAILIMAGE.ARC,WORLD_1187,track_select,Track & Event Art,Multiplayer Lobby,Track detail,Lobby track detail · WORLD_1187,likely,True,indexed,512,512,512,512,DXT5,262144,263384,Mapped from a track-presentation container family.,
1,LOBBYTRACKCARDDETAILIMAGE.ARC,WORLD_1198,track_select,Track & Event Art,Multiplayer Lobby,Track detail,Lobby track detail · WORLD_1198,likely,True,indexed,512,512,512,512,DXT5,262144,525560,Mapped from a track-presentation container family.,
1,LOBBYTRACKCARDDETAILIMAGE.ARC,WORLD_1212,track_select,Track & Event Art,Multiplayer Lobby,Track detail,Lobby track detail · WORLD_1212,likely,True,indexed,512,512,512,512,DXT5,262144,787736,Mapped from a track-presentation container family.,
1,LOBBYTRACKCARDDETAILIMAGE.ARC,WORLD_1222,track_select,Track & Event Art,Multiplayer Lobby,Track detail,Lobby track detail · WORLD_1222,likely,True,indexed,512,512,512,512,DXT5,262144,1049912,Mapped from a track-presentation container family.,
1,LOBBYTRACKCARDDETAILIMAGE.ARC,WORLD_1225,track_select,Track & Event Art,Multiplayer Lobby,Track detail,Lobby track detail · WORLD_1225,likely,True,indexed,512,512,512,512,DXT5,262144,1312088,Mapped from a track-presentation container family.,
1,LOBBYTRACKCARDDETAILIMAGE.ARC,WORLD_1250,track_select,Track & Event Art,Multiplayer Lobby,Track detail,Lobby track detail · WORLD_1250,likely,True,indexed,512,512,512,512,DXT5,262144,1574264,Mapped from a track-presentation container family.,
1,LOBBYTRACKCARDDETAILIMAGE.ARC,WORLD_1459,track_select,Track & Event Art,Multiplayer Lobby,Track detail,Lobby track detail · WORLD_1459,likely,True,indexed,512,512,512,512,DXT5,262144,1836440,Mapped from a track-presentation container family.,
1,LOBBYTRACKCARDDETAILIMAGE.ARC,WORLD_1529,track_select,Track & Event Art,Multiplayer Lobby,Track detail,Lobby track detail · WORLD_1529,likely,True,indexed,512,512,512,512,DXT5,262144,2098616,Mapped from a track-presentation container family.,
1,LOBBYTRACKCARDDETAILIMAGE.ARC,WORLD_1628,track_select,Track & Event Art,Multiplayer Lobby,Track detail,Lobby track detail · WORLD_1628,likely,True,indexed,512,512,512,512,DXT5,262144,2360792,Mapped from a track-presentation container family.,
1,LOBBYTRACKCARDDETAILIMAGE.ARC,WORLD_1632,track_select,Track & Event Art,Multiplayer Lobby,Track detail,Lobby track detail · WORLD_1632,likely,True,indexed,512,512,512,512,DXT5,262144,2622968,Mapped from a track-presentation container family.,
1,LOBBYTRACKCARDDETAILIMAGE.ARC,WORLD_1636,track_select,Track & Event Art,Multiplayer Lobby,Track detail,Lobby track detail · WORLD_1636,likely,True,indexed,512,512,512,512,DXT5,262144,2885144,Mapped from a track-presentation container family.,
1,LOBBYTRACKCARDDETAILIMAGE.ARC,WORLD_1658,track_select,Track & Event Art,Multiplayer Lobby,Track detail,Lobby track detail · WORLD_1658,likely,True,indexed,512,512,512,512,DXT5,262144,3147320,Mapped from a track-presentation container family.,
1,LOBBYTRACKCARDDETAILIMAGE.ARC,WORLD_1670,track_select,Track & Event Art,Multiplayer Lobby,Track detail,Lobby track detail · WORLD_1670,likely,True,indexed,512,512,512,512,DXT5,262144,3409496,Mapped from a track-presentation container family.,
1,LOBBYTRACKCARDDETAILIMAGE.ARC,WORLD_1690,track_select,Track & Event Art,Multiplayer Lobby,Track detail,Lobby track detail · WORLD_1690,likely,True,indexed,512,512,512,512,DXT5,262144,3671672,Mapped from a track-presentation container family.,
1,LOBBYTRACKCARDDETAILIMAGE.ARC,WORLD_1762,track_select,Track & Event Art,Multiplayer Lobby,Track detail,Lobby track detail · WORLD_1762,likely,True,indexed,512,512,512,512,DXT5,262144,3933848,Mapped from a track-presentation container family.,
1,LOBBYTRACKCARDDETAILIMAGE.ARC,WORLD_1859,track_select,Track & Event Art,Multiplayer Lobby,Track detail,Lobby track detail · WORLD_1859,likely,True,indexed,512,512,512,512,DXT5,262144,4196024,Mapped from a track-presentation container family.,
1,LOBBYTRACKCARDDETAILIMAGE.ARC,WORLD_2439,track_select,Track & Event Art,Multiplayer Lobby,Track detail,Lobby track detail · WORLD_2439,likely,True,indexed,512,512,512,512,DXT5,262144,4458200,Mapped from a track-presentation container family.,
1,LOBBYTRACKCARDDETAILIMAGE.ARC,WORLD_2523,track_select,Track & Event Art,Multiplayer Lobby,Track detail,Lobby track detail · WORLD_2523,likely,True,indexed,512,512,512,512,DXT5,262144,4720376,Mapped from a track-presentation container family.,
1,LOBBYTRACKCARDDETAILIMAGE.ARC,WORLD_2527,track_select,Track & Event Art,Multiplayer Lobby,Track detail,Lobby track detail · WORLD_2527,likely,True,indexed,512,512,512,512,DXT5,262144,4982552,Mapped from a track-presentation container family.,
1,LOBBYTRACKCARDDETAILIMAGE.ARC,WORLD_2631,track_select,Track & Event Art,Multiplayer Lobby,Track detail,Lobby track detail · WORLD_2631,likely,True,indexed,512,512,512,512,DXT5,262144,5244728,Mapped from a track-presentation container family.,
1,LOBBYTRACKCARDDETAILIMAGE.ARC,WORLD_2777,track_select,Track & Event Art,Multiplayer Lobby,Track detail,Lobby track detail · WORLD_2777,likely,True,indexed,512,512,512,512,DXT5,262144,5506904,Mapped from a track-presentation container family.,
1,LOBBYTRACKCARDDETAILIMAGE.ARC,WORLD_5349,track_select,Track & Event Art,Multiplayer Lobby,Track detail,Lobby track detail · WORLD_5349,likely,True,indexed,512,512,512,512,DXT5,262144,5769080,Mapped from a track-presentation container family.,
1,LOBBYTRACKCARDDETAILIMAGE.ARC,WORLD_5407,track_select,Track & Event Art,Multiplayer Lobby,Track detail,Lobby track detail · WORLD_5407,likely,True,indexed,512,512,512,512,DXT5,262144,6031256,Mapped from a track-presentation container family.,
1,LOBBYTRACKCARDDETAILIMAGE.ARC,WORLD_5415,track_select,Track & Event Art,Multiplayer Lobby,Track detail,Lobby track detail · WORLD_5415,likely,True,indexed,512,512,512,512,DXT5,262144,6293432,Mapped from a track-presentation container family.,
1,LOBBYTRACKCARDDETAILIMAGE.ARC,WORLD_5418,track_select,Track & Event Art,Multiplayer Lobby,Track detail,Lobby track detail · WORLD_5418,likely,True,indexed,512,512,512,512,DXT5,262144,6555608,Mapped from a track-presentation container family.,
1,LOBBYTRACKCARDDETAILIMAGE.ARC,WORLD_9726,track_select,Track & Event Art,Multiplayer Lobby,Track detail,Lobby track detail · WORLD_9726,likely,True,indexed,512,512,512,512,DXT5,262144,6817784,Mapped from a track-presentation container family.,
1,LOBBYTRACKCARDDETAILIMAGE.ARC,WORLD_11232,track_select,Track & Event Art,Multiplayer Lobby,Track detail,Lobby track detail · WORLD_11232,likely,True,indexed,512,512,512,512,DXT5,262144,7079960,Mapped from a track-presentation container family.,
1,LOBBYTRACKCARDDETAILIMAGE.ARC,WORLD_11242,track_select,Track & Event Art,Multiplayer Lobby,Track detail,Lobby track detail · WORLD_11242,likely,True,indexed,512,512,512,512,DXT5,262144,7342136,Mapped from a track-presentation container family.,
1,LOBBYTRACKCARDDETAILIMAGE.ARC,WORLD_12290,track_select,Track & Event Art,Multiplayer Lobby,Track detail,Lobby track detail · WORLD_12290,likely,True,indexed,512,512,512,512,DXT5,262144,7604312,Mapped from a track-presentation container family.,
1,LOBBYTRACKCARDDETAILIMAGE.ARC,WORLD_12748,track_select,Track & Event Art,Multiplayer Lobby,Track detail,Lobby track detail · WORLD_12748,likely,True,indexed,512,512,512,512,DXT5,262144,7866488,Mapped from a track-presentation container family.,
1,LOBBYTRACKCARDDETAILIMAGE.ARC,WORLD_22671,track_select,Track & Event Art,Multiplayer Lobby,Track detail,Lobby track detail · WORLD_22671,likely,True,indexed,512,512,512,512,DXT5,262144,8128664,Mapped from a track-presentation container family.,
1,2DRIVERDETAILSIMAGE.ARC,imgpatterngray.tga,unknown_visual,Driver & Team Art,Driver Details,Background / pattern art,Driver details art · imgpatterngray.tga,likely,False,unresolved,6,4,6,4,FMT_0x19,1024,248,Presentation art inside the driver-details interface.,Unsupported resource format FMT_0x19; raw export only
1,2DRIVERDETAILSIMAGE.ARC,imgartwork.tga,unknown_visual,Driver & Team Art,Driver Details,Background / pattern art,Driver details art · imgartwork.tga,likely,True,indexed,512,128,512,128,DXT5,65536,1304,Presentation art inside the driver-details interface.,
1,2DRIVERDETAILPOPUPIMAGE.ARC,imgcarnumber64.tga,driver_number_cards,Driver & Team Art,Driver Details Popup,Car-number image,Driver detail number · imgcarnumber64.tga,likely,False,unresolved,32,16,32,16,FMT_0x19,4096,4344,Mapped from the known driver-number container family.,Unsupported resource format FMT_0x19; raw export only
1,2DRIVERDETAILPOPUPIMAGE.ARC,imgcarnumber61.tga,driver_number_cards,Driver & Team Art,Driver Details Popup,Car-number image,Driver detail number · imgcarnumber61.tga,likely,False,unresolved,32,16,32,16,FMT_0x19,4096,8472,Mapped from the known driver-number container family.,Unsupported resource format FMT_0x19; raw export only
1,2DRIVERDETAILPOPUPIMAGE.ARC,imgcarnumber30.tga,driver_number_cards,Driver & Team Art,Driver Details Popup,Car-number image,Driver detail number · imgcarnumber30.tga,likely,False,unresolved,32,16,32,16,FMT_0x19,4096,12600,Mapped from the known driver-number container family.,Unsupported resource format FMT_0x19; raw export only
1,2DRIVERDETAILPOPUPIMAGE.ARC,l_imgcarnumber98.tga,driver_number_cards,Driver & Team Art,Driver Details Popup,Car-number image,Driver detail number · l_imgcarnumber98.tga,likely,True,indexed,64,64,64,64,DXT1,4096,16728,Mapped from the known driver-number container family.,
1,2DRIVERDETAILPOPUPIMAGE.ARC,l_imgcarnumber92.tga,driver_number_cards,Driver & Team Art,Driver Details Popup,Car-number image,Driver detail number · l_imgcarnumber92.tga,likely,True,indexed,64,64,64,64,DXT1,4096,20856,Mapped from the known driver-number container family.,
1,2DRIVERDETAILPOPUPIMAGE.ARC,imgcarnumber72.tga,driver_number_cards,Driver & Team Art,Driver Details Popup,Car-number image,Driver detail number · imgcarnumber72.tga,likely,False,unresolved,32,16,32,16,FMT_0x19,4096,24984,Mapped from the known driver-number container family.,Unsupported resource format FMT_0x19; raw export only
1,2DRIVERDETAILPOPUPIMAGE.ARC,imgcarnumber59.tga,driver_number_cards,Driver & Team Art,Driver Details Popup,Car-number image,Driver detail number · imgcarnumber59.tga,likely,False,unresolved,32,16,32,16,FMT_0x19,4096,29112,Mapped from the known driver-number container family.,Unsupported resource format FMT_0x19; raw export only
1,2DRIVERDETAILPOPUPIMAGE.ARC,l_imgcarnumber69.tga,driver_number_cards,Driver & Team Art,Driver Details Popup,Car-number image,Driver detail number · l_imgcarnumber69.tga,likely,True,indexed,64,64,64,64,DXT1,4096,33240,Mapped from the known driver-number container family.,
1,2DRIVERDETAILPOPUPIMAGE.ARC,imgcarnumber40.tga,driver_number_cards,Driver & Team Art,Driver Details Popup,Car-number image,Driver detail number · imgcarnumber40.tga,likely,False,unresolved,32,16,32,16,FMT_0x15,4096,37368,Mapped from the known driver-number container family.,Unsupported resource format FMT_0x15; raw export only
1,2DRIVERDETAILPOPUPIMAGE.ARC,l_imgcarnumber12.tga,driver_number_cards,Driver & Team Art,Driver Details Popup,Car-number image,Driver detail number · l_imgcarnumber12.tga,likely,True,indexed,64,64,64,64,DXT5,8192,41496,Mapped from the known driver-number container family.,
1,2DRIVERDETAILPOPUPIMAGE.ARC,l_imgcarnumber72.tga,driver_number_cards,Driver & Team Art,Driver Details Popup,Car-number image,Driver detail number · l_imgcarnumber72.tga,likely,True,indexed,64,64,64,64,DXT1,4096,49720,Mapped from the known driver-number container family.,
1,2DRIVERDETAILPOPUPIMAGE.ARC,l_imgcarnumber25.tga,driver_number_cards,Driver & Team Art,Driver Details Popup,Car-number image,Driver detail number · l_imgcarnumber25.tga,likely,True,indexed,64,64,64,64,DXT1,4096,53848,Mapped from the known driver-number container family.,
1,2DRIVERDETAILPOPUPIMAGE.ARC,imgcarnumber65.tga,driver_number_cards,Driver & Team Art,Driver Details Popup,Car-number image,Driver detail number · imgcarnumber65.tga,likely,False,unresolved,32,16,32,16,FMT_0x19,4096,57976,Mapped from the known driver-number container family.,Unsupported resource format FMT_0x19; raw export only
1,2DRIVERDETAILPOPUPIMAGE.ARC,l_imgcarnumber51.tga,driver_number_cards,Driver & Team Art,Driver Details Popup,Car-number image,Driver detail number · l_imgcarnumber51.tga,likely,True,indexed,64,64,64,64,DXT1,4096,62104,Mapped from the known driver-number container family.,
1,2DRIVERDETAILPOPUPIMAGE.ARC,imgcarnumber75.tga,driver_number_cards,Driver & Team Art,Driver Details Popup,Car-number image,Driver detail number · imgcarnumber75.tga,likely,False,unresolved,32,16,32,16,FMT_0x19,4096,66232,Mapped from the known driver-number container family.,Unsupported resource format FMT_0x19; raw export only
1,2DRIVERDETAILPOPUPIMAGE.ARC,imgcarnumber52.tga,driver_number_cards,Driver & Team Art,Driver Details Popup,Car-number image,Driver detail number · imgcarnumber52.tga,likely,False,unresolved,32,16,32,16,FMT_0x19,4096,70360,Mapped from the known driver-number container family.,Unsupported resource format FMT_0x19; raw export only
1,2DRIVERDETAILPOPUPIMAGE.ARC,l_imgcarnumber50.tga,driver_number_cards,Driver & Team Art,Driver Details Popup,Car-number image,Driver detail number · l_imgcarnumber50.tga,likely,True,indexed,64,64,64,64,DXT1,4096,74488,Mapped from the known driver-number container family.,
1,2DRIVERDETAILPOPUPIMAGE.ARC,imgcarnumber76.tga,driver_number_cards,Driver & Team Art,Driver Details Popup,Car-number image,Driver detail number · imgcarnumber76.tga,likely,False,unresolved,32,16,32,16,FMT_0x19,4096,78616,Mapped from the known driver-number container family.,Unsupported resource format FMT_0x19; raw export only
1,2DRIVERDETAILPOPUPIMAGE.ARC,l_imgcarnumber58.tga,driver_number_cards,Driver & Team Art,Driver Details Popup,Car-number image,Driver detail number · l_imgcarnumber58.tga,likely,True,indexed,64,64,64,64,DXT1,4096,82744,Mapped from the known driver-number container family.,
1,2DRIVERDETAILPOPUPIMAGE.ARC,imgcarnumber.tga,driver_number_cards,Driver & Team Art,Driver Details Popup,Car-number image,Driver detail number · imgcarnumber.tga,likely,True,indexed,64,64,64,64,DXT5,8192,86872,Mapped from the known driver-number container family.,
1,2DRIVERDETAILPOPUPIMAGE.ARC,imgcarnumber97.tga,driver_number_cards,Driver & Team Art,Driver Details Popup,Car-number image,Driver detail number · imgcarnumber97.tga,likely,False,unresolved,32,16,32,16,FMT_0x19,4096,95096,Mapped from the known driver-number container family.,Unsupported resource format FMT_0x19; raw export only
1,2DRIVERDETAILPOPUPIMAGE.ARC,imgcarnumber70.tga,driver_number_cards,Driver & Team Art,Driver Details Popup,Car-number image,Driver detail number · imgcarnumber70.tga,likely,False,unresolved,32,16,32,16,FMT_0x19,4096,99224,Mapped from the known driver-number container family.,Unsupported resource format FMT_0x19; raw export only
1,2DRIVERDETAILPOPUPIMAGE.ARC,l_imgcarnumber96.tga,driver_number_cards,Driver & Team Art,Driver Details Popup,Car-number image,Driver detail number · l_imgcarnumber96.tga,likely,True,indexed,64,64,64,64,DXT1,4096,103352,Mapped from the known driver-number container family.,
1,2DRIVERDETAILPOPUPIMAGE.ARC,l_imgcarnumber65.tga,driver_number_cards,Driver & Team Art,Driver Details Popup,Car-number image,Driver detail number · l_imgcarnumber65.tga,likely,True,indexed,64,64,64,64,DXT1,4096,107480,Mapped from the known driver-number container family.,
1,2DRIVERDETAILPOPUPIMAGE.ARC,l_imgcarnumber70.tga,driver_number_cards,Driver & Team Art,Driver Details Popup,Car-number image,Driver detail number · l_imgcarnumber70.tga,likely,True,indexed,64,64,64,64,DXT1,4096,111608,Mapped from the known driver-number container family.,
1,2DRIVERDETAILPOPUPIMAGE.ARC,imgcarnumber32.tga,driver_number_cards,Driver & Team Art,Driver Details Popup,Car-number image,Driver detail number · imgcarnumber32.tga,likely,False,unresolved,32,16,32,16,FMT_0x19,4096,115736,Mapped from the known driver-number container family.,Unsupported resource format FMT_0x19; raw export only
1,2DRIVERDETAILPOPUPIMAGE.ARC,l_imgcarnumber82.tga,driver_number_cards,Driver & Team Art,Driver Details Popup,Car-number image,Driver detail number · l_imgcarnumber82.tga,likely,True,indexed,64,64,64,64,DXT1,4096,119864,Mapped from the known driver-number container family.,
1,2DRIVERDETAILPOPUPIMAGE.ARC,imgcarnumber28.tga,driver_number_cards,Driver & Team Art,Driver Details Popup,Car-number image,Driver detail number · imgcarnumber28.tga,likely,False,unresolved,32,16,32,16,FMT_0x19,4096,123992,Mapped from the known driver-number container family.,Unsupported resource format FMT_0x19; raw export only
1,2DRIVERDETAILPOPUPIMAGE.ARC,imgcarnumber79.tga,driver_number_cards,Driver & Team Art,Driver Details Popup,Car-number image,Driver detail number · imgcarnumber79.tga,likely,False,unresolved,32,16,32,16,FMT_0x19,4096,128120,Mapped from the known driver-number container family.,Unsupported resource format FMT_0x19; raw export only
1,2DRIVERDETAILPOPUPIMAGE.ARC,l_imgcarnumber84.tga,driver_number_cards,Driver & Team Art,Driver Details Popup,Car-number image,Driver detail number · l_imgcarnumber84.tga,likely,True,indexed,64,64,64,64,DXT1,4096,132248,Mapped from the known driver-number container family.,
1,2DRIVERDETAILPOPUPIMAGE.ARC,imgcarnumber81.tga,driver_number_cards,Driver & Team Art,Driver Details Popup,Car-number image,Driver detail number · imgcarnumber81.tga,likely,False,unresolved,32,16,32,16,FMT_0x19,4096,136376,Mapped from the known driver-number container family.,Unsupported resource format FMT_0x19; raw export only
1,2DRIVERDETAILPOPUPIMAGE.ARC,imgcarnumber23.tga,driver_number_cards,Driver & Team Art,Driver Details Popup,Car-number image,Driver detail number · imgcarnumber23.tga,likely,False,unresolved,32,16,32,16,FMT_0x19,4096,140504,Mapped from the known driver-number container family.,Unsupported resource format FMT_0x19; raw export only
1,2DRIVERDETAILPOPUPIMAGE.ARC,l_imgcarnumber60.tga,driver_number_cards,Driver & Team Art,Driver Details Popup,Car-number image,Driver detail number · l_imgcarnumber60.tga,likely,True,indexed,64,64,64,64,DXT1,4096,144632,Mapped from the known driver-number container family.,
1,2DRIVERDETAILPOPUPIMAGE.ARC,imgcarnumber60.tga,driver_number_cards,Driver & Team Art,Driver Details Popup,Car-number image,Driver detail number · imgcarnumber60.tga,likely,False,unresolved,32,16,32,16,FMT_0x19,4096,148760,Mapped from the known driver-number container family.,Unsupported resource format FMT_0x19; raw export only
1,2DRIVERDETAILPOPUPIMAGE.ARC,imgcarnumber66.tga,driver_number_cards,Driver & Team Art,Driver Details Popup,Car-number image,Driver detail number · imgcarnumber66.tga,likely,False,unresolved,32,16,32,16,FMT_0x19,4096,152888,Mapped from the known driver-number container family.,Unsupported resource format FMT_0x19; raw export only
1,2DRIVERDETAILPOPUPIMAGE.ARC,imgpatterngray.tga,unknown_visual,Driver & Team Art,Driver Details,Background / pattern art,Driver details art · imgpatterngray.tga,likely,False,unresolved,6,4,6,4,FMT_0x19,1024,157016,Presentation art inside the driver-details interface.,Unsupported resource format FMT_0x19; raw export only
1,2DRIVERDETAILPOPUPIMAGE.ARC,imgcarnumber44.tga,driver_number_cards,Driver & Team Art,Driver Details Popup,Car-number image,Driver detail number · imgcarnumber44.tga,likely,False,unresolved,32,16,32,16,FMT_0x19,4096,158072,Mapped from the known driver-number container family.,Unsupported resource format FMT_0x19; raw export only
1,2DRIVERDETAILPOPUPIMAGE.ARC,l_imgcarnumber61.tga,driver_number_cards,Driver & Team Art,Driver Details Popup,Car-number image,Driver detail number · l_imgcarnumber61.tga,likely,True,indexed,64,64,64,64,DXT1,4096,162200,Mapped from the known driver-number container family.,
1,2DRIVERDETAILPOPUPIMAGE.ARC,imgcarnumber98.tga,driver_number_cards,Driver & Team Art,Driver Details Popup,Car-number image,Driver detail number · imgcarnumber98.tga,likely,False,unresolved,32,16,32,16,FMT_0x19,4096,166328,Mapped from the known driver-number container family.,Unsupported resource format FMT_0x19; raw export only
1,2DRIVERDETAILPOPUPIMAGE.ARC,imgcarnumber56.tga,driver_number_cards,Driver & Team Art,Driver Details Popup,Car-number image,Driver detail number · imgcarnumber56.tga,likely,False,unresolved,32,16,32,16,FMT_0x19,4096,170456,Mapped from the known driver-number container family.,Unsupported resource format FMT_0x19; raw export only
1,2DRIVERDETAILPOPUPIMAGE.ARC,l_imgcarnumber90.tga,driver_number_cards,Driver & Team Art,Driver Details Popup,Car-number image,Driver detail number · l_imgcarnumber90.tga,likely,True,indexed,64,64,64,64,DXT1,4096,174584,Mapped from the known driver-number container family.,
1,2DRIVERDETAILPOPUPIMAGE.ARC,imgcarnumber73.tga,driver_number_cards,Driver & Team Art,Driver Details Popup,Car-number image,Driver detail number · imgcarnumber73.tga,likely,False,unresolved,32,16,32,16,FMT_0x19,4096,178712,Mapped from the known driver-number container family.,Unsupported resource format FMT_0x19; raw export only
1,2DRIVERDETAILPOPUPIMAGE.ARC,imgcarnumber08.tga,driver_number_cards,Driver & Team Art,Driver Details Popup,Car-number image,Driver detail number · imgcarnumber08.tga,likely,False,unresolved,32,16,32,16,FMT_0x19,4096,182840,Mapped from the known driver-number container family.,Unsupported resource format FMT_0x19; raw export only
1,2DRIVERDETAILPOPUPIMAGE.ARC,imgcarnumber68.tga,driver_number_cards,Driver & Team Art,Driver Details Popup,Car-number image,Driver detail number · imgcarnumber68.tga,likely,False,unresolved,32,16,32,16,FMT_0x19,4096,186968,Mapped from the known driver-number container family.,Unsupported resource format FMT_0x19; raw export only
1,2DRIVERDETAILPOPUPIMAGE.ARC,imgcarnumber25.tga,driver_number_cards,Driver & Team Art,Driver Details Popup,Car-number image,Driver detail number · imgcarnumber25.tga,likely,False,unresolved,32,16,32,16,FMT_0x19,4096,191096,Mapped from the known driver-number container family.,Unsupported resource format FMT_0x19; raw export only
1,2DRIVERDETAILPOPUPIMAGE.ARC,l_imgcarnumber80.tga,driver_number_cards,Driver & Team Art,Driver Details Popup,Car-number image,Driver detail number · l_imgcarnumber80.tga,likely,True,indexed,64,64,64,64,DXT1,4096,195224,Mapped from the known driver-number container family.,
1,2DRIVERDETAILPOPUPIMAGE.ARC,l_imgcarnumber81.tga,driver_number_cards,Driver & Team Art,Driver Details Popup,Car-number image,Driver detail number · l_imgcarnumber81.tga,likely,True,indexed,64,64,64,64,DXT1,4096,199352,Mapped from the known driver-number container family.,
1,2DRIVERDETAILPOPUPIMAGE.ARC,l_imgcarnumber76.tga,driver_number_cards,Driver & Team Art,Driver Details Popup,Car-number image,Driver detail number · l_imgcarnumber76.tga,likely,True,indexed,64,64,64,64,DXT1,4096,203480,Mapped from the known driver-number container family.,
1,2DRIVERDETAILPOPUPIMAGE.ARC,imgcarnumber04.tga,driver_number_cards,Driver & Team Art,Driver Details Popup,Car-number image,Driver detail number · imgcarnumber04.tga,likely,False,unresolved,32,16,32,16,FMT_0x15,4096,207608,Mapped from the known driver-number container family.,Unsupported resource format FMT_0x15; raw export only
1,2DRIVERDETAILPOPUPIMAGE.ARC,l_imgcarnumber59.tga,driver_number_cards,Driver & Team Art,Driver Details Popup,Car-number image,Driver detail number · l_imgcarnumber59.tga,likely,True,indexed,64,64,64,64,DXT1,4096,211736,Mapped from the known driver-number container family.,
1,2DRIVERDETAILPOPUPIMAGE.ARC,imgcarnumber67.tga,driver_number_cards,Driver & Team Art,Driver Details Popup,Car-number image,Driver detail number · imgcarnumber67.tga,likely,False,unresolved,32,16,32,16,FMT_0x19,4096,215864,Mapped from the known driver-number container family.,Unsupported resource format FMT_0x19; raw export only
1,2DRIVERDETAILPOPUPIMAGE.ARC,imgcarnumber62.tga,driver_number_cards,Driver & Team Art,Driver Details Popup,Car-number image,Driver detail number · imgcarnumber62.tga,likely,False,unresolved,32,16,32,16,FMT_0x19,4096,219992,Mapped from the known driver-number container family.,Unsupported resource format FMT_0x19; raw export only
1,2DRIVERDETAILPOPUPIMAGE.ARC,l_imgcarnumber89.tga,driver_number_cards,Driver & Team Art,Driver Details Popup,Car-number image,Driver detail number · l_imgcarnumber89.tga,likely,True,indexed,64,64,64,64,DXT1,4096,224120,Mapped from the known driver-number container family.,
1,2DRIVERDETAILPOPUPIMAGE.ARC,imgcarnumber86.tga,driver_number_cards,Driver & Team Art,Driver Details Popup,Car-number image,Driver detail number · imgcarnumber86.tga,likely,False,unresolved,32,16,32,16,FMT_0x19,4096,228248,Mapped from the known driver-number container family.,Unsupported resource format FMT_0x19; raw export only
1,2DRIVERDETAILPOPUPIMAGE.ARC,imgcarnumber50.tga,driver_number_cards,Driver & Team Art,Driver Details Popup,Car-number image,Driver detail number · imgcarnumber50.tga,likely,False,unresolved,32,16,32,16,FMT_0x19,4096,232376,Mapped from the known driver-number container family.,Unsupported resource format FMT_0x19; raw export only
1,2DRIVERDETAILPOPUPIMAGE.ARC,l_imgcarnumber73.tga,driver_number_cards,Driver & Team Art,Driver Details Popup,Car-number image,Driver detail number · l_imgcarnumber73.tga,likely,True,indexed,64,64,64,64,DXT1,4096,236504,Mapped from the known driver-number container family.,
1,2DRIVERDETAILPOPUPIMAGE.ARC,imgcarnumber45.tga,driver_number_cards,Driver & Team Art,Driver Details Popup,Car-number image,Driver detail number · imgcarnumber45.tga,likely,False,unresolved,32,16,32,16,FMT_0x19,4096,240632,Mapped from the known driver-number container family.,Unsupported resource format FMT_0x19; raw export only
1,2DRIVERDETAILPOPUPIMAGE.ARC,l_imgcarnumber53.tga,driver_number_cards,Driver & Team Art,Driver Details Popup,Car-number image,Driver detail number · l_imgcarnumber53.tga,likely,True,indexed,64,64,64,64,DXT1,4096,244760,Mapped from the known driver-number container family.,
1,2DRIVERDETAILPOPUPIMAGE.ARC,l_imgcarnumber64.tga,driver_number_cards,Driver & Team Art,Driver Details Popup,Car-number image,Driver detail number · l_imgcarnumber64.tga,likely,True,indexed,64,64,64,64,DXT1,4096,248888,Mapped from the known driver-number container family.,
1,2DRIVERDETAILPOPUPIMAGE.ARC,imgcarnumber94.tga,driver_number_cards,Driver & Team Art,Driver Details Popup,Car-number image,Driver detail number · imgcarnumber94.tga,likely,False,unresolved,32,16,32,16,FMT_0x19,4096,253016,Mapped from the known driver-number container family.,Unsupported resource format FMT_0x19; raw export only
1,2DRIVERDETAILPOPUPIMAGE.ARC,imgcarnumber63.tga,driver_number_cards,Driver & Team Art,Driver Details Popup,Car-number image,Driver detail number · imgcarnumber63.tga,likely,False,unresolved,32,16,32,16,FMT_0x19,4096,257144,Mapped from the known driver-number container family.,Unsupported resource format FMT_0x19; raw export only
1,2DRIVERDETAILPOPUPIMAGE.ARC,l_imgcarnumber26.tga,driver_number_cards,Driver & Team Art,Driver Details Popup,Car-number image,Driver detail number · l_imgcarnumber26.tga,likely,True,indexed,64,64,64,64,DXT1,4096,261272,Mapped from the known driver-number container family.,
1,2DRIVERDETAILPOPUPIMAGE.ARC,l_imgcarnumber67.tga,driver_number_cards,Driver & Team Art,Driver Details Popup,Car-number image,Driver detail number · l_imgcarnumber67.tga,likely,True,indexed,64,64,64,64,DXT1,4096,265400,Mapped from the known driver-number container family.,
1,2DRIVERDETAILPOPUPIMAGE.ARC,imgcarnumber41.tga,driver_number_cards,Driver & Team Art,Driver Details Popup,Car-number image,Driver detail number · imgcarnumber41.tga,likely,False,unresolved,32,16,32,16,FMT_0x15,4096,269528,Mapped from the known driver-number container family.,Unsupported resource format FMT_0x15; raw export only
1,2DRIVERDETAILPOPUPIMAGE.ARC,l_imgcarnumber94.tga,driver_number_cards,Driver & Team Art,Driver Details Popup,Car-number image,Driver detail number · l_imgcarnumber94.tga,likely,True,indexed,64,64,64,64,DXT1,4096,273656,Mapped from the known driver-number container family.,
1,2DRIVERDETAILPOPUPIMAGE.ARC,imgcarnumber84.tga,driver_number_cards,Driver & Team Art,Driver Details Popup,Car-number image,Driver detail number · imgcarnumber84.tga,likely,False,unresolved,32,16,32,16,FMT_0x19,4096,277784,Mapped from the known driver-number container family.,Unsupported resource format FMT_0x19; raw export only
1,2DRIVERDETAILPOPUPIMAGE.ARC,imgcarnumber58.tga,driver_number_cards,Driver & Team Art,Driver Details Popup,Car-number image,Driver detail number · imgcarnumber58.tga,likely,False,unresolved,32,16,32,16,FMT_0x19,4096,281912,Mapped from the known driver-number container family.,Unsupported resource format FMT_0x19; raw export only
1,2DRIVERDETAILPOPUPIMAGE.ARC,imgcarnumber00.tga,driver_number_cards,Driver & Team Art,Driver Details Popup,Car-number image,Driver detail number · imgcarnumber00.tga,likely,False,unresolved,32,16,32,16,FMT_0x19,4096,286040,Mapped from the known driver-number container family.,Unsupported resource format FMT_0x19; raw export only
1,2DRIVERDETAILPOPUPIMAGE.ARC,imgcarnumber46.tga,driver_number_cards,Driver & Team Art,Driver Details Popup,Car-number image,Driver detail number · imgcarnumber46.tga,likely,False,unresolved,32,16,32,16,FMT_0x19,4096,290168,Mapped from the known driver-number container family.,Unsupported resource format FMT_0x19; raw export only
1,2DRIVERDETAILPOPUPIMAGE.ARC,l_imgcarnumber23.tga,driver_number_cards,Driver & Team Art,Driver Details Popup,Car-number image,Driver detail number · l_imgcarnumber23.tga,likely,True,indexed,64,64,64,64,DXT1,4096,294296,Mapped from the known driver-number container family.,
1,2DRIVERDETAILPOPUPIMAGE.ARC,l_imgcarnumber52.tga,driver_number_cards,Driver & Team Art,Driver Details Popup,Car-number image,Driver detail number · l_imgcarnumber52.tga,likely,True,indexed,64,64,64,64,DXT1,4096,298424,Mapped from the known driver-number container family.,
1,2DRIVERDETAILPOPUPIMAGE.ARC,imgcarnumber53.tga,driver_number_cards,Driver & Team Art,Driver Details Popup,Car-number image,Driver detail number · imgcarnumber53.tga,likely,False,unresolved,32,16,32,16,FMT_0x19,4096,302552,Mapped from the known driver-number container family.,Unsupported resource format FMT_0x19; raw export only
1,2DRIVERDETAILPOPUPIMAGE.ARC,imgcarnumber82.tga,driver_number_cards,Driver & Team Art,Driver Details Popup,Car-number image,Driver detail number · imgcarnumber82.tga,likely,False,unresolved,32,16,32,16,FMT_0x19,4096,306680,Mapped from the known driver-number container family.,Unsupported resource format FMT_0x19; raw export only
1,2DRIVERDETAILPOPUPIMAGE.ARC,l_imgcarnumber46.tga,driver_number_cards,Driver & Team Art,Driver Details Popup,Car-number image,Driver detail number · l_imgcarnumber46.tga,likely,True,indexed,64,64,64,64,DXT1,4096,310808,Mapped from the known driver-number container family.,
1,2DRIVERDETAILPOPUPIMAGE.ARC,l_imgcarnumber57.tga,driver_number_cards,Driver & Team Art,Driver Details Popup,Car-number image,Driver detail number · l_imgcarnumber57.tga,likely,True,indexed,64,64,64,64,DXT1,4096,314936,Mapped from the known driver-number container family.,
1,2DRIVERDETAILPOPUPIMAGE.ARC,l_imgcarnumber79.tga,driver_number_cards,Driver & Team Art,Driver Details Popup,Car-number image,Driver detail number · l_imgcarnumber79.tga,likely,True,indexed,64,64,64,64,DXT1,4096,319064,Mapped from the known driver-number container family.,
1,2DRIVERDETAILPOPUPIMAGE.ARC,imgcarnumber80.tga,driver_number_cards,Driver & Team Art,Driver Details Popup,Car-number image,Driver detail number · imgcarnumber80.tga,likely,False,unresolved,32,16,32,16,FMT_0x19,4096,323192,Mapped from the known driver-number container family.,Unsupported resource format FMT_0x19; raw export only
1,2DRIVERDETAILPOPUPIMAGE.ARC,l_imgcarnumber41.tga,driver_number_cards,Driver & Team Art,Driver Details Popup,Car-number image,Driver detail number · l_imgcarnumber41.tga,likely,True,indexed,64,64,64,64,DXT5,8192,327320,Mapped from the known driver-number container family.,
1,2DRIVERDETAILPOPUPIMAGE.ARC,l_imgcarnumber85.tga,driver_number_cards,Driver & Team Art,Driver Details Popup,Car-number image,Driver detail number · l_imgcarnumber85.tga,likely,True,indexed,64,64,64,64,DXT1,4096,335544,Mapped from the known driver-number container family.,
1,2DRIVERDETAILPOPUPIMAGE.ARC,l_imgcarnumber62.tga,driver_number_cards,Driver & Team Art,Driver Details Popup,Car-number image,Driver detail number · l_imgcarnumber62.tga,likely,True,indexed,64,64,64,64,DXT1,4096,339672,Mapped from the known driver-number container family.,
1,2DRIVERDETAILPOPUPIMAGE.ARC,imgcarnumber54.tga,driver_number_cards,Driver & Team Art,Driver Details Popup,Car-number image,Driver detail number · imgcarnumber54.tga,likely,False,unresolved,32,16,32,16,FMT_0x19,4096,343800,Mapped from the known driver-number container family.,Unsupported resource format FMT_0x19; raw export only
1,2DRIVERDETAILPOPUPIMAGE.ARC,l_imgcarnumber29.tga,driver_number_cards,Driver & Team Art,Driver Details Popup,Car-number image,Driver detail number · l_imgcarnumber29.tga,likely,True,indexed,64,64,64,64,DXT1,4096,347928,Mapped from the known driver-number container family.,
1,2DRIVERDETAILPOPUPIMAGE.ARC,imgcarnumber57.tga,driver_number_cards,Driver & Team Art,Driver Details Popup,Car-number image,Driver detail number · imgcarnumber57.tga,likely,False,unresolved,32,16,32,16,FMT_0x19,4096,352056,Mapped from the known driver-number container family.,Unsupported resource format FMT_0x19; raw export only
1,2DRIVERDETAILPOPUPIMAGE.ARC,imgcarnumber89.tga,driver_number_cards,Driver & Team Art,Driver Details Popup,Car-number image,Driver detail number · imgcarnumber89.tga,likely,False,unresolved,32,16,32,16,FMT_0x19,4096,356184,Mapped from the known driver-number container family.,Unsupported resource format FMT_0x19; raw export only
1,2DRIVERDETAILPOPUPIMAGE.ARC,l_imgcarnumber56.tga,driver_number_cards,Driver & Team Art,Driver Details Popup,Car-number image,Driver detail number · l_imgcarnumber56.tga,likely,True,indexed,64,64,64,64,DXT1,4096,360312,Mapped from the known driver-number container family.,
1,2DRIVERDETAILPOPUPIMAGE.ARC,imgcarnumber91.tga,driver_number_cards,Driver & Team Art,Driver Details Popup,Car-number image,Driver detail number · imgcarnumber91.tga,likely,False,unresolved,32,16,32,16,FMT_0x19,4096,364440,Mapped from the known driver-number container family.,Unsupported resource format FMT_0x19; raw export only
1,2DRIVERDETAILPOPUPIMAGE.ARC,imgcarnumber19.tga,driver_number_cards,Driver & Team Art,Driver Details Popup,Car-number image,Driver detail number · imgcarnumber19.tga,likely,False,unresolved,32,16,32,16,FMT_0x19,4096,368568,Mapped from the known driver-number container family.,Unsupported resource format FMT_0x19; raw export only
1,2DRIVERDETAILPOPUPIMAGE.ARC,imgcarnumber37.tga,driver_number_cards,Driver & Team Art,Driver Details Popup,Car-number image,Driver detail number · imgcarnumber37.tga,likely,False,unresolved,32,16,32,16,FMT_0x19,4096,372696,Mapped from the known driver-number container family.,Unsupported resource format FMT_0x19; raw export only
1,2DRIVERDETAILPOPUPIMAGE.ARC,l_imgcarnumber40.tga,driver_number_cards,Driver & Team Art,Driver Details Popup,Car-number image,Driver detail number · l_imgcarnumber40.tga,likely,True,indexed,64,64,64,64,DXT5,8192,376824,Mapped from the known driver-number container family.,
1,2DRIVERDETAILPOPUPIMAGE.ARC,imgcarnumber33.tga,driver_number_cards,Driver & Team Art,Driver Details Popup,Car-number image,Driver detail number · imgcarnumber33.tga,likely,False,unresolved,32,16,32,16,FMT_0x19,4096,385048,Mapped from the known driver-number container family.,Unsupported resource format FMT_0x19; raw export only
1,2DRIVERDETAILPOPUPIMAGE.ARC,l_imgcarnumber00.tga,driver_number_cards,Driver & Team Art,Driver Details Popup,Car-number image,Driver detail number · l_imgcarnumber00.tga,likely,True,indexed,64,64,64,64,DXT1,4096,389176,Mapped from the known driver-number container family.,
1,2DRIVERDETAILPOPUPIMAGE.ARC,l_imgcarnumber63.tga,driver_number_cards,Driver & Team Art,Driver Details Popup,Car-number image,Driver detail number · l_imgcarnumber63.tga,likely,True,indexed,64,64,64,64,DXT1,4096,393304,Mapped from the known driver-number container family.,
1,2DRIVERDETAILPOPUPIMAGE.ARC,l_imgcarnumber33.tga,driver_number_cards,Driver & Team Art,Driver Details Popup,Car-number image,Driver detail number · l_imgcarnumber33.tga,likely,True,indexed,64,64,64,64,DXT1,4096,397432,Mapped from the known driver-number container family.,
1,2DRIVERDETAILPOPUPIMAGE.ARC,l_imgcarnumber74.tga,driver_number_cards,Driver & Team Art,Driver Details Popup,Car-number image,Driver detail number · l_imgcarnumber74.tga,likely,True,indexed,64,64,64,64,DXT1,4096,401560,Mapped from the known driver-number container family.,
1,2DRIVERDETAILPOPUPIMAGE.ARC,imgcarnumber29.tga,driver_number_cards,Driver & Team Art,Driver Details Popup,Car-number image,Driver detail number · imgcarnumber29.tga,likely,False,unresolved,32,16,32,16,FMT_0x19,4096,405688,Mapped from the known driver-number container family.,Unsupported resource format FMT_0x19; raw export only
1,2DRIVERDETAILPOPUPIMAGE.ARC,imgcarnumber26.tga,driver_number_cards,Driver & Team Art,Driver Details Popup,Car-number image,Driver detail number · imgcarnumber26.tga,likely,False,unresolved,32,16,32,16,FMT_0x19,4096,409816,Mapped from the known driver-number container family.,Unsupported resource format FMT_0x19; raw export only
1,2DRIVERDETAILPOPUPIMAGE.ARC,l_imgcarnumber08.tga,driver_number_cards,Driver & Team Art,Driver Details Popup,Car-number image,Driver detail number · l_imgcarnumber08.tga,likely,True,indexed,64,64,64,64,DXT1,4096,413944,Mapped from the known driver-number container family.,
1,2DRIVERDETAILPOPUPIMAGE.ARC,l_imgcarnumber44.tga,driver_number_cards,Driver & Team Art,Driver Details Popup,Car-number image,Driver detail number · l_imgcarnumber44.tga,likely,True,indexed,64,64,64,64,DXT1,4096,418072,Mapped from the known driver-number container family.,
1,2DRIVERDETAILPOPUPIMAGE.ARC,imgcarnumber74.tga,driver_number_cards,Driver & Team Art,Driver Details Popup,Car-number image,Driver detail number · imgcarnumber74.tga,likely,False,unresolved,32,16,32,16,FMT_0x19,4096,422200,Mapped from the known driver-number container family.,Unsupported resource format FMT_0x19; raw export only
1,2DRIVERDETAILPOPUPIMAGE.ARC,l_imgcarnumber49.tga,driver_number_cards,Driver & Team Art,Driver Details Popup,Car-number image,Driver detail number · l_imgcarnumber49.tga,likely,True,indexed,64,64,64,64,DXT1,4096,426328,Mapped from the known driver-number container family.,
1,2DRIVERDETAILPOPUPIMAGE.ARC,imgcarnumber12.tga,driver_number_cards,Driver & Team Art,Driver Details Popup,Car-number image,Driver detail number · imgcarnumber12.tga,likely,False,unresolved,32,16,32,16,FMT_0x15,4096,430456,Mapped from the known driver-number container family.,Unsupported resource format FMT_0x15; raw export only
1,2DRIVERDETAILPOPUPIMAGE.ARC,imgcarnumber92.tga,driver_number_cards,Driver & Team Art,Driver Details Popup,Car-number image,Driver detail number · imgcarnumber92.tga,likely,False,unresolved,32,16,32,16,FMT_0x19,4096,434584,Mapped from the known driver-number container family.,Unsupported resource format FMT_0x19; raw export only
1,2DRIVERDETAILPOPUPIMAGE.ARC,imgcarnumber69.tga,driver_number_cards,Driver & Team Art,Driver Details Popup,Car-number image,Driver detail number · imgcarnumber69.tga,likely,False,unresolved,32,16,32,16,FMT_0x19,4096,438712,Mapped from the known driver-number container family.,Unsupported resource format FMT_0x19; raw export only
1,2DRIVERDETAILPOPUPIMAGE.ARC,l_imgcarnumber45.tga,driver_number_cards,Driver & Team Art,Driver Details Popup,Car-number image,Driver detail number · l_imgcarnumber45.tga,likely,True,indexed,64,64,64,64,DXT1,4096,442840,Mapped from the known driver-number container family.,
1,2DRIVERDETAILPOPUPIMAGE.ARC,l_imgcarnumber77.tga,driver_number_cards,Driver & Team Art,Driver Details Popup,Car-number image,Driver detail number · l_imgcarnumber77.tga,likely,True,indexed,64,64,64,64,DXT1,4096,446968,Mapped from the known driver-number container family.,
1,2DRIVERDETAILPOPUPIMAGE.ARC,imgcarnumber49.tga,driver_number_cards,Driver & Team Art,Driver Details Popup,Car-number image,Driver detail number · imgcarnumber49.tga,likely,False,unresolved,32,16,32,16,FMT_0x19,4096,451096,Mapped from the known driver-number container family.,Unsupported resource format FMT_0x19; raw export only
1,2DRIVERDETAILPOPUPIMAGE.ARC,l_imgcarnumber04.tga,driver_number_cards,Driver & Team Art,Driver Details Popup,Car-number image,Driver detail number · l_imgcarnumber04.tga,likely,True,indexed,64,64,64,64,DXT5,8192,455224,Mapped from the known driver-number container family.,
1,2DRIVERDETAILPOPUPIMAGE.ARC,l_imgcarnumber54.tga,driver_number_cards,Driver & Team Art,Driver Details Popup,Car-number image,Driver detail number · l_imgcarnumber54.tga,likely,True,indexed,64,64,64,64,DXT1,4096,463448,Mapped from the known driver-number container family.,
1,2DRIVERDETAILPOPUPIMAGE.ARC,l_imgcarnumber39.tga,driver_number_cards,Driver & Team Art,Driver Details Popup,Car-number image,Driver detail number · l_imgcarnumber39.tga,likely,True,indexed,64,64,64,64,DXT1,4096,467576,Mapped from the known driver-number container family.,
1,2DRIVERDETAILPOPUPIMAGE.ARC,imgcarnumber35.tga,driver_number_cards,Driver & Team Art,Driver Details Popup,Car-number image,Driver detail number · imgcarnumber35.tga,likely,False,unresolved,32,16,32,16,FMT_0x15,4096,471704,Mapped from the known driver-number container family.,Unsupported resource format FMT_0x15; raw export only
1,2DRIVERDETAILPOPUPIMAGE.ARC,l_imgcarnumber86.tga,driver_number_cards,Driver & Team Art,Driver Details Popup,Car-number image,Driver detail number · l_imgcarnumber86.tga,likely,True,indexed,64,64,64,64,DXT1,4096,475832,Mapped from the known driver-number container family.,
1,2DRIVERDETAILPOPUPIMAGE.ARC,imgcarnumber51.tga,driver_number_cards,Driver & Team Art,Driver Details Popup,Car-number image,Driver detail number · imgcarnumber51.tga,likely,False,unresolved,32,16,32,16,FMT_0x19,4096,479960,Mapped from the known driver-number container family.,Unsupported resource format FMT_0x19; raw export only
1,2DRIVERDETAILPOPUPIMAGE.ARC,l_imgcarnumber91.tga,driver_number_cards,Driver & Team Art,Driver Details Popup,Car-number image,Driver detail number · l_imgcarnumber91.tga,likely,True,indexed,64,64,64,64,DXT1,4096,484088,Mapped from the known driver-number container family.,
1,2DRIVERDETAILPOPUPIMAGE.ARC,l_imgcarnumber35.tga,driver_number_cards,Driver & Team Art,Driver Details Popup,Car-number image,Driver detail number · l_imgcarnumber35.tga,likely,True,indexed,64,64,64,64,DXT5,8192,488216,Mapped from the known driver-number container family.,
1,2DRIVERDETAILPOPUPIMAGE.ARC,imgcarnumber96.tga,driver_number_cards,Driver & Team Art,Driver Details Popup,Car-number image,Driver detail number · imgcarnumber96.tga,likely,False,unresolved,32,16,32,16,FMT_0x19,4096,496440,Mapped from the known driver-number container family.,Unsupported resource format FMT_0x19; raw export only
1,2DRIVERDETAILPOPUPIMAGE.ARC,l_imgcarnumber71.tga,driver_number_cards,Driver & Team Art,Driver Details Popup,Car-number image,Driver detail number · l_imgcarnumber71.tga,likely,True,indexed,64,64,64,64,DXT1,4096,500568,Mapped from the known driver-number container family.,
1,2DRIVERDETAILPOPUPIMAGE.ARC,imgcarnumber39.tga,driver_number_cards,Driver & Team Art,Driver Details Popup,Car-number image,Driver detail number · imgcarnumber39.tga,likely,False,unresolved,32,16,32,16,FMT_0x19,4096,504696,Mapped from the known driver-number container family.,Unsupported resource format FMT_0x19; raw export only
1,2DRIVERDETAILPOPUPIMAGE.ARC,l_imgcarnumber68.tga,driver_number_cards,Driver & Team Art,Driver Details Popup,Car-number image,Driver detail number · l_imgcarnumber68.tga,likely,True,indexed,64,64,64,64,DXT1,4096,508824,Mapped from the known driver-number container family.,
1,2DRIVERDETAILPOPUPIMAGE.ARC,imgcarnumber85.tga,driver_number_cards,Driver & Team Art,Driver Details Popup,Car-number image,Driver detail number · imgcarnumber85.tga,likely,False,unresolved,32,16,32,16,FMT_0x19,4096,512952,Mapped from the known driver-number container family.,Unsupported resource format FMT_0x19; raw export only
1,2DRIVERDETAILPOPUPIMAGE.ARC,l_imgcarnumber66.tga,driver_number_cards,Driver & Team Art,Driver Details Popup,Car-number image,Driver detail number · l_imgcarnumber66.tga,likely,True,indexed,64,64,64,64,DXT1,4096,517080,Mapped from the known driver-number container family.,
1,2DRIVERDETAILPOPUPIMAGE.ARC,l_imgcarnumber97.tga,driver_number_cards,Driver & Team Art,Driver Details Popup,Car-number image,Driver detail number · l_imgcarnumber97.tga,likely,True,indexed,64,64,64,64,DXT1,4096,521208,Mapped from the known driver-number container family.,
1,2DRIVERDETAILPOPUPIMAGE.ARC,imgcarnumber77.tga,driver_number_cards,Driver & Team Art,Driver Details Popup,Car-number image,Driver detail number · imgcarnumber77.tga,likely,False,unresolved,32,16,32,16,FMT_0x19,4096,525336,Mapped from the known driver-number container family.,Unsupported resource format FMT_0x19; raw export only
1,2DRIVERDETAILPOPUPIMAGE.ARC,imgcarnumber90.tga,driver_number_cards,Driver & Team Art,Driver Details Popup,Car-number image,Driver detail number · imgcarnumber90.tga,likely,False,unresolved,32,16,32,16,FMT_0x19,4096,529464,Mapped from the known driver-number container family.,Unsupported resource format FMT_0x19; raw export only
1,2DRIVERDETAILPOPUPIMAGE.ARC,l_imgcarnumber37.tga,driver_number_cards,Driver & Team Art,Driver Details Popup,Car-number image,Driver detail number · l_imgcarnumber37.tga,likely,True,indexed,64,64,64,64,DXT1,4096,533592,Mapped from the known driver-number container family.,
1,2DRIVERDETAILPOPUPIMAGE.ARC,l_imgcarnumber28.tga,driver_number_cards,Driver & Team Art,Driver Details Popup,Car-number image,Driver detail number · l_imgcarnumber28.tga,likely,True,indexed,64,64,64,64,DXT1,4096,537720,Mapped from the known driver-number container family.,
1,2DRIVERDETAILPOPUPIMAGE.ARC,l_imgcarnumber32.tga,driver_number_cards,Driver & Team Art,Driver Details Popup,Car-number image,Driver detail number · l_imgcarnumber32.tga,likely,True,indexed,64,64,64,64,DXT1,4096,541848,Mapped from the known driver-number container family.,
1,2DRIVERDETAILPOPUPIMAGE.ARC,l_imgcarnumber19.tga,driver_number_cards,Driver & Team Art,Driver Details Popup,Car-number image,Driver detail number · l_imgcarnumber19.tga,likely,True,indexed,64,64,64,64,DXT1,4096,545976,Mapped from the known driver-number container family.,
1,2DRIVERDETAILPOPUPIMAGE.ARC,imgcarnumber71.tga,driver_number_cards,Driver & Team Art,Driver Details Popup,Car-number image,Driver detail number · imgcarnumber71.tga,likely,False,unresolved,32,16,32,16,FMT_0x19,4096,550104,Mapped from the known driver-number container family.,Unsupported resource format FMT_0x19; raw export only
1,2DRIVERDETAILPOPUPIMAGE.ARC,l_imgcarnumber30.tga,driver_number_cards,Driver & Team Art,Driver Details Popup,Car-number image,Driver detail number · l_imgcarnumber30.tga,likely,True,indexed,64,64,64,64,DXT1,4096,554232,Mapped from the known driver-number container family.,
1,2DRIVERDETAILPOPUPIMAGE.ARC,l_imgcarnumber75.tga,driver_number_cards,Driver & Team Art,Driver Details Popup,Car-number image,Driver detail number · l_imgcarnumber75.tga,likely,True,indexed,64,64,64,64,DXT1,4096,558360,Mapped from the known driver-number container family.,
1,3LOADINGTRIVIAQUIZIMAGETEST.ARC,imgcarnumberc.tga,misc_ui,Menu Backgrounds & Panels,Loading / Trivia,Loading image,Loading screen art · imgcarnumberc.tga,likely,True,indexed,64,64,64,64,DXT5,8192,312,Mapped from a known UI container family.,
1,3LOADINGTRIVIAQUIZIMAGETEST.ARC,imgcarnumberl.tga,misc_ui,Menu Backgrounds & Panels,Loading / Trivia,Loading image,Loading screen art · imgcarnumberl.tga,likely,True,indexed,64,64,64,64,DXT5,8192,8536,Mapped from a known UI container family.,
1,3LOADINGTRIVIAQUIZIMAGETEST.ARC,imgcarnumberr.tga,misc_ui,Menu Backgrounds & Panels,Loading / Trivia,Loading image,Loading screen art · imgcarnumberr.tga,likely,True,indexed,64,64,64,64,DXT5,8192,16760,Mapped from a known UI container family.,
1,3LOADINGTRIVIAQUIZIMAGETEST.ARC,loadingbgimage.tga,misc_ui,Menu Backgrounds & Panels,Loading / Trivia,Loading image,Loading screen art · loadingbgimage.tga,likely,True,indexed,1024,512,1024,512,DXT1,262144,24984,Mapped from a known UI container family.,
1,CHAMP_MISSSPRINTCUP.ARC,2015_misssprintcup_eye_d.dds,unknown_visual,Unknown / Research,Unknown,Indexed texture,Indexed texture · 2015_misssprintcup_eye_d.dds,research,True,indexed,64,64,64,64,DXT1,57344,603624,Mapped from the clean NASCAR 15 baseline capture.,
1,CHAMP_MISSSPRINTCUP.ARC,Daytona_Day_Ref2.dds,unknown_visual,Unknown / Research,Unknown,Indexed texture,Indexed texture · Daytona_Day_Ref2.dds,research,False,unresolved,128,64,128,64,FMT_0x15,65536,661048,Mapped from the clean NASCAR 15 baseline capture.,Unsupported resource format FMT_0x15; raw export only
1,CHAMP_MISSSPRINTCUP.ARC,GARAGE_SKIN_REFLECTION13.dds,unknown_visual,Unknown / Research,Unknown,Indexed texture,Indexed texture · GARAGE_SKIN_REFLECTION13.dds,research,False,unresolved,128,64,128,64,FMT_0x15,65536,726680,Mapped from the clean NASCAR 15 baseline capture.,Unsupported resource format FMT_0x15; raw export only
1,CHAMP_MISSSPRINTCUP.ARC,hairOffsetTex.dds,unknown_visual,Unknown / Research,Unknown,Indexed texture,Indexed texture · hairOffsetTex.dds,research,True,indexed,128,128,128,128,DXT1,65536,792312,Mapped from the clean NASCAR 15 baseline capture.,
1,CHAMP_MISSSPRINTCUP.ARC,shared_eye_r.dds,unknown_visual,Unknown / Research,Unknown,Indexed texture,Indexed texture · shared_eye_r.dds,research,True,indexed,32,32,32,32,DXT1,24576,857944,Mapped from the clean NASCAR 15 baseline capture.,
1,CHAMP_MISSSPRINTCUP.ARC,Shared_Fabric_N.dds,unknown_visual,Unknown / Research,Unknown,Indexed texture,Indexed texture · Shared_Fabric_N.dds,research,True,indexed,256,256,256,256,DXT1,98304,882568,Mapped from the clean NASCAR 15 baseline capture.,
1467326216,FEI_LIV_25529.ARC,PAINTSCHEME_25529,paint_scheme_preview,Paint Scheme Previews,Paint Select / Paint Booth,Scheme thumbnail,Paint scheme preview · PAINTSCHEME_25529,likely,True,indexed,256,256,256,256,DXT5,65536,216,Mapped from known paint-preview naming.,
1467326216,FEI_LIV_25531.ARC,PAINTSCHEME_25531,paint_scheme_preview,Paint Scheme Previews,Paint Select / Paint Booth,Scheme thumbnail,Paint scheme preview · PAINTSCHEME_25531,likely,True,indexed,256,256,256,256,DXT5,65536,216,Mapped from known paint-preview naming.,
1467326216,FEI_LIV_25532.ARC,PAINTSCHEME_25532,paint_scheme_preview,Paint Scheme Previews,Paint Select / Paint Booth,Scheme thumbnail,Paint scheme preview · PAINTSCHEME_25532,likely,True,indexed,256,256,256,256,DXT5,65536,216,Mapped from known paint-preview naming.,
1467326216,FEI_LIV_25537.ARC,PAINTSCHEME_25537,paint_scheme_preview,Paint Scheme Previews,Paint Select / Paint Booth,Scheme thumbnail,Paint scheme preview · PAINTSCHEME_25537,likely,True,indexed,256,256,256,256,DXT5,65536,216,Mapped from known paint-preview naming.,
1467326216,FEI_LIV_25538.ARC,PAINTSCHEME_25538,paint_scheme_preview,Paint Scheme Previews,Paint Select / Paint Booth,Scheme thumbnail,Paint scheme preview · PAINTSCHEME_25538,likely,True,indexed,256,256,256,256,DXT5,65536,216,Mapped from known paint-preview naming.,
1467326216,FEI_LIV_25539.ARC,PAINTSCHEME_25539,paint_scheme_preview,Paint Scheme Previews,Paint Select / Paint Booth,Scheme thumbnail,Paint scheme preview · PAINTSCHEME_25539,likely,True,indexed,256,256,256,256,DXT5,65536,216,Mapped from known paint-preview naming.,
1467326216,FEI_LIV_25542.ARC,PAINTSCHEME_25542,paint_scheme_preview,Paint Scheme Previews,Paint Select / Paint Booth,Scheme thumbnail,Paint scheme preview · PAINTSCHEME_25542,likely,True,indexed,256,256,256,256,DXT5,65536,216,Mapped from known paint-preview naming.,
1467326216,FEI_LIV_25543.ARC,PAINTSCHEME_25543,paint_scheme_preview,Paint Scheme Previews,Paint Select / Paint Booth,Scheme thumbnail,Paint scheme preview · PAINTSCHEME_25543,likely,True,indexed,256,256,256,256,DXT5,65536,216,Mapped from known paint-preview naming.,
2,LIVERY_15_31_RYAN_NEWMAN_PRIMARY.ARC,IMG_LIV,unknown_visual,Vehicle / Livery Textures,On-track Vehicle,Livery texture,Vehicle livery · LIVERY_15_31_RYAN_NEWMAN_PRIMARY,research,True,indexed,2048,1024,2048,1024,DXT1,1458176,216,Car livery atlas. Prefer the dedicated Paint Schemes workflow for normal roster paint changes.,
2,LIVERY_CAREER_CHEVY_1.ARC,IMG_LIV,unknown_visual,Vehicle / Livery Textures,On-track Vehicle,Livery texture,Vehicle livery · LIVERY_CAREER_CHEVY_1,research,True,indexed,2048,1024,2048,1024,DXT1,1458176,216,Car livery atlas. Prefer the dedicated Paint Schemes workflow for normal roster paint changes.,
2,LIVERY_CAREER_CHEVY_10.ARC,IMG_LIV,unknown_visual,Vehicle / Livery Textures,On-track Vehicle,Livery texture,Vehicle livery · LIVERY_CAREER_CHEVY_10,research,True,indexed,2048,1024,2048,1024,DXT1,1458176,216,Car livery atlas. Prefer the dedicated Paint Schemes workflow for normal roster paint changes.,
2,LIVERY_CAREER_CHEVY_11.ARC,IMG_LIV,unknown_visual,Vehicle / Livery Textures,On-track Vehicle,Livery texture,Vehicle livery · LIVERY_CAREER_CHEVY_11,research,True,indexed,2048,1024,2048,1024,DXT1,1458176,216,Car livery atlas. Prefer the dedicated Paint Schemes workflow for normal roster paint changes.,
2,LIVERY_CAREER_CHEVY_12.ARC,IMG_LIV,unknown_visual,Vehicle / Livery Textures,On-track Vehicle,Livery texture,Vehicle livery · LIVERY_CAREER_CHEVY_12,research,True,indexed,2048,1024,2048,1024,DXT1,1458176,216,Car livery atlas. Prefer the dedicated Paint Schemes workflow for normal roster paint changes.,
2,LIVERY_CAREER_CHEVY_13.ARC,IMG_LIV,unknown_visual,Vehicle / Livery Textures,On-track Vehicle,Livery texture,Vehicle livery · LIVERY_CAREER_CHEVY_13,research,True,indexed,2048,1024,2048,1024,DXT1,1458176,216,Car livery atlas. Prefer the dedicated Paint Schemes workflow for normal roster paint changes.,
2,LIVERY_CAREER_CHEVY_14.ARC,IMG_LIV,unknown_visual,Vehicle / Livery Textures,On-track Vehicle,Livery texture,Vehicle livery · LIVERY_CAREER_CHEVY_14,research,True,indexed,2048,1024,2048,1024,DXT1,1458176,216,Car livery atlas. Prefer the dedicated Paint Schemes workflow for normal roster paint changes.,
2,LIVERY_CAREER_CHEVY_15.ARC,IMG_LIV,unknown_visual,Vehicle / Livery Textures,On-track Vehicle,Livery texture,Vehicle livery · LIVERY_CAREER_CHEVY_15,research,True,indexed,2048,1024,2048,1024,DXT1,1458176,216,Car livery atlas. Prefer the dedicated Paint Schemes workflow for normal roster paint changes.,
2,LIVERY_CAREER_CHEVY_2.ARC,IMG_LIV,unknown_visual,Vehicle / Livery Textures,On-track Vehicle,Livery texture,Vehicle livery · LIVERY_CAREER_CHEVY_2,research,True,indexed,2048,1024,2048,1024,DXT1,1458176,216,Car livery atlas. Prefer the dedicated Paint Schemes workflow for normal roster paint changes.,
2,LIVERY_CAREER_CHEVY_3.ARC,IMG_LIV,unknown_visual,Vehicle / Livery Textures,On-track Vehicle,Livery texture,Vehicle livery · LIVERY_CAREER_CHEVY_3,research,True,indexed,2048,1024,2048,1024,DXT1,1458176,216,Car livery atlas. Prefer the dedicated Paint Schemes workflow for normal roster paint changes.,
2,LIVERY_CAREER_CHEVY_4.ARC,IMG_LIV,unknown_visual,Vehicle / Livery Textures,On-track Vehicle,Livery texture,Vehicle livery · LIVERY_CAREER_CHEVY_4,research,True,indexed,2048,1024,2048,1024,DXT1,1458176,216,Car livery atlas. Prefer the dedicated Paint Schemes workflow for normal roster paint changes.,
2,LIVERY_CAREER_CHEVY_5.ARC,IMG_LIV,unknown_visual,Vehicle / Livery Textures,On-track Vehicle,Livery texture,Vehicle livery · LIVERY_CAREER_CHEVY_5,research,True,indexed,2048,1024,2048,1024,DXT1,1458176,216,Car livery atlas. Prefer the dedicated Paint Schemes workflow for normal roster paint changes.,
2,LIVERY_CAREER_CHEVY_6.ARC,IMG_LIV,unknown_visual,Vehicle / Livery Textures,On-track Vehicle,Livery texture,Vehicle livery · LIVERY_CAREER_CHEVY_6,research,True,indexed,2048,1024,2048,1024,DXT1,1458176,216,Car livery atlas. Prefer the dedicated Paint Schemes workflow for normal roster paint changes.,
2,LIVERY_CAREER_CHEVY_7.ARC,IMG_LIV,unknown_visual,Vehicle / Livery Textures,On-track Vehicle,Livery texture,Vehicle livery · LIVERY_CAREER_CHEVY_7,research,True,indexed,2048,1024,2048,1024,DXT1,1458176,216,Car livery atlas. Prefer the dedicated Paint Schemes workflow for normal roster paint changes.,
2,LIVERY_CAREER_CHEVY_8.ARC,IMG_LIV,unknown_visual,Vehicle / Livery Textures,On-track Vehicle,Livery texture,Vehicle livery · LIVERY_CAREER_CHEVY_8,research,True,indexed,2048,1024,2048,1024,DXT1,1458176,216,Car livery atlas. Prefer the dedicated Paint Schemes workflow for normal roster paint changes.,
2,LIVERY_CAREER_CHEVY_9.ARC,IMG_LIV,unknown_visual,Vehicle / Livery Textures,On-track Vehicle,Livery texture,Vehicle livery · LIVERY_CAREER_CHEVY_9,research,True,indexed,2048,1024,2048,1024,DXT1,1458176,216,Car livery atlas. Prefer the dedicated Paint Schemes workflow for normal roster paint changes.,
2,LIVERY_CAREER_FORD_1.ARC,IMG_LIV,unknown_visual,Vehicle / Livery Textures,On-track Vehicle,Livery texture,Vehicle livery · LIVERY_CAREER_FORD_1,research,True,indexed,2048,1024,2048,1024,DXT1,1458176,216,Car livery atlas. Prefer the dedicated Paint Schemes workflow for normal roster paint changes.,
2,LIVERY_CAREER_FORD_10.ARC,IMG_LIV,unknown_visual,Vehicle / Livery Textures,On-track Vehicle,Livery texture,Vehicle livery · LIVERY_CAREER_FORD_10,research,True,indexed,2048,1024,2048,1024,DXT1,1458176,216,Car livery atlas. Prefer the dedicated Paint Schemes workflow for normal roster paint changes.,
2,LIVERY_CAREER_FORD_11.ARC,IMG_LIV,unknown_visual,Vehicle / Livery Textures,On-track Vehicle,Livery texture,Vehicle livery · LIVERY_CAREER_FORD_11,research,True,indexed,2048,1024,2048,1024,DXT1,1458176,216,Car livery atlas. Prefer the dedicated Paint Schemes workflow for normal roster paint changes.,
2,LIVERY_CAREER_FORD_12.ARC,IMG_LIV,unknown_visual,Vehicle / Livery Textures,On-track Vehicle,Livery texture,Vehicle livery · LIVERY_CAREER_FORD_12,research,True,indexed,2048,1024,2048,1024,DXT1,1458176,216,Car livery atlas. Prefer the dedicated Paint Schemes workflow for normal roster paint changes.,
2,LIVERY_CAREER_FORD_13.ARC,IMG_LIV,unknown_visual,Vehicle / Livery Textures,On-track Vehicle,Livery texture,Vehicle livery · LIVERY_CAREER_FORD_13,research,True,indexed,2048,1024,2048,1024,DXT1,1458176,216,Car livery atlas. Prefer the dedicated Paint Schemes workflow for normal roster paint changes.,
2,LIVERY_CAREER_FORD_14.ARC,IMG_LIV,unknown_visual,Vehicle / Livery Textures,On-track Vehicle,Livery texture,Vehicle livery · LIVERY_CAREER_FORD_14,research,True,indexed,2048,1024,2048,1024,DXT1,1458176,216,Car livery atlas. Prefer the dedicated Paint Schemes workflow for normal roster paint changes.,
2,LIVERY_CAREER_FORD_15.ARC,IMG_LIV,unknown_visual,Vehicle / Livery Textures,On-track Vehicle,Livery texture,Vehicle livery · LIVERY_CAREER_FORD_15,research,True,indexed,2048,1024,2048,1024,DXT1,1458176,216,Car livery atlas. Prefer the dedicated Paint Schemes workflow for normal roster paint changes.,
2,LIVERY_CAREER_FORD_2.ARC,IMG_LIV,unknown_visual,Vehicle / Livery Textures,On-track Vehicle,Livery texture,Vehicle livery · LIVERY_CAREER_FORD_2,research,True,indexed,2048,1024,2048,1024,DXT1,1458176,216,Car livery atlas. Prefer the dedicated Paint Schemes workflow for normal roster paint changes.,
2,LIVERY_CAREER_FORD_3.ARC,IMG_LIV,unknown_visual,Vehicle / Livery Textures,On-track Vehicle,Livery texture,Vehicle livery · LIVERY_CAREER_FORD_3,research,True,indexed,2048,1024,2048,1024,DXT1,1458176,216,Car livery atlas. Prefer the dedicated Paint Schemes workflow for normal roster paint changes.,
2,LIVERY_CAREER_FORD_4.ARC,IMG_LIV,unknown_visual,Vehicle / Livery Textures,On-track Vehicle,Livery texture,Vehicle livery · LIVERY_CAREER_FORD_4,research,True,indexed,2048,1024,2048,1024,DXT1,1458176,216,Car livery atlas. Prefer the dedicated Paint Schemes workflow for normal roster paint changes.,
2,LIVERY_CAREER_FORD_5.ARC,IMG_LIV,unknown_visual,Vehicle / Livery Textures,On-track Vehicle,Livery texture,Vehicle livery · LIVERY_CAREER_FORD_5,research,True,indexed,2048,1024,2048,1024,DXT1,1458176,216,Car livery atlas. Prefer the dedicated Paint Schemes workflow for normal roster paint changes.,
2,LIVERY_CAREER_FORD_6.ARC,IMG_LIV,unknown_visual,Vehicle / Livery Textures,On-track Vehicle,Livery texture,Vehicle livery · LIVERY_CAREER_FORD_6,research,True,indexed,2048,1024,2048,1024,DXT1,1458176,216,Car livery atlas. Prefer the dedicated Paint Schemes workflow for normal roster paint changes.,
2,LIVERY_CAREER_FORD_7.ARC,IMG_LIV,unknown_visual,Vehicle / Livery Textures,On-track Vehicle,Livery texture,Vehicle livery · LIVERY_CAREER_FORD_7,research,True,indexed,2048,1024,2048,1024,DXT1,1458176,216,Car livery atlas. Prefer the dedicated Paint Schemes workflow for normal roster paint changes.,
2,LIVERY_CAREER_FORD_8.ARC,IMG_LIV,unknown_visual,Vehicle / Livery Textures,On-track Vehicle,Livery texture,Vehicle livery · LIVERY_CAREER_FORD_8,research,True,indexed,2048,1024,2048,1024,DXT1,1458176,216,Car livery atlas. Prefer the dedicated Paint Schemes workflow for normal roster paint changes.,
2,LIVERY_CAREER_FORD_9.ARC,IMG_LIV,unknown_visual,Vehicle / Livery Textures,On-track Vehicle,Livery texture,Vehicle livery · LIVERY_CAREER_FORD_9,research,True,indexed,2048,1024,2048,1024,DXT1,1458176,216,Car livery atlas. Prefer the dedicated Paint Schemes workflow for normal roster paint changes.,
2,LIVERY_CAREER_TOYOTA_1.ARC,IMG_LIV,unknown_visual,Vehicle / Livery Textures,On-track Vehicle,Livery texture,Vehicle livery · LIVERY_CAREER_TOYOTA_1,research,True,indexed,2048,1024,2048,1024,DXT1,1458176,216,Car livery atlas. Prefer the dedicated Paint Schemes workflow for normal roster paint changes.,
2,LIVERY_CAREER_TOYOTA_10.ARC,IMG_LIV,unknown_visual,Vehicle / Livery Textures,On-track Vehicle,Livery texture,Vehicle livery · LIVERY_CAREER_TOYOTA_10,research,True,indexed,2048,1024,2048,1024,DXT1,1458176,216,Car livery atlas. Prefer the dedicated Paint Schemes workflow for normal roster paint changes.,
2,LIVERY_CAREER_TOYOTA_11.ARC,IMG_LIV,unknown_visual,Vehicle / Livery Textures,On-track Vehicle,Livery texture,Vehicle livery · LIVERY_CAREER_TOYOTA_11,research,True,indexed,2048,1024,2048,1024,DXT1,1458176,216,Car livery atlas. Prefer the dedicated Paint Schemes workflow for normal roster paint changes.,
2,LIVERY_CAREER_TOYOTA_12.ARC,IMG_LIV,unknown_visual,Vehicle / Livery Textures,On-track Vehicle,Livery texture,Vehicle livery · LIVERY_CAREER_TOYOTA_12,research,True,indexed,2048,1024,2048,1024,DXT1,1458176,216,Car livery atlas. Prefer the dedicated Paint Schemes workflow for normal roster paint changes.,
2,LIVERY_CAREER_TOYOTA_13.ARC,IMG_LIV,unknown_visual,Vehicle / Livery Textures,On-track Vehicle,Livery texture,Vehicle livery · LIVERY_CAREER_TOYOTA_13,research,True,indexed,2048,1024,2048,1024,DXT1,1458176,216,Car livery atlas. Prefer the dedicated Paint Schemes workflow for normal roster paint changes.,
2,LIVERY_CAREER_TOYOTA_14.ARC,IMG_LIV,unknown_visual,Vehicle / Livery Textures,On-track Vehicle,Livery texture,Vehicle livery · LIVERY_CAREER_TOYOTA_14,research,True,indexed,2048,1024,2048,1024,DXT1,1458176,216,Car livery atlas. Prefer the dedicated Paint Schemes workflow for normal roster paint changes.,
2,LIVERY_CAREER_TOYOTA_15.ARC,IMG_LIV,unknown_visual,Vehicle / Livery Textures,On-track Vehicle,Livery texture,Vehicle livery · LIVERY_CAREER_TOYOTA_15,research,True,indexed,2048,1024,2048,1024,DXT1,1458176,216,Car livery atlas. Prefer the dedicated Paint Schemes workflow for normal roster paint changes.,
2,LIVERY_CAREER_TOYOTA_2.ARC,IMG_LIV,unknown_visual,Vehicle / Livery Textures,On-track Vehicle,Livery texture,Vehicle livery · LIVERY_CAREER_TOYOTA_2,research,True,indexed,2048,1024,2048,1024,DXT1,1458176,216,Car livery atlas. Prefer the dedicated Paint Schemes workflow for normal roster paint changes.,
2,LIVERY_CAREER_TOYOTA_3.ARC,IMG_LIV,unknown_visual,Vehicle / Livery Textures,On-track Vehicle,Livery texture,Vehicle livery · LIVERY_CAREER_TOYOTA_3,research,True,indexed,2048,1024,2048,1024,DXT1,1458176,216,Car livery atlas. Prefer the dedicated Paint Schemes workflow for normal roster paint changes.,
2,LIVERY_CAREER_TOYOTA_4.ARC,IMG_LIV,unknown_visual,Vehicle / Livery Textures,On-track Vehicle,Livery texture,Vehicle livery · LIVERY_CAREER_TOYOTA_4,research,True,indexed,2048,1024,2048,1024,DXT1,1458176,216,Car livery atlas. Prefer the dedicated Paint Schemes workflow for normal roster paint changes.,
2,LIVERY_CAREER_TOYOTA_5.ARC,IMG_LIV,unknown_visual,Vehicle / Livery Textures,On-track Vehicle,Livery texture,Vehicle livery · LIVERY_CAREER_TOYOTA_5,research,True,indexed,2048,1024,2048,1024,DXT1,1458176,216,Car livery atlas. Prefer the dedicated Paint Schemes workflow for normal roster paint changes.,
2,LIVERY_CAREER_TOYOTA_6.ARC,IMG_LIV,unknown_visual,Vehicle / Livery Textures,On-track Vehicle,Livery texture,Vehicle livery · LIVERY_CAREER_TOYOTA_6,research,True,indexed,2048,1024,2048,1024,DXT1,1458176,216,Car livery atlas. Prefer the dedicated Paint Schemes workflow for normal roster paint changes.,
2,LIVERY_CAREER_TOYOTA_7.ARC,IMG_LIV,unknown_visual,Vehicle / Livery Textures,On-track Vehicle,Livery texture,Vehicle livery · LIVERY_CAREER_TOYOTA_7,research,True,indexed,2048,1024,2048,1024,DXT1,1458176,216,Car livery atlas. Prefer the dedicated Paint Schemes workflow for normal roster paint changes.,
2,LIVERY_CAREER_TOYOTA_8.ARC,IMG_LIV,unknown_visual,Vehicle / Livery Textures,On-track Vehicle,Livery texture,Vehicle livery · LIVERY_CAREER_TOYOTA_8,research,True,indexed,2048,1024,2048,1024,DXT1,1458176,216,Car livery atlas. Prefer the dedicated Paint Schemes workflow for normal roster paint changes.,
2,LIVERY_CAREER_TOYOTA_9.ARC,IMG_LIV,unknown_visual,Vehicle / Livery Textures,On-track Vehicle,Livery texture,Vehicle livery · LIVERY_CAREER_TOYOTA_9,research,True,indexed,2048,1024,2048,1024,DXT1,1458176,216,Car livery atlas. Prefer the dedicated Paint Schemes workflow for normal roster paint changes.,
2,HDLIVERY_15_31_RYAN_NEWMAN_PRIMARY.ARC,IMG_LIV,unknown_visual,Vehicle / Livery Textures,On-track Vehicle,Livery texture,Vehicle livery · HDLIVERY_15_31_RYAN_NEWMAN_PRIMARY,research,True,indexed,4096,2048,4096,2048,DXT1,5652480,216,Car livery atlas. Prefer the dedicated Paint Schemes workflow for normal roster paint changes.,
2,HDLIVERY_CAREER_CHEVY_1.ARC,IMG_LIV,unknown_visual,Vehicle / Livery Textures,On-track Vehicle,Livery texture,Vehicle livery · HDLIVERY_CAREER_CHEVY_1,research,True,indexed,4096,2048,4096,2048,DXT1,5652480,216,Car livery atlas. Prefer the dedicated Paint Schemes workflow for normal roster paint changes.,
2,HDLIVERY_CAREER_CHEVY_10.ARC,IMG_LIV,unknown_visual,Vehicle / Livery Textures,On-track Vehicle,Livery texture,Vehicle livery · HDLIVERY_CAREER_CHEVY_10,research,True,indexed,4096,2048,4096,2048,DXT1,5652480,216,Car livery atlas. Prefer the dedicated Paint Schemes workflow for normal roster paint changes.,
2,HDLIVERY_CAREER_CHEVY_11.ARC,IMG_LIV,unknown_visual,Vehicle / Livery Textures,On-track Vehicle,Livery texture,Vehicle livery · HDLIVERY_CAREER_CHEVY_11,research,True,indexed,4096,2048,4096,2048,DXT1,5652480,216,Car livery atlas. Prefer the dedicated Paint Schemes workflow for normal roster paint changes.,
2,HDLIVERY_CAREER_CHEVY_12.ARC,IMG_LIV,unknown_visual,Vehicle / Livery Textures,On-track Vehicle,Livery texture,Vehicle livery · HDLIVERY_CAREER_CHEVY_12,research,True,indexed,4096,2048,4096,2048,DXT1,5652480,216,Car livery atlas. Prefer the dedicated Paint Schemes workflow for normal roster paint changes.,
2,HDLIVERY_CAREER_CHEVY_13.ARC,IMG_LIV,unknown_visual,Vehicle / Livery Textures,On-track Vehicle,Livery texture,Vehicle livery · HDLIVERY_CAREER_CHEVY_13,research,True,indexed,4096,2048,4096,2048,DXT1,5652480,216,Car livery atlas. Prefer the dedicated Paint Schemes workflow for normal roster paint changes.,
2,HDLIVERY_CAREER_CHEVY_14.ARC,IMG_LIV,unknown_visual,Vehicle / Livery Textures,On-track Vehicle,Livery texture,Vehicle livery · HDLIVERY_CAREER_CHEVY_14,research,True,indexed,4096,2048,4096,2048,DXT1,5652480,216,Car livery atlas. Prefer the dedicated Paint Schemes workflow for normal roster paint changes.,
2,HDLIVERY_CAREER_CHEVY_15.ARC,IMG_LIV,unknown_visual,Vehicle / Livery Textures,On-track Vehicle,Livery texture,Vehicle livery · HDLIVERY_CAREER_CHEVY_15,research,True,indexed,4096,2048,4096,2048,DXT1,5652480,216,Car livery atlas. Prefer the dedicated Paint Schemes workflow for normal roster paint changes.,
2,HDLIVERY_CAREER_CHEVY_2.ARC,IMG_LIV,unknown_visual,Vehicle / Livery Textures,On-track Vehicle,Livery texture,Vehicle livery · HDLIVERY_CAREER_CHEVY_2,research,True,indexed,4096,2048,4096,2048,DXT1,5652480,216,Car livery atlas. Prefer the dedicated Paint Schemes workflow for normal roster paint changes.,
2,HDLIVERY_CAREER_CHEVY_3.ARC,IMG_LIV,unknown_visual,Vehicle / Livery Textures,On-track Vehicle,Livery texture,Vehicle livery · HDLIVERY_CAREER_CHEVY_3,research,True,indexed,4096,2048,4096,2048,DXT1,5652480,216,Car livery atlas. Prefer the dedicated Paint Schemes workflow for normal roster paint changes.,
2,HDLIVERY_CAREER_CHEVY_4.ARC,IMG_LIV,unknown_visual,Vehicle / Livery Textures,On-track Vehicle,Livery texture,Vehicle livery · HDLIVERY_CAREER_CHEVY_4,research,True,indexed,4096,2048,4096,2048,DXT1,5652480,216,Car livery atlas. Prefer the dedicated Paint Schemes workflow for normal roster paint changes.,
2,HDLIVERY_CAREER_CHEVY_5.ARC,IMG_LIV,unknown_visual,Vehicle / Livery Textures,On-track Vehicle,Livery texture,Vehicle livery · HDLIVERY_CAREER_CHEVY_5,research,True,indexed,4096,2048,4096,2048,DXT1,5652480,216,Car livery atlas. Prefer the dedicated Paint Schemes workflow for normal roster paint changes.,
2,HDLIVERY_CAREER_CHEVY_6.ARC,IMG_LIV,unknown_visual,Vehicle / Livery Textures,On-track Vehicle,Livery texture,Vehicle livery · HDLIVERY_CAREER_CHEVY_6,research,True,indexed,4096,2048,4096,2048,DXT1,5652480,216,Car livery atlas. Prefer the dedicated Paint Schemes workflow for normal roster paint changes.,
2,HDLIVERY_CAREER_CHEVY_7.ARC,IMG_LIV,unknown_visual,Vehicle / Livery Textures,On-track Vehicle,Livery texture,Vehicle livery · HDLIVERY_CAREER_CHEVY_7,research,True,indexed,4096,2048,4096,2048,DXT1,5652480,216,Car livery atlas. Prefer the dedicated Paint Schemes workflow for normal roster paint changes.,
2,HDLIVERY_CAREER_CHEVY_8.ARC,IMG_LIV,unknown_visual,Vehicle / Livery Textures,On-track Vehicle,Livery texture,Vehicle livery · HDLIVERY_CAREER_CHEVY_8,research,True,indexed,4096,2048,4096,2048,DXT1,5652480,216,Car livery atlas. Prefer the dedicated Paint Schemes workflow for normal roster paint changes.,
2,HDLIVERY_CAREER_CHEVY_9.ARC,IMG_LIV,unknown_visual,Vehicle / Livery Textures,On-track Vehicle,Livery texture,Vehicle livery · HDLIVERY_CAREER_CHEVY_9,research,True,indexed,4096,2048,4096,2048,DXT1,5652480,216,Car livery atlas. Prefer the dedicated Paint Schemes workflow for normal roster paint changes.,
2,HDLIVERY_CAREER_FORD_1.ARC,IMG_LIV,unknown_visual,Vehicle / Livery Textures,On-track Vehicle,Livery texture,Vehicle livery · HDLIVERY_CAREER_FORD_1,research,True,indexed,4096,2048,4096,2048,DXT1,5652480,216,Car livery atlas. Prefer the dedicated Paint Schemes workflow for normal roster paint changes.,
2,HDLIVERY_CAREER_FORD_10.ARC,IMG_LIV,unknown_visual,Vehicle / Livery Textures,On-track Vehicle,Livery texture,Vehicle livery · HDLIVERY_CAREER_FORD_10,research,True,indexed,4096,2048,4096,2048,DXT1,5652480,216,Car livery atlas. Prefer the dedicated Paint Schemes workflow for normal roster paint changes.,
2,HDLIVERY_CAREER_FORD_11.ARC,IMG_LIV,unknown_visual,Vehicle / Livery Textures,On-track Vehicle,Livery texture,Vehicle livery · HDLIVERY_CAREER_FORD_11,research,True,indexed,4096,2048,4096,2048,DXT1,5652480,216,Car livery atlas. Prefer the dedicated Paint Schemes workflow for normal roster paint changes.,
2,HDLIVERY_CAREER_FORD_12.ARC,IMG_LIV,unknown_visual,Vehicle / Livery Textures,On-track Vehicle,Livery texture,Vehicle livery · HDLIVERY_CAREER_FORD_12,research,True,indexed,4096,2048,4096,2048,DXT1,5652480,216,Car livery atlas. Prefer the dedicated Paint Schemes workflow for normal roster paint changes.,
2,HDLIVERY_CAREER_FORD_13.ARC,IMG_LIV,unknown_visual,Vehicle / Livery Textures,On-track Vehicle,Livery texture,Vehicle livery · HDLIVERY_CAREER_FORD_13,research,True,indexed,4096,2048,4096,2048,DXT1,5652480,216,Car livery atlas. Prefer the dedicated Paint Schemes workflow for normal roster paint changes.,
2,HDLIVERY_CAREER_FORD_14.ARC,IMG_LIV,unknown_visual,Vehicle / Livery Textures,On-track Vehicle,Livery texture,Vehicle livery · HDLIVERY_CAREER_FORD_14,research,True,indexed,4096,2048,4096,2048,DXT1,5652480,216,Car livery atlas. Prefer the dedicated Paint Schemes workflow for normal roster paint changes.,
2,HDLIVERY_CAREER_FORD_15.ARC,IMG_LIV,unknown_visual,Vehicle / Livery Textures,On-track Vehicle,Livery texture,Vehicle livery · HDLIVERY_CAREER_FORD_15,research,True,indexed,4096,2048,4096,2048,DXT1,5652480,216,Car livery atlas. Prefer the dedicated Paint Schemes workflow for normal roster paint changes.,
2,HDLIVERY_CAREER_FORD_2.ARC,IMG_LIV,unknown_visual,Vehicle / Livery Textures,On-track Vehicle,Livery texture,Vehicle livery · HDLIVERY_CAREER_FORD_2,research,True,indexed,4096,2048,4096,2048,DXT1,5652480,216,Car livery atlas. Prefer the dedicated Paint Schemes workflow for normal roster paint changes.,
2,HDLIVERY_CAREER_FORD_3.ARC,IMG_LIV,unknown_visual,Vehicle / Livery Textures,On-track Vehicle,Livery texture,Vehicle livery · HDLIVERY_CAREER_FORD_3,research,True,indexed,4096,2048,4096,2048,DXT1,5652480,216,Car livery atlas. Prefer the dedicated Paint Schemes workflow for normal roster paint changes.,
2,HDLIVERY_CAREER_FORD_4.ARC,IMG_LIV,unknown_visual,Vehicle / Livery Textures,On-track Vehicle,Livery texture,Vehicle livery · HDLIVERY_CAREER_FORD_4,research,True,indexed,4096,2048,4096,2048,DXT1,5652480,216,Car livery atlas. Prefer the dedicated Paint Schemes workflow for normal roster paint changes.,
2,HDLIVERY_CAREER_FORD_5.ARC,IMG_LIV,unknown_visual,Vehicle / Livery Textures,On-track Vehicle,Livery texture,Vehicle livery · HDLIVERY_CAREER_FORD_5,research,True,indexed,4096,2048,4096,2048,DXT1,5652480,216,Car livery atlas. Prefer the dedicated Paint Schemes workflow for normal roster paint changes.,
2,HDLIVERY_CAREER_FORD_6.ARC,IMG_LIV,unknown_visual,Vehicle / Livery Textures,On-track Vehicle,Livery texture,Vehicle livery · HDLIVERY_CAREER_FORD_6,research,True,indexed,4096,2048,4096,2048,DXT1,5652480,216,Car livery atlas. Prefer the dedicated Paint Schemes workflow for normal roster paint changes.,
2,HDLIVERY_CAREER_FORD_7.ARC,IMG_LIV,unknown_visual,Vehicle / Livery Textures,On-track Vehicle,Livery texture,Vehicle livery · HDLIVERY_CAREER_FORD_7,research,True,indexed,4096,2048,4096,2048,DXT1,5652480,216,Car livery atlas. Prefer the dedicated Paint Schemes workflow for normal roster paint changes.,
2,HDLIVERY_CAREER_FORD_8.ARC,IMG_LIV,unknown_visual,Vehicle / Livery Textures,On-track Vehicle,Livery texture,Vehicle livery · HDLIVERY_CAREER_FORD_8,research,True,indexed,4096,2048,4096,2048,DXT1,5652480,216,Car livery atlas. Prefer the dedicated Paint Schemes workflow for normal roster paint changes.,
2,HDLIVERY_CAREER_FORD_9.ARC,IMG_LIV,unknown_visual,Vehicle / Livery Textures,On-track Vehicle,Livery texture,Vehicle livery · HDLIVERY_CAREER_FORD_9,research,True,indexed,4096,2048,4096,2048,DXT1,5652480,216,Car livery atlas. Prefer the dedicated Paint Schemes workflow for normal roster paint changes.,
2,HDLIVERY_CAREER_TOYOTA_1.ARC,IMG_LIV,unknown_visual,Vehicle / Livery Textures,On-track Vehicle,Livery texture,Vehicle livery · HDLIVERY_CAREER_TOYOTA_1,research,True,indexed,4096,2048,4096,2048,DXT1,5652480,216,Car livery atlas. Prefer the dedicated Paint Schemes workflow for normal roster paint changes.,
2,HDLIVERY_CAREER_TOYOTA_10.ARC,IMG_LIV,unknown_visual,Vehicle / Livery Textures,On-track Vehicle,Livery texture,Vehicle livery · HDLIVERY_CAREER_TOYOTA_10,research,True,indexed,4096,2048,4096,2048,DXT1,5652480,216,Car livery atlas. Prefer the dedicated Paint Schemes workflow for normal roster paint changes.,
2,HDLIVERY_CAREER_TOYOTA_11.ARC,IMG_LIV,unknown_visual,Vehicle / Livery Textures,On-track Vehicle,Livery texture,Vehicle livery · HDLIVERY_CAREER_TOYOTA_11,research,True,indexed,4096,2048,4096,2048,DXT1,5652480,216,Car livery atlas. Prefer the dedicated Paint Schemes workflow for normal roster paint changes.,
2,HDLIVERY_CAREER_TOYOTA_12.ARC,IMG_LIV,unknown_visual,Vehicle / Livery Textures,On-track Vehicle,Livery texture,Vehicle livery · HDLIVERY_CAREER_TOYOTA_12,research,True,indexed,4096,2048,4096,2048,DXT1,5652480,216,Car livery atlas. Prefer the dedicated Paint Schemes workflow for normal roster paint changes.,
2,HDLIVERY_CAREER_TOYOTA_13.ARC,IMG_LIV,unknown_visual,Vehicle / Livery Textures,On-track Vehicle,Livery texture,Vehicle livery · HDLIVERY_CAREER_TOYOTA_13,research,True,indexed,4096,2048,4096,2048,DXT1,5652480,216,Car livery atlas. Prefer the dedicated Paint Schemes workflow for normal roster paint changes.,
2,HDLIVERY_CAREER_TOYOTA_14.ARC,IMG_LIV,unknown_visual,Vehicle / Livery Textures,On-track Vehicle,Livery texture,Vehicle livery · HDLIVERY_CAREER_TOYOTA_14,research,True,indexed,4096,2048,4096,2048,DXT1,5652480,216,Car livery atlas. Prefer the dedicated Paint Schemes workflow for normal roster paint changes.,
2,HDLIVERY_CAREER_TOYOTA_15.ARC,IMG_LIV,unknown_visual,Vehicle / Livery Textures,On-track Vehicle,Livery texture,Vehicle livery · HDLIVERY_CAREER_TOYOTA_15,research,True,indexed,4096,2048,4096,2048,DXT1,5652480,216,Car livery atlas. Prefer the dedicated Paint Schemes workflow for normal roster paint changes.,
2,HDLIVERY_CAREER_TOYOTA_2.ARC,IMG_LIV,unknown_visual,Vehicle / Livery Textures,On-track Vehicle,Livery texture,Vehicle livery · HDLIVERY_CAREER_TOYOTA_2,research,True,indexed,4096,2048,4096,2048,DXT1,5652480,216,Car livery atlas. Prefer the dedicated Paint Schemes workflow for normal roster paint changes.,
2,HDLIVERY_CAREER_TOYOTA_3.ARC,IMG_LIV,unknown_visual,Vehicle / Livery Textures,On-track Vehicle,Livery texture,Vehicle livery · HDLIVERY_CAREER_TOYOTA_3,research,True,indexed,4096,2048,4096,2048,DXT1,5652480,216,Car livery atlas. Prefer the dedicated Paint Schemes workflow for normal roster paint changes.,
2,HDLIVERY_CAREER_TOYOTA_4.ARC,IMG_LIV,unknown_visual,Vehicle / Livery Textures,On-track Vehicle,Livery texture,Vehicle livery · HDLIVERY_CAREER_TOYOTA_4,research,True,indexed,4096,2048,4096,2048,DXT1,5652480,216,Car livery atlas. Prefer the dedicated Paint Schemes workflow for normal roster paint changes.,
2,HDLIVERY_CAREER_TOYOTA_5.ARC,IMG_LIV,unknown_visual,Vehicle / Livery Textures,On-track Vehicle,Livery texture,Vehicle livery · HDLIVERY_CAREER_TOYOTA_5,research,True,indexed,4096,2048,4096,2048,DXT1,5652480,216,Car livery atlas. Prefer the dedicated Paint Schemes workflow for normal roster paint changes.,
2,HDLIVERY_CAREER_TOYOTA_6.ARC,IMG_LIV,unknown_visual,Vehicle / Livery Textures,On-track Vehicle,Livery texture,Vehicle livery · HDLIVERY_CAREER_TOYOTA_6,research,True,indexed,4096,2048,4096,2048,DXT1,5652480,216,Car livery atlas. Prefer the dedicated Paint Schemes workflow for normal roster paint changes.,
2,HDLIVERY_CAREER_TOYOTA_7.ARC,IMG_LIV,unknown_visual,Vehicle / Livery Textures,On-track Vehicle,Livery texture,Vehicle livery · HDLIVERY_CAREER_TOYOTA_7,research,True,indexed,4096,2048,4096,2048,DXT1,5652480,216,Car livery atlas. Prefer the dedicated Paint Schemes workflow for normal roster paint changes.,
2,HDLIVERY_CAREER_TOYOTA_8.ARC,IMG_LIV,unknown_visual,Vehicle / Livery Textures,On-track Vehicle,Livery texture,Vehicle livery · HDLIVERY_CAREER_TOYOTA_8,research,True,indexed,4096,2048,4096,2048,DXT1,5652480,216,Car livery atlas. Prefer the dedicated Paint Schemes workflow for normal roster paint changes.,
2,HDLIVERY_CAREER_TOYOTA_9.ARC,IMG_LIV,unknown_visual,Vehicle / Livery Textures,On-track Vehicle,Livery texture,Vehicle livery · HDLIVERY_CAREER_TOYOTA_9,research,True,indexed,4096,2048,4096,2048,DXT1,5652480,216,Car livery atlas. Prefer the dedicated Paint Schemes workflow for normal roster paint changes.,
3,DF_2015_NEWMAN.ARC,IMG_DIFF,unknown_visual,Character & Pit Crew Textures,Driver / Champion Character Model,Character material map,Character texture · DF_2015_NEWMAN · IMG_DIFF,research,True,indexed,512,512,512,512,DXT1,229376,280,3D model diffuse/normal/specular or rig-associated texture.,
3,DF_2015_NEWMAN.ARC,texture_record_0003,unknown_visual,Character & Pit Crew Textures,Driver / Champion Character Model,Character material map,Character texture · DF_2015_NEWMAN · IMG_NORM,research,True,indexed,512,512,512,512,DXT1,229376,229768,3D model diffuse/normal/specular or rig-associated texture.,
3,DF_2015_NEWMAN.ARC,texture_record_0005,unknown_visual,Character & Pit Crew Textures,Driver / Champion Character Model,Character material map,Character texture · DF_2015_NEWMAN · IMG_SPEC,research,True,indexed,512,512,512,512,DXT1,229376,459256,3D model diffuse/normal/specular or rig-associated texture.,
3,DF_CUSTOMGENERIC2015.ARC,IMG_DIFF,unknown_visual,Character & Pit Crew Textures,Driver / Champion Character Model,Character material map,Character texture · DF_CUSTOMGENERIC2015 · IMG_DIFF,research,True,indexed,512,512,512,512,DXT1,229376,280,3D model diffuse/normal/specular or rig-associated texture.,
3,DF_CUSTOMGENERIC2015.ARC,IMG_NORM,unknown_visual,Character & Pit Crew Textures,Driver / Champion Character Model,Character material map,Character texture · DF_CUSTOMGENERIC2015 · IMG_NORM,research,True,indexed,512,512,512,512,DXT1,229376,229768,3D model diffuse/normal/specular or rig-associated texture.,
3,DF_CUSTOMGENERIC2015.ARC,IMG_SPEC,unknown_visual,Character & Pit Crew Textures,Driver / Champion Character Model,Character material map,Character texture · DF_CUSTOMGENERIC2015 · IMG_SPEC,research,True,indexed,512,512,512,512,DXT1,229376,459256,3D model diffuse/normal/specular or rig-associated texture.,
3,DF_CUSTOMGENERICF2015.ARC,IMG_DIFF,unknown_visual,Character & Pit Crew Textures,Driver / Champion Character Model,Character material map,Character texture · DF_CUSTOMGENERICF2015 · IMG_DIFF,research,True,indexed,512,512,512,512,DXT1,229376,280,3D model diffuse/normal/specular or rig-associated texture.,
3,DF_CUSTOMGENERICF2015.ARC,texture_record_0003,unknown_visual,Character & Pit Crew Textures,Driver / Champion Character Model,Character material map,Character texture · DF_CUSTOMGENERICF2015 · IMG_NORM,research,True,indexed,512,512,512,512,DXT1,229376,229768,3D model diffuse/normal/specular or rig-associated texture.,
3,DF_CUSTOMGENERICF2015.ARC,texture_record_0005,unknown_visual,Character & Pit Crew Textures,Driver / Champion Character Model,Character material map,Character texture · DF_CUSTOMGENERICF2015 · IMG_SPEC,research,True,indexed,512,512,512,512,DXT1,229376,459256,3D model diffuse/normal/specular or rig-associated texture.,
3,DF_CUSTOMGENERICF2015_HAIR.ARC,IMG_DIFF,unknown_visual,Character & Pit Crew Textures,Driver / Champion Character Model,Character material map,Character texture · DF_CUSTOMGENERICF2015_HAIR · IMG_DIFF,research,True,indexed,256,256,256,256,DXT1,98304,280,3D model diffuse/normal/specular or rig-associated texture.,
3,DF_CUSTOMGENERICF2015_HAIR.ARC,IMG_NORM,unknown_visual,Character & Pit Crew Textures,Driver / Champion Character Model,Character material map,Character texture · DF_CUSTOMGENERICF2015_HAIR · IMG_NORM,research,True,indexed,256,256,256,256,DXT1,98304,98680,3D model diffuse/normal/specular or rig-associated texture.,
3,DF_CUSTOMGENERICF2015_HAIR.ARC,IMG_SPEC,unknown_visual,Character & Pit Crew Textures,Driver / Champion Character Model,Character material map,Character texture · DF_CUSTOMGENERICF2015_HAIR · IMG_SPEC,research,True,indexed,256,256,256,256,DXT1,98304,197080,3D model diffuse/normal/specular or rig-associated texture.,
3,DF_MISSSPRINTCUP.ARC,IMG_DIFF,unknown_visual,Character & Pit Crew Textures,Driver / Champion Character Model,Character material map,Character texture · DF_MISSSPRINTCUP · IMG_DIFF,research,True,indexed,512,512,512,512,DXT1,229376,280,3D model diffuse/normal/specular or rig-associated texture.,
3,DF_MISSSPRINTCUP.ARC,IMG_NORM,unknown_visual,Character & Pit Crew Textures,Driver / Champion Character Model,Character material map,Character texture · DF_MISSSPRINTCUP · IMG_NORM,research,True,indexed,512,512,512,512,DXT1,229376,229768,3D model diffuse/normal/specular or rig-associated texture.,
3,DF_MISSSPRINTCUP.ARC,IMG_SPEC,unknown_visual,Character & Pit Crew Textures,Driver / Champion Character Model,Character material map,Character texture · DF_MISSSPRINTCUP · IMG_SPEC,research,True,indexed,512,512,512,512,DXT1,229376,459256,3D model diffuse/normal/specular or rig-associated texture.,
3,DF_MISSSPRINTCUP_HAIR.ARC,IMG_DIFF,unknown_visual,Character & Pit Crew Textures,Driver / Champion Character Model,Character material map,Character texture · DF_MISSSPRINTCUP_HAIR · IMG_DIFF,research,True,indexed,512,512,512,512,DXT1,229376,280,3D model diffuse/normal/specular or rig-associated texture.,
3,DF_MISSSPRINTCUP_HAIR.ARC,IMG_NORM,unknown_visual,Character & Pit Crew Textures,Driver / Champion Character Model,Character material map,Character texture · DF_MISSSPRINTCUP_HAIR · IMG_NORM,research,True,indexed,256,256,256,256,DXT1,98304,229768,3D model diffuse/normal/specular or rig-associated texture.,
3,DF_MISSSPRINTCUP_HAIR.ARC,IMG_SPEC,unknown_visual,Character & Pit Crew Textures,Driver / Champion Character Model,Character material map,Character texture · DF_MISSSPRINTCUP_HAIR · IMG_SPEC,research,True,indexed,256,256,256,256,DXT1,98304,328168,3D model diffuse/normal/specular or rig-associated texture.,
3,DTS_2015_NEWMAN.ARC,IMG_DIFF,unknown_visual,Character & Pit Crew Textures,Driver / Champion Character Model,Character material map,Character texture · DTS_2015_NEWMAN · IMG_DIFF,research,True,indexed,1024,1024,1024,1024,DXT1,753664,376,3D model diffuse/normal/specular or rig-associated texture.,
3,DTS_2015_NEWMAN.ARC,IMG_NORM,unknown_visual,Character & Pit Crew Textures,Driver / Champion Character Model,Character material map,Character texture · DTS_2015_NEWMAN · IMG_NORM,research,True,indexed,512,512,512,512,DXT1,229376,754152,3D model diffuse/normal/specular or rig-associated texture.,
3,DTS_2015_NEWMAN.ARC,IMG_SPEC,unknown_visual,Character & Pit Crew Textures,Driver / Champion Character Model,Character material map,Character texture · DTS_2015_NEWMAN · IMG_SPEC,research,True,indexed,512,512,512,512,DXT1,229376,983640,3D model diffuse/normal/specular or rig-associated texture.,
3,DTS_2015_NEWMAN.ARC,GLOVE_IMG_DIFF,unknown_visual,Character & Pit Crew Textures,Driver / Champion Character Model,Character material map,Character texture · DTS_2015_NEWMAN · GLOVE_IMG_DIFF,research,True,indexed,512,256,512,256,DXT1,147456,1213128,3D model diffuse/normal/specular or rig-associated texture.,
3,DTS_2015_NEWMAN.ARC,GLOVE_IMG_NORM,unknown_visual,Character & Pit Crew Textures,Driver / Champion Character Model,Character material map,Character texture · DTS_2015_NEWMAN · GLOVE_IMG_NORM,research,True,indexed,256,128,256,128,DXT1,81920,1360696,3D model diffuse/normal/specular or rig-associated texture.,
3,DTS_2015_NEWMAN.ARC,GLOVE_IMG_SPEC,unknown_visual,Character & Pit Crew Textures,Driver / Champion Character Model,Character material map,Character texture · DTS_2015_NEWMAN · GLOVE_IMG_SPEC,research,True,indexed,256,128,256,128,DXT1,81920,1442712,3D model diffuse/normal/specular or rig-associated texture.,
3,DTS_CUSTOMGENERIC2015.ARC,texture_record_0001,unknown_visual,Character & Pit Crew Textures,Driver / Champion Character Model,Character material map,Character texture · DTS_CUSTOMGENERIC2015 · IMG_DIFF,research,True,indexed,1024,1024,1024,1024,DXT1,753664,376,3D model diffuse/normal/specular or rig-associated texture.,
3,DTS_CUSTOMGENERIC2015.ARC,texture_record_0003,unknown_visual,Character & Pit Crew Textures,Driver / Champion Character Model,Character material map,Character texture · DTS_CUSTOMGENERIC2015 · IMG_NORM,research,True,indexed,512,512,512,512,DXT1,229376,754152,3D model diffuse/normal/specular or rig-associated texture.,
3,DTS_CUSTOMGENERIC2015.ARC,texture_record_0005,unknown_visual,Character & Pit Crew Textures,Driver / Champion Character Model,Character material map,Character texture · DTS_CUSTOMGENERIC2015 · IMG_SPEC,research,True,indexed,512,512,512,512,DXT1,229376,983640,3D model diffuse/normal/specular or rig-associated texture.,
3,DTS_CUSTOMGENERIC2015.ARC,UUUs,unknown_visual,Character & Pit Crew Textures,Driver / Champion Character Model,Character material map,Character texture · DTS_CUSTOMGENERIC2015 · GLOVE_IMG_DIFF,research,True,indexed,512,256,512,256,DXT1,147456,1213128,3D model diffuse/normal/specular or rig-associated texture.,
3,DTS_CUSTOMGENERIC2015.ARC,PUUU,unknown_visual,Character & Pit Crew Textures,Driver / Champion Character Model,Character material map,Character texture · DTS_CUSTOMGENERIC2015 · GLOVE_IMG_NORM,research,True,indexed,256,128,256,128,DXT1,81920,1360696,3D model diffuse/normal/specular or rig-associated texture.,
3,DTS_CUSTOMGENERIC2015.ARC,UU,unknown_visual,Character & Pit Crew Textures,Driver / Champion Character Model,Character material map,Character texture · DTS_CUSTOMGENERIC2015 · GLOVE_IMG_SPEC,research,True,indexed,256,128,256,128,DXT1,81920,1442712,3D model diffuse/normal/specular or rig-associated texture.,
3,DTS_CUSTOMGENERICF2015.ARC,texture_record_0001,unknown_visual,Character & Pit Crew Textures,Driver / Champion Character Model,Character material map,Character texture · DTS_CUSTOMGENERICF2015 · IMG_DIFF,research,True,indexed,1024,1024,1024,1024,DXT1,753664,376,3D model diffuse/normal/specular or rig-associated texture.,
3,DTS_CUSTOMGENERICF2015.ARC,texture_record_0003,unknown_visual,Character & Pit Crew Textures,Driver / Champion Character Model,Character material map,Character texture · DTS_CUSTOMGENERICF2015 · IMG_NORM,research,True,indexed,512,512,512,512,DXT1,229376,754152,3D model diffuse/normal/specular or rig-associated texture.,
3,DTS_CUSTOMGENERICF2015.ARC,texture_record_0005,unknown_visual,Character & Pit Crew Textures,Driver / Champion Character Model,Character material map,Character texture · DTS_CUSTOMGENERICF2015 · IMG_SPEC,research,True,indexed,512,512,512,512,DXT1,229376,983640,3D model diffuse/normal/specular or rig-associated texture.,
3,DTS_CUSTOMGENERICF2015.ARC,UUUs,unknown_visual,Character & Pit Crew Textures,Driver / Champion Character Model,Character material map,Character texture · DTS_CUSTOMGENERICF2015 · GLOVE_IMG_DIFF,research,True,indexed,512,256,512,256,DXT1,147456,1213128,3D model diffuse/normal/specular or rig-associated texture.,
3,DTS_CUSTOMGENERICF2015.ARC,PUUU,unknown_visual,Character & Pit Crew Textures,Driver / Champion Character Model,Character material map,Character texture · DTS_CUSTOMGENERICF2015 · GLOVE_IMG_NORM,research,True,indexed,256,128,256,128,DXT1,81920,1360696,3D model diffuse/normal/specular or rig-associated texture.,
3,DTS_CUSTOMGENERICF2015.ARC,UU,unknown_visual,Character & Pit Crew Textures,Driver / Champion Character Model,Character material map,Character texture · DTS_CUSTOMGENERICF2015 · GLOVE_IMG_SPEC,research,True,indexed,256,128,256,128,DXT1,81920,1442712,3D model diffuse/normal/specular or rig-associated texture.,
3,DTS_MISSSPRINTCUP.ARC,IMG_DIFF,unknown_visual,Character & Pit Crew Textures,Driver / Champion Character Model,Character material map,Character texture · DTS_MISSSPRINTCUP · IMG_DIFF,research,True,indexed,1024,1024,1024,1024,DXT1,753664,376,3D model diffuse/normal/specular or rig-associated texture.,
3,DTS_MISSSPRINTCUP.ARC,IMG_NORM,unknown_visual,Character & Pit Crew Textures,Driver / Champion Character Model,Character material map,Character texture · DTS_MISSSPRINTCUP · IMG_NORM,research,True,indexed,512,512,512,512,DXT1,229376,754152,3D model diffuse/normal/specular or rig-associated texture.,
3,DTS_MISSSPRINTCUP.ARC,IMG_SPEC,unknown_visual,Character & Pit Crew Textures,Driver / Champion Character Model,Character material map,Character texture · DTS_MISSSPRINTCUP · IMG_SPEC,research,True,indexed,512,512,512,512,DXT1,229376,983640,3D model diffuse/normal/specular or rig-associated texture.,
3,DTS_MISSSPRINTCUP.ARC,GLOVE_IMG_DIFF,unknown_visual,Character & Pit Crew Textures,Driver / Champion Character Model,Character material map,Character texture · DTS_MISSSPRINTCUP · GLOVE_IMG_DIFF,research,True,indexed,512,256,512,256,DXT1,147456,1213128,3D model diffuse/normal/specular or rig-associated texture.,
3,DTS_MISSSPRINTCUP.ARC,GLOVE_IMG_NORM,unknown_visual,Character & Pit Crew Textures,Driver / Champion Character Model,Character material map,Character texture · DTS_MISSSPRINTCUP · GLOVE_IMG_NORM,research,True,indexed,256,128,256,128,DXT1,81920,1360696,3D model diffuse/normal/specular or rig-associated texture.,
3,DTS_MISSSPRINTCUP.ARC,GLOVE_IMG_SPEC,unknown_visual,Character & Pit Crew Textures,Driver / Champion Character Model,Character material map,Character texture · DTS_MISSSPRINTCUP · GLOVE_IMG_SPEC,research,True,indexed,256,128,256,128,DXT1,81920,1442712,3D model diffuse/normal/specular or rig-associated texture.,
3,DTS_2015_NEWMAN_LOW.ARC,IMG_DIFF,unknown_visual,Character & Pit Crew Textures,Driver / Champion Character Model,Character material map,Character texture · DTS_2015_NEWMAN_LOW · IMG_DIFF,research,True,indexed,128,128,128,128,DXT1,65536,216,3D model diffuse/normal/specular or rig-associated texture.,
3,DTS_CUSTOMGENERIC2015_LOW.ARC,IMG_DIFF,unknown_visual,Character & Pit Crew Textures,Driver / Champion Character Model,Character material map,Character texture · DTS_CUSTOMGENERIC2015_LOW · IMG_DIFF,research,True,indexed,128,128,128,128,DXT1,65536,216,3D model diffuse/normal/specular or rig-associated texture.,
3,DTS_CUSTOMGENERICF2015_LOW.ARC,IMG_DIFF,unknown_visual,Character & Pit Crew Textures,Driver / Champion Character Model,Character material map,Character texture · DTS_CUSTOMGENERICF2015_LOW · IMG_DIFF,research,True,indexed,128,128,128,128,DXT1,65536,216,3D model diffuse/normal/specular or rig-associated texture.,
3,DTS_MISSSPRINTCUP_LOW.ARC,IMG_DIFF,unknown_visual,Character & Pit Crew Textures,Driver / Champion Character Model,Character material map,Character texture · DTS_MISSSPRINTCUP_LOW · IMG_DIFF,research,True,indexed,128,128,128,128,DXT1,65536,216,3D model diffuse/normal/specular or rig-associated texture.,
3,PMH_2015_NEWMAN.ARC,IMG_DIFF,unknown_visual,Character & Pit Crew Textures,Driver / Champion Character Model,Character material map,Character texture · PMH_2015_NEWMAN · IMG_DIFF,research,True,indexed,512,512,512,512,DXT1,229376,216,3D model diffuse/normal/specular or rig-associated texture.,
3,PMH_CUSTOMGENERIC2015.ARC,IMG_DIFF,unknown_visual,Character & Pit Crew Textures,Driver / Champion Character Model,Character material map,Character texture · PMH_CUSTOMGENERIC2015 · IMG_DIFF,research,True,indexed,512,512,512,512,DXT1,163840,216,3D model diffuse/normal/specular or rig-associated texture.,
3,PMH_CUSTOMGENERICF2015.ARC,IMG_DIFF,unknown_visual,Character & Pit Crew Textures,Driver / Champion Character Model,Character material map,Character texture · PMH_CUSTOMGENERICF2015 · IMG_DIFF,research,True,indexed,512,512,512,512,DXT1,163840,216,3D model diffuse/normal/specular or rig-associated texture.,
3,PMH_MISSSPRINTCUP.ARC,IMG_DIFF,unknown_visual,Character & Pit Crew Textures,Driver / Champion Character Model,Character material map,Character texture · PMH_MISSSPRINTCUP · IMG_DIFF,research,True,indexed,512,512,512,512,DXT1,229376,216,3D model diffuse/normal/specular or rig-associated texture.,
3,GTS_2015_NEWMAN.ARC,IMG_BODYDIFF,unknown_visual,Character & Pit Crew Textures,Driver / Champion Character Model,Character material map,Character texture · GTS_2015_NEWMAN · IMG_BODYDIFF,research,True,indexed,512,512,512,512,DXT1,229376,376,3D model diffuse/normal/specular or rig-associated texture.,
3,GTS_2015_NEWMAN.ARC,IMG_BODYNORM,unknown_visual,Character & Pit Crew Textures,Driver / Champion Character Model,Character material map,Character texture · GTS_2015_NEWMAN · IMG_BODYNORM,research,True,indexed,512,512,512,512,DXT1,163840,229864,3D model diffuse/normal/specular or rig-associated texture.,
3,GTS_2015_NEWMAN.ARC,IMG_BODYSPEC,unknown_visual,Character & Pit Crew Textures,Driver / Champion Character Model,Character material map,Character texture · GTS_2015_NEWMAN · IMG_BODYSPEC,research,True,indexed,256,256,256,256,DXT1,40960,393752,3D model diffuse/normal/specular or rig-associated texture.,
3,GTS_2015_NEWMAN.ARC,IMG_CAPDIFF,unknown_visual,Character & Pit Crew Textures,Driver / Champion Character Model,Character material map,Character texture · GTS_2015_NEWMAN · IMG_CAPDIFF,research,True,indexed,256,256,256,256,DXT1,98304,434760,3D model diffuse/normal/specular or rig-associated texture.,
3,GTS_2015_NEWMAN.ARC,IMG_CAPNORM,unknown_visual,Character & Pit Crew Textures,Driver / Champion Character Model,Character material map,Character texture · GTS_2015_NEWMAN · IMG_CAPNORM,research,True,indexed,256,256,256,256,DXT1,65536,533160,3D model diffuse/normal/specular or rig-associated texture.,
3,GTS_2015_NEWMAN.ARC,IMG_CAPSPEC,unknown_visual,Character & Pit Crew Textures,Driver / Champion Character Model,Character material map,Character texture · GTS_2015_NEWMAN · IMG_CAPSPEC,research,True,indexed,128,128,128,128,DXT1,40960,598760,3D model diffuse/normal/specular or rig-associated texture.,
3,GTS_CUSTOMGENERIC2015.ARC,IMG_BODYDIFF,unknown_visual,Character & Pit Crew Textures,Driver / Champion Character Model,Character material map,Character texture · GTS_CUSTOMGENERIC2015 · IMG_BODYDIFF,research,True,indexed,512,512,512,512,DXT1,229376,376,3D model diffuse/normal/specular or rig-associated texture.,
3,GTS_CUSTOMGENERIC2015.ARC,IMG_BODYNORM,unknown_visual,Character & Pit Crew Textures,Driver / Champion Character Model,Character material map,Character texture · GTS_CUSTOMGENERIC2015 · IMG_BODYNORM,research,True,indexed,512,512,512,512,DXT1,163840,229864,3D model diffuse/normal/specular or rig-associated texture.,
3,GTS_CUSTOMGENERIC2015.ARC,IMG_BODYSPEC,unknown_visual,Character & Pit Crew Textures,Driver / Champion Character Model,Character material map,Character texture · GTS_CUSTOMGENERIC2015 · IMG_BODYSPEC,research,True,indexed,256,256,256,256,DXT1,40960,393752,3D model diffuse/normal/specular or rig-associated texture.,
3,GTS_CUSTOMGENERIC2015.ARC,IMG_CAPDIFF,unknown_visual,Character & Pit Crew Textures,Driver / Champion Character Model,Character material map,Character texture · GTS_CUSTOMGENERIC2015 · IMG_CAPDIFF,research,True,indexed,256,256,256,256,DXT1,98304,434760,3D model diffuse/normal/specular or rig-associated texture.,
3,GTS_CUSTOMGENERIC2015.ARC,IMG_CAPNORM,unknown_visual,Character & Pit Crew Textures,Driver / Champion Character Model,Character material map,Character texture · GTS_CUSTOMGENERIC2015 · IMG_CAPNORM,research,True,indexed,256,256,256,256,DXT1,65536,533160,3D model diffuse/normal/specular or rig-associated texture.,
3,GTS_CUSTOMGENERIC2015.ARC,IMG_CAPSPEC,unknown_visual,Character & Pit Crew Textures,Driver / Champion Character Model,Character material map,Character texture · GTS_CUSTOMGENERIC2015 · IMG_CAPSPEC,research,True,indexed,128,128,128,128,DXT1,40960,598760,3D model diffuse/normal/specular or rig-associated texture.,
3,GTS_CUSTOMGENERICF2015.ARC,IMG_BODYDIFF,unknown_visual,Character & Pit Crew Textures,Driver / Champion Character Model,Character material map,Character texture · GTS_CUSTOMGENERICF2015 · IMG_BODYDIFF,research,True,indexed,512,512,512,512,DXT1,229376,376,3D model diffuse/normal/specular or rig-associated texture.,
3,GTS_CUSTOMGENERICF2015.ARC,IMG_BODYNORM,unknown_visual,Character & Pit Crew Textures,Driver / Champion Character Model,Character material map,Character texture · GTS_CUSTOMGENERICF2015 · IMG_BODYNORM,research,True,indexed,512,512,512,512,DXT1,163840,229864,3D model diffuse/normal/specular or rig-associated texture.,
3,GTS_CUSTOMGENERICF2015.ARC,IMG_BODYSPEC,unknown_visual,Character & Pit Crew Textures,Driver / Champion Character Model,Character material map,Character texture · GTS_CUSTOMGENERICF2015 · IMG_BODYSPEC,research,True,indexed,256,256,256,256,DXT1,40960,393752,3D model diffuse/normal/specular or rig-associated texture.,
3,GTS_CUSTOMGENERICF2015.ARC,IMG_CAPDIFF,unknown_visual,Character & Pit Crew Textures,Driver / Champion Character Model,Character material map,Character texture · GTS_CUSTOMGENERICF2015 · IMG_CAPDIFF,research,True,indexed,256,256,256,256,DXT1,98304,434760,3D model diffuse/normal/specular or rig-associated texture.,
3,GTS_CUSTOMGENERICF2015.ARC,IMG_CAPNORM,unknown_visual,Character & Pit Crew Textures,Driver / Champion Character Model,Character material map,Character texture · GTS_CUSTOMGENERICF2015 · IMG_CAPNORM,research,True,indexed,256,256,256,256,DXT1,65536,533160,3D model diffuse/normal/specular or rig-associated texture.,
3,GTS_CUSTOMGENERICF2015.ARC,IMG_CAPSPEC,unknown_visual,Character & Pit Crew Textures,Driver / Champion Character Model,Character material map,Character texture · GTS_CUSTOMGENERICF2015 · IMG_CAPSPEC,research,True,indexed,128,128,128,128,DXT1,40960,598760,3D model diffuse/normal/specular or rig-associated texture.,
3,GTS_MISSSPRINTCUP.ARC,IMG_BODYDIFF,unknown_visual,Character & Pit Crew Textures,Driver / Champion Character Model,Character material map,Character texture · GTS_MISSSPRINTCUP · IMG_BODYDIFF,research,True,indexed,512,512,512,512,DXT1,229376,376,3D model diffuse/normal/specular or rig-associated texture.,
3,GTS_MISSSPRINTCUP.ARC,IMG_BODYNORM,unknown_visual,Character & Pit Crew Textures,Driver / Champion Character Model,Character material map,Character texture · GTS_MISSSPRINTCUP · IMG_BODYNORM,research,True,indexed,512,512,512,512,DXT1,163840,229864,3D model diffuse/normal/specular or rig-associated texture.,
3,GTS_MISSSPRINTCUP.ARC,IMG_BODYSPEC,unknown_visual,Character & Pit Crew Textures,Driver / Champion Character Model,Character material map,Character texture · GTS_MISSSPRINTCUP · IMG_BODYSPEC,research,True,indexed,256,256,256,256,DXT1,40960,393752,3D model diffuse/normal/specular or rig-associated texture.,
3,GTS_MISSSPRINTCUP.ARC,IMG_CAPDIFF,unknown_visual,Character & Pit Crew Textures,Driver / Champion Character Model,Character material map,Character texture · GTS_MISSSPRINTCUP · IMG_CAPDIFF,research,True,indexed,256,256,256,256,DXT1,98304,434760,3D model diffuse/normal/specular or rig-associated texture.,
3,GTS_MISSSPRINTCUP.ARC,IMG_CAPNORM,unknown_visual,Character & Pit Crew Textures,Driver / Champion Character Model,Character material map,Character texture · GTS_MISSSPRINTCUP · IMG_CAPNORM,research,True,indexed,256,256,256,256,DXT1,65536,533160,3D model diffuse/normal/specular or rig-associated texture.,
3,GTS_MISSSPRINTCUP.ARC,IMG_CAPSPEC,unknown_visual,Character & Pit Crew Textures,Driver / Champion Character Model,Character material map,Character texture · GTS_MISSSPRINTCUP · IMG_CAPSPEC,research,True,indexed,128,128,128,128,DXT1,40960,598760,3D model diffuse/normal/specular or rig-associated texture.,
3,ITS_2015_NEWMAN.ARC,IMG_BODYDIFF,unknown_visual,Character & Pit Crew Textures,Driver / Champion Character Model,Character material map,Character texture · ITS_2015_NEWMAN · IMG_BODYDIFF,research,True,indexed,128,128,128,128,DXT1,65536,376,3D model diffuse/normal/specular or rig-associated texture.,
3,ITS_2015_NEWMAN.ARC,IMG_BODYNORM,unknown_visual,Character & Pit Crew Textures,Driver / Champion Character Model,Character material map,Character texture · ITS_2015_NEWMAN · IMG_BODYNORM,research,True,indexed,128,128,128,128,DXT1,8192,66008,3D model diffuse/normal/specular or rig-associated texture.,
3,ITS_2015_NEWMAN.ARC,IMG_BODYSPEC,unknown_visual,Character & Pit Crew Textures,Driver / Champion Character Model,Character material map,Character texture · ITS_2015_NEWMAN · IMG_BODYSPEC,research,True,indexed,128,128,128,128,DXT1,8192,74232,3D model diffuse/normal/specular or rig-associated texture.,
3,ITS_2015_NEWMAN.ARC,IMG_CAPDIFF,unknown_visual,Character & Pit Crew Textures,Driver / Champion Character Model,Character material map,Character texture · ITS_2015_NEWMAN · IMG_CAPDIFF,research,True,indexed,64,64,64,64,DXT1,57344,82456,3D model diffuse/normal/specular or rig-associated texture.,
3,ITS_2015_NEWMAN.ARC,IMG_CAPNORM,unknown_visual,Character & Pit Crew Textures,Driver / Champion Character Model,Character material map,Character texture · ITS_2015_NEWMAN · IMG_CAPNORM,research,True,indexed,64,64,64,64,DXT1,24576,139880,3D model diffuse/normal/specular or rig-associated texture.,
3,ITS_2015_NEWMAN.ARC,IMG_CAPSPEC,unknown_visual,Character & Pit Crew Textures,Driver / Champion Character Model,Character material map,Character texture · ITS_2015_NEWMAN · IMG_CAPSPEC,research,True,indexed,64,64,64,64,DXT1,32768,164504,3D model diffuse/normal/specular or rig-associated texture.,
3,ITS_CUSTOMGENERIC2015.ARC,IMG_BODYDIFF,unknown_visual,Character & Pit Crew Textures,Driver / Champion Character Model,Character material map,Character texture · ITS_CUSTOMGENERIC2015 · IMG_BODYDIFF,research,True,indexed,128,128,128,128,DXT1,65536,376,3D model diffuse/normal/specular or rig-associated texture.,
3,ITS_CUSTOMGENERIC2015.ARC,IMG_BODYNORM,unknown_visual,Character & Pit Crew Textures,Driver / Champion Character Model,Character material map,Character texture · ITS_CUSTOMGENERIC2015 · IMG_BODYNORM,research,True,indexed,128,128,128,128,DXT1,8192,66008,3D model diffuse/normal/specular or rig-associated texture.,
3,ITS_CUSTOMGENERIC2015.ARC,IMG_BODYSPEC,unknown_visual,Character & Pit Crew Textures,Driver / Champion Character Model,Character material map,Character texture · ITS_CUSTOMGENERIC2015 · IMG_BODYSPEC,research,True,indexed,128,128,128,128,DXT1,8192,74232,3D model diffuse/normal/specular or rig-associated texture.,
3,ITS_CUSTOMGENERIC2015.ARC,IMG_CAPDIFF,unknown_visual,Character & Pit Crew Textures,Driver / Champion Character Model,Character material map,Character texture · ITS_CUSTOMGENERIC2015 · IMG_CAPDIFF,research,True,indexed,64,64,64,64,DXT1,57344,82456,3D model diffuse/normal/specular or rig-associated texture.,
3,ITS_CUSTOMGENERIC2015.ARC,IMG_CAPNORM,unknown_visual,Character & Pit Crew Textures,Driver / Champion Character Model,Character material map,Character texture · ITS_CUSTOMGENERIC2015 · IMG_CAPNORM,research,True,indexed,64,64,64,64,DXT1,24576,139880,3D model diffuse/normal/specular or rig-associated texture.,
3,ITS_CUSTOMGENERIC2015.ARC,IMG_CAPSPEC,unknown_visual,Character & Pit Crew Textures,Driver / Champion Character Model,Character material map,Character texture · ITS_CUSTOMGENERIC2015 · IMG_CAPSPEC,research,True,indexed,64,64,64,64,DXT1,32768,164504,3D model diffuse/normal/specular or rig-associated texture.,
3,ITS_CUSTOMGENERICF2015.ARC,IMG_BODYDIFF,unknown_visual,Character & Pit Crew Textures,Driver / Champion Character Model,Character material map,Character texture · ITS_CUSTOMGENERICF2015 · IMG_BODYDIFF,research,True,indexed,128,128,128,128,DXT1,65536,376,3D model diffuse/normal/specular or rig-associated texture.,
3,ITS_CUSTOMGENERICF2015.ARC,IMG_BODYNORM,unknown_visual,Character & Pit Crew Textures,Driver / Champion Character Model,Character material map,Character texture · ITS_CUSTOMGENERICF2015 · IMG_BODYNORM,research,True,indexed,128,128,128,128,DXT1,8192,66008,3D model diffuse/normal/specular or rig-associated texture.,
3,ITS_CUSTOMGENERICF2015.ARC,IMG_BODYSPEC,unknown_visual,Character & Pit Crew Textures,Driver / Champion Character Model,Character material map,Character texture · ITS_CUSTOMGENERICF2015 · IMG_BODYSPEC,research,True,indexed,128,128,128,128,DXT1,8192,74232,3D model diffuse/normal/specular or rig-associated texture.,
3,ITS_CUSTOMGENERICF2015.ARC,IMG_CAPDIFF,unknown_visual,Character & Pit Crew Textures,Driver / Champion Character Model,Character material map,Character texture · ITS_CUSTOMGENERICF2015 · IMG_CAPDIFF,research,True,indexed,64,64,64,64,DXT1,57344,82456,3D model diffuse/normal/specular or rig-associated texture.,
3,ITS_CUSTOMGENERICF2015.ARC,IMG_CAPNORM,unknown_visual,Character & Pit Crew Textures,Driver / Champion Character Model,Character material map,Character texture · ITS_CUSTOMGENERICF2015 · IMG_CAPNORM,research,True,indexed,64,64,64,64,DXT1,24576,139880,3D model diffuse/normal/specular or rig-associated texture.,
3,ITS_CUSTOMGENERICF2015.ARC,IMG_CAPSPEC,unknown_visual,Character & Pit Crew Textures,Driver / Champion Character Model,Character material map,Character texture · ITS_CUSTOMGENERICF2015 · IMG_CAPSPEC,research,True,indexed,64,64,64,64,DXT1,32768,164504,3D model diffuse/normal/specular or rig-associated texture.,
3,ITS_MISSSPRINTCUP.ARC,IMG_BODYDIFF,unknown_visual,Character & Pit Crew Textures,Driver / Champion Character Model,Character material map,Character texture · ITS_MISSSPRINTCUP · IMG_BODYDIFF,research,True,indexed,128,128,128,128,DXT1,65536,376,3D model diffuse/normal/specular or rig-associated texture.,
3,ITS_MISSSPRINTCUP.ARC,IMG_BODYNORM,unknown_visual,Character & Pit Crew Textures,Driver / Champion Character Model,Character material map,Character texture · ITS_MISSSPRINTCUP · IMG_BODYNORM,research,True,indexed,128,128,128,128,DXT1,8192,66008,3D model diffuse/normal/specular or rig-associated texture.,
3,ITS_MISSSPRINTCUP.ARC,IMG_BODYSPEC,unknown_visual,Character & Pit Crew Textures,Driver / Champion Character Model,Character material map,Character texture · ITS_MISSSPRINTCUP · IMG_BODYSPEC,research,True,indexed,128,128,128,128,DXT1,8192,74232,3D model diffuse/normal/specular or rig-associated texture.,
3,ITS_MISSSPRINTCUP.ARC,IMG_CAPDIFF,unknown_visual,Character & Pit Crew Textures,Driver / Champion Character Model,Character material map,Character texture · ITS_MISSSPRINTCUP · IMG_CAPDIFF,research,True,indexed,64,64,64,64,DXT1,57344,82456,3D model diffuse/normal/specular or rig-associated texture.,
3,ITS_MISSSPRINTCUP.ARC,IMG_CAPNORM,unknown_visual,Character & Pit Crew Textures,Driver / Champion Character Model,Character material map,Character texture · ITS_MISSSPRINTCUP · IMG_CAPNORM,research,True,indexed,64,64,64,64,DXT1,24576,139880,3D model diffuse/normal/specular or rig-associated texture.,
3,ITS_MISSSPRINTCUP.ARC,IMG_CAPSPEC,unknown_visual,Character & Pit Crew Textures,Driver / Champion Character Model,Character material map,Character texture · ITS_MISSSPRINTCUP · IMG_CAPSPEC,research,True,indexed,64,64,64,64,DXT1,32768,164504,3D model diffuse/normal/specular or rig-associated texture.,
3189127741,FEI_LIV_25601.ARC,PAINTSCHEME_25601,paint_scheme_preview,Paint Scheme Previews,Paint Select / Paint Booth,Scheme thumbnail,Paint scheme preview · PAINTSCHEME_25601,likely,True,indexed,256,256,256,256,DXT5,65536,216,Mapped from known paint-preview naming.,
3189127741,FEI_LIV_25602.ARC,PAINTSCHEME_25602,paint_scheme_preview,Paint Scheme Previews,Paint Select / Paint Booth,Scheme thumbnail,Paint scheme preview · PAINTSCHEME_25602,likely,True,indexed,256,256,256,256,DXT5,65536,216,Mapped from known paint-preview naming.,
3189127741,FEI_LIV_25616.ARC,PAINTSCHEME_25616,paint_scheme_preview,Paint Scheme Previews,Paint Select / Paint Booth,Scheme thumbnail,Paint scheme preview · PAINTSCHEME_25616,likely,True,indexed,256,256,256,256,DXT5,65536,216,Mapped from known paint-preview naming.,
3189127741,FEI_LIV_25603.ARC,PAINTSCHEME_25603,paint_scheme_preview,Paint Scheme Previews,Paint Select / Paint Booth,Scheme thumbnail,Paint scheme preview · PAINTSCHEME_25603,likely,True,indexed,256,256,256,256,DXT5,65536,216,Mapped from known paint-preview naming.,
3189127741,FEI_LIV_25604.ARC,PAINTSCHEME_25604,paint_scheme_preview,Paint Scheme Previews,Paint Select / Paint Booth,Scheme thumbnail,Paint scheme preview · PAINTSCHEME_25604,likely,True,indexed,256,256,256,256,DXT5,65536,216,Mapped from known paint-preview naming.,
3189127741,FEI_LIV_25605.ARC,PAINTSCHEME_25605,paint_scheme_preview,Paint Scheme Previews,Paint Select / Paint Booth,Scheme thumbnail,Paint scheme preview · PAINTSCHEME_25605,likely,True,indexed,256,256,256,256,DXT5,65536,216,Mapped from known paint-preview naming.,
3189127741,FEI_LIV_25606.ARC,PAINTSCHEME_25606,paint_scheme_preview,Paint Scheme Previews,Paint Select / Paint Booth,Scheme thumbnail,Paint scheme preview · PAINTSCHEME_25606,likely,True,indexed,256,256,256,256,DXT5,65536,216,Mapped from known paint-preview naming.,
3189127741,FEI_LIV_25607.ARC,PAINTSCHEME_25607,paint_scheme_preview,Paint Scheme Previews,Paint Select / Paint Booth,Scheme thumbnail,Paint scheme preview · PAINTSCHEME_25607,likely,True,indexed,256,256,256,256,DXT5,65536,216,Mapped from known paint-preview naming.,
3189127741,FEI_LIV_25608.ARC,PAINTSCHEME_25608,paint_scheme_preview,Paint Scheme Previews,Paint Select / Paint Booth,Scheme thumbnail,Paint scheme preview · PAINTSCHEME_25608,likely,True,indexed,256,256,256,256,DXT5,65536,216,Mapped from known paint-preview naming.,
3189127741,FEI_LIV_25596.ARC,PAINTSCHEME_25596,paint_scheme_preview,Paint Scheme Previews,Paint Select / Paint Booth,Scheme thumbnail,Paint scheme preview · PAINTSCHEME_25596,likely,True,indexed,256,256,256,256,DXT5,65536,216,Mapped from known paint-preview naming.,
3189127741,FEI_LIV_25609.ARC,PAINTSCHEME_25609,paint_scheme_preview,Paint Scheme Previews,Paint Select / Paint Booth,Scheme thumbnail,Paint scheme preview · PAINTSCHEME_25609,likely,True,indexed,256,256,256,256,DXT5,65536,216,Mapped from known paint-preview naming.,
3189127741,LIVERY_DLC_31_NEWMAN_3.ARC,IMG_LIV,unknown_visual,Vehicle / Livery Textures,On-track Vehicle,Livery texture,Vehicle livery · LIVERY_DLC_31_NEWMAN_3,research,True,indexed,2048,1024,2048,1024,DXT1,1458176,216,Car livery atlas. Prefer the dedicated Paint Schemes workflow for normal roster paint changes.,
3189127741,HDLIVERY_DLC_31_NEWMAN_3.ARC,IMG_LIV,unknown_visual,Vehicle / Livery Textures,On-track Vehicle,Livery texture,Vehicle livery · HDLIVERY_DLC_31_NEWMAN_3,research,True,indexed,4096,2048,4096,2048,DXT1,5652480,216,Car livery atlas. Prefer the dedicated Paint Schemes workflow for normal roster paint changes.,
3189127741,FEI_LIV_25597.ARC,PAINTSCHEME_25597,paint_scheme_preview,Paint Scheme Previews,Paint Select / Paint Booth,Scheme thumbnail,Paint scheme preview · PAINTSCHEME_25597,likely,True,indexed,256,256,256,256,DXT5,65536,216,Mapped from known paint-preview naming.,
3189127741,FEI_LIV_25610.ARC,PAINTSCHEME_25610,paint_scheme_preview,Paint Scheme Previews,Paint Select / Paint Booth,Scheme thumbnail,Paint scheme preview · PAINTSCHEME_25610,likely,True,indexed,256,256,256,256,DXT5,65536,216,Mapped from known paint-preview naming.,
3189127741,FEI_LIV_25611.ARC,PAINTSCHEME_25611,paint_scheme_preview,Paint Scheme Previews,Paint Select / Paint Booth,Scheme thumbnail,Paint scheme preview · PAINTSCHEME_25611,likely,True,indexed,256,256,256,256,DXT5,65536,216,Mapped from known paint-preview naming.,
3189127741,FEI_LIV_25614.ARC,PAINTSCHEME_25614,paint_scheme_preview,Paint Scheme Previews,Paint Select / Paint Booth,Scheme thumbnail,Paint scheme preview · PAINTSCHEME_25614,likely,True,indexed,256,256,256,256,DXT5,65536,216,Mapped from known paint-preview naming.,
3189127741,FEI_LIV_25598.ARC,PAINTSCHEME_25598,paint_scheme_preview,Paint Scheme Previews,Paint Select / Paint Booth,Scheme thumbnail,Paint scheme preview · PAINTSCHEME_25598,likely,True,indexed,256,256,256,256,DXT5,65536,216,Mapped from known paint-preview naming.,
3189127741,FEI_LIV_25599.ARC,PAINTSCHEME_25599,paint_scheme_preview,Paint Scheme Previews,Paint Select / Paint Booth,Scheme thumbnail,Paint scheme preview · PAINTSCHEME_25599,likely,True,indexed,256,256,256,256,DXT5,65536,216,Mapped from known paint-preview naming.,
3189127741,FEI_LIV_25600.ARC,PAINTSCHEME_25600,paint_scheme_preview,Paint Scheme Previews,Paint Select / Paint Booth,Scheme thumbnail,Paint scheme preview · PAINTSCHEME_25600,likely,True,indexed,256,256,256,256,DXT5,65536,216,Mapped from known paint-preview naming.,
3189127741,FEI_LIV_25613.ARC,PAINTSCHEME_25613,paint_scheme_preview,Paint Scheme Previews,Paint Select / Paint Booth,Scheme thumbnail,Paint scheme preview · PAINTSCHEME_25613,likely,True,indexed,256,256,256,256,DXT5,65536,216,Mapped from known paint-preview naming.,
3189127741,FEI_LIV_25615.ARC,PAINTSCHEME_25615,paint_scheme_preview,Paint Scheme Previews,Paint Select / Paint Booth,Scheme thumbnail,Paint scheme preview · PAINTSCHEME_25615,likely,True,indexed,256,256,256,256,DXT5,65536,216,Mapped from known paint-preview naming.,
3464285874,FEI_LIV_25534.ARC,PAINTSCHEME_25534,paint_scheme_preview,Paint Scheme Previews,Paint Select / Paint Booth,Scheme thumbnail,Paint scheme preview · PAINTSCHEME_25534,likely,True,indexed,256,256,256,256,DXT5,65536,216,Mapped from known paint-preview naming.,
3464285874,FEI_LIV_25535.ARC,PAINTSCHEME_25535,paint_scheme_preview,Paint Scheme Previews,Paint Select / Paint Booth,Scheme thumbnail,Paint scheme preview · PAINTSCHEME_25535,likely,True,indexed,256,256,256,256,DXT5,65536,216,Mapped from known paint-preview naming.,
3464285874,FEI_LIV_25522.ARC,PAINTSCHEME_25522,paint_scheme_preview,Paint Scheme Previews,Paint Select / Paint Booth,Scheme thumbnail,Paint scheme preview · PAINTSCHEME_25522,likely,True,indexed,256,256,256,256,DXT5,65536,216,Mapped from known paint-preview naming.,
3464285874,FEI_LIV_25547.ARC,PAINTSCHEME_25547,paint_scheme_preview,Paint Scheme Previews,Paint Select / Paint Booth,Scheme thumbnail,Paint scheme preview · PAINTSCHEME_25547,likely,True,indexed,256,256,256,256,DXT5,65536,216,Mapped from known paint-preview naming.,
3464285874,FEI_LIV_25553.ARC,PAINTSCHEME_25553,paint_scheme_preview,Paint Scheme Previews,Paint Select / Paint Booth,Scheme thumbnail,Paint scheme preview · PAINTSCHEME_25553,likely,True,indexed,256,256,256,256,DXT5,65536,216,Mapped from known paint-preview naming.,
3464285874,FEI_LIV_25563.ARC,PAINTSCHEME_25563,paint_scheme_preview,Paint Scheme Previews,Paint Select / Paint Booth,Scheme thumbnail,Paint scheme preview · PAINTSCHEME_25563,likely,True,indexed,256,256,256,256,DXT5,65536,216,Mapped from known paint-preview naming.,
3464285874,FEI_LIV_25554.ARC,PAINTSCHEME_25554,paint_scheme_preview,Paint Scheme Previews,Paint Select / Paint Booth,Scheme thumbnail,Paint scheme preview · PAINTSCHEME_25554,likely,True,indexed,256,256,256,256,DXT5,65536,216,Mapped from known paint-preview naming.,
3464285874,FEI_LIV_25525.ARC,PAINTSCHEME_25525,paint_scheme_preview,Paint Scheme Previews,Paint Select / Paint Booth,Scheme thumbnail,Paint scheme preview · PAINTSCHEME_25525,likely,True,indexed,256,256,256,256,DXT5,65536,216,Mapped from known paint-preview naming.,
3464285874,FEI_LIV_25528.ARC,PAINTSCHEME_25528,paint_scheme_preview,Paint Scheme Previews,Paint Select / Paint Booth,Scheme thumbnail,Paint scheme preview · PAINTSCHEME_25528,likely,True,indexed,256,256,256,256,DXT5,65536,216,Mapped from known paint-preview naming.,
3464285874,FEI_LIV_25555.ARC,PAINTSCHEME_25555,paint_scheme_preview,Paint Scheme Previews,Paint Select / Paint Booth,Scheme thumbnail,Paint scheme preview · PAINTSCHEME_25555,likely,True,indexed,256,256,256,256,DXT5,65536,216,Mapped from known paint-preview naming.,
3706994145,FEI_LIV_25575.ARC,PAINTSCHEME_25575,paint_scheme_preview,Paint Scheme Previews,Paint Select / Paint Booth,Scheme thumbnail,Paint scheme preview · PAINTSCHEME_25575,likely,True,indexed,256,256,256,256,DXT5,65536,216,Mapped from known paint-preview naming.,
3706994145,FEI_LIV_25576.ARC,PAINTSCHEME_25576,paint_scheme_preview,Paint Scheme Previews,Paint Select / Paint Booth,Scheme thumbnail,Paint scheme preview · PAINTSCHEME_25576,likely,True,indexed,256,256,256,256,DXT5,65536,216,Mapped from known paint-preview naming.,
3706994145,FEI_LIV_25577.ARC,PAINTSCHEME_25577,paint_scheme_preview,Paint Scheme Previews,Paint Select / Paint Booth,Scheme thumbnail,Paint scheme preview · PAINTSCHEME_25577,likely,True,indexed,256,256,256,256,DXT5,65536,216,Mapped from known paint-preview naming.,
544386974,FEI_LIV_25530.ARC,PAINTSCHEME_25530,paint_scheme_preview,Paint Scheme Previews,Paint Select / Paint Booth,Scheme thumbnail,Paint scheme preview · PAINTSCHEME_25530,likely,True,indexed,256,256,256,256,DXT5,65536,216,Mapped from known paint-preview naming.,
544386974,FEI_LIV_25564.ARC,PAINTSCHEME_25564,paint_scheme_preview,Paint Scheme Previews,Paint Select / Paint Booth,Scheme thumbnail,Paint scheme preview · PAINTSCHEME_25564,likely,True,indexed,256,256,256,256,DXT5,65536,216,Mapped from known paint-preview naming.,
544386974,FEI_LIV_25536.ARC,PAINTSCHEME_25536,paint_scheme_preview,Paint Scheme Previews,Paint Select / Paint Booth,Scheme thumbnail,Paint scheme preview · PAINTSCHEME_25536,likely,True,indexed,256,256,256,256,DXT5,65536,216,Mapped from known paint-preview naming.,
544386974,FEI_LIV_25540.ARC,PAINTSCHEME_25540,paint_scheme_preview,Paint Scheme Previews,Paint Select / Paint Booth,Scheme thumbnail,Paint scheme preview · PAINTSCHEME_25540,likely,True,indexed,256,256,256,256,DXT5,65536,216,Mapped from known paint-preview naming.,
544386974,FEI_LIV_25541.ARC,PAINTSCHEME_25541,paint_scheme_preview,Paint Scheme Previews,Paint Select / Paint Booth,Scheme thumbnail,Paint scheme preview · PAINTSCHEME_25541,likely,True,indexed,256,256,256,256,DXT5,65536,216,Mapped from known paint-preview naming.,
544386974,FEI_LIV_25544.ARC,PAINTSCHEME_25544,paint_scheme_preview,Paint Scheme Previews,Paint Select / Paint Booth,Scheme thumbnail,Paint scheme preview · PAINTSCHEME_25544,likely,True,indexed,256,256,256,256,DXT5,65536,216,Mapped from known paint-preview naming.,
544386974,FEI_LIV_25545.ARC,PAINTSCHEME_25545,paint_scheme_preview,Paint Scheme Previews,Paint Select / Paint Booth,Scheme thumbnail,Paint scheme preview · PAINTSCHEME_25545,likely,True,indexed,256,256,256,256,DXT5,65536,216,Mapped from known paint-preview naming.,
544386974,FEI_LIV_25546.ARC,PAINTSCHEME_25546,paint_scheme_preview,Paint Scheme Previews,Paint Select / Paint Booth,Scheme thumbnail,Paint scheme preview · PAINTSCHEME_25546,likely,True,indexed,256,256,256,256,DXT5,65536,216,Mapped from known paint-preview naming.,
544386974,FEI_LIV_25523.ARC,PAINTSCHEME_25523,paint_scheme_preview,Paint Scheme Previews,Paint Select / Paint Booth,Scheme thumbnail,Paint scheme preview · PAINTSCHEME_25523,likely,True,indexed,256,256,256,256,DXT5,65536,216,Mapped from known paint-preview naming.,
544386974,FEI_LIV_25548.ARC,PAINTSCHEME_25548,paint_scheme_preview,Paint Scheme Previews,Paint Select / Paint Booth,Scheme thumbnail,Paint scheme preview · PAINTSCHEME_25548,likely,True,indexed,256,256,256,256,DXT5,65536,216,Mapped from known paint-preview naming.,
544386974,LIVERY_DLC_31_NEWMAN_2.ARC,IMG_LIV,unknown_visual,Vehicle / Livery Textures,On-track Vehicle,Livery texture,Vehicle livery · LIVERY_DLC_31_NEWMAN_2,research,True,indexed,2048,1024,2048,1024,DXT1,1458176,216,Car livery atlas. Prefer the dedicated Paint Schemes workflow for normal roster paint changes.,
544386974,HDLIVERY_DLC_31_NEWMAN_2.ARC,IMG_LIV,unknown_visual,Vehicle / Livery Textures,On-track Vehicle,Livery texture,Vehicle livery · HDLIVERY_DLC_31_NEWMAN_2,research,True,indexed,4096,2048,4096,2048,DXT1,5652480,216,Car livery atlas. Prefer the dedicated Paint Schemes workflow for normal roster paint changes.,
544386974,FEI_LIV_25549.ARC,PAINTSCHEME_25549,paint_scheme_preview,Paint Scheme Previews,Paint Select / Paint Booth,Scheme thumbnail,Paint scheme preview · PAINTSCHEME_25549,likely,True,indexed,256,256,256,256,DXT5,65536,216,Mapped from known paint-preview naming.,
544386974,FEI_LIV_25524.ARC,PAINTSCHEME_25524,paint_scheme_preview,Paint Scheme Previews,Paint Select / Paint Booth,Scheme thumbnail,Paint scheme preview · PAINTSCHEME_25524,likely,True,indexed,256,256,256,256,DXT5,65536,216,Mapped from known paint-preview naming.,
544386974,FEI_LIV_25551.ARC,PAINTSCHEME_25551,paint_scheme_preview,Paint Scheme Previews,Paint Select / Paint Booth,Scheme thumbnail,Paint scheme preview · PAINTSCHEME_25551,likely,True,indexed,256,256,256,256,DXT5,65536,216,Mapped from known paint-preview naming.,
544386974,FEI_LIV_25552.ARC,PAINTSCHEME_25552,paint_scheme_preview,Paint Scheme Previews,Paint Select / Paint Booth,Scheme thumbnail,Paint scheme preview · PAINTSCHEME_25552,likely,True,indexed,256,256,256,256,DXT5,65536,216,Mapped from known paint-preview naming.,
544386974,FEI_LIV_25526.ARC,PAINTSCHEME_25526,paint_scheme_preview,Paint Scheme Previews,Paint Select / Paint Booth,Scheme thumbnail,Paint scheme preview · PAINTSCHEME_25526,likely,True,indexed,256,256,256,256,DXT5,65536,216,Mapped from known paint-preview naming.,
544386974,FEI_LIV_25527.ARC,PAINTSCHEME_25527,paint_scheme_preview,Paint Scheme Previews,Paint Select / Paint Booth,Scheme thumbnail,Paint scheme preview · PAINTSCHEME_25527,likely,True,indexed,256,256,256,256,DXT5,65536,216,Mapped from known paint-preview naming.,
544386974,FEI_LIV_25556.ARC,PAINTSCHEME_25556,paint_scheme_preview,Paint Scheme Previews,Paint Select / Paint Booth,Scheme thumbnail,Paint scheme preview · PAINTSCHEME_25556,likely,True,indexed,256,256,256,256,DXT5,65536,216,Mapped from known paint-preview naming.,
544386974,FEI_LIV_25557.ARC,PAINTSCHEME_25557,paint_scheme_preview,Paint Scheme Previews,Paint Select / Paint Booth,Scheme thumbnail,Paint scheme preview · PAINTSCHEME_25557,likely,True,indexed,256,256,256,256,DXT5,65536,216,Mapped from known paint-preview naming.,
3,NASCAR6_TEXTURES_X.ARC,texture_record_0001,shared_vehicle_textures,Shared Vehicle Textures,On-track car / shared vehicle,Shared vehicle material texture,texture record 0001,likely,True,indexed,64,64,64,64,DXT1,57344,2147688,Mapped from the clean NASCAR 15 shared vehicle texture bank.,
3,NASCAR6_TEXTURES_X.ARC,Alloy_DiffuseRefl0.dds,shared_vehicle_textures,Shared Vehicle Textures,On-track car / shared vehicle,Shared vehicle material texture,Alloy DiffuseRefl0,likely,False,indexed,32,32,32,32,A8R8G8B8,4096,2205112,Indexed from the clean game; 32-bit PNG editing remains unavailable.,32-bit format not decoded
3,NASCAR6_TEXTURES_X.ARC,Alloy_Specular0.dds,shared_vehicle_textures,Shared Vehicle Textures,On-track car / shared vehicle,Shared vehicle material texture,Alloy Specular0,likely,False,indexed,32,32,32,32,A8R8G8B8,4096,2209240,Indexed from the clean game; 32-bit PNG editing remains unavailable.,32-bit format not decoded
3,NASCAR6_TEXTURES_X.ARC,blankPaint.dds,shared_vehicle_textures,Shared Vehicle Textures,On-track car / shared vehicle,Shared vehicle material texture,blankPaint,likely,True,indexed,32,32,32,32,DXT1,2048,2213368,Mapped from the clean NASCAR 15 shared vehicle texture bank.,
3,NASCAR6_TEXTURES_X.ARC,Chassis.dds,shared_vehicle_textures,Shared Vehicle Textures,On-track car / shared vehicle,Shared vehicle material texture,Chassis,likely,True,indexed,1024,1024,1024,1024,DXT1,753664,2215448,Mapped from the clean NASCAR 15 shared vehicle texture bank.,
3,NASCAR6_TEXTURES_X.ARC,Chassis_Occlusion.dds,shared_vehicle_textures,Shared Vehicle Textures,On-track car / shared vehicle,Shared vehicle material texture,Chassis Occlusion,likely,True,indexed,512,512,512,512,DXT1,229376,2969224,Mapped from the clean NASCAR 15 shared vehicle texture bank.,
3,NASCAR6_TEXTURES_X.ARC,damage2013_ALT0.dds,shared_vehicle_textures,Shared Vehicle Textures,On-track car / shared vehicle,Shared vehicle material texture,damage2013 ALT0,likely,True,indexed,1024,512,1024,512,DXT5,819200,3198712,Mapped from the clean NASCAR 15 shared vehicle texture bank.,
3,NASCAR6_TEXTURES_X.ARC,damage2013_ALT2.dds,shared_vehicle_textures,Shared Vehicle Textures,On-track car / shared vehicle,Shared vehicle material texture,damage2013 ALT2,likely,True,indexed,1024,512,1024,512,DXT5,819200,4018024,Mapped from the clean NASCAR 15 shared vehicle texture bank.,
3,NASCAR6_TEXTURES_X.ARC,damage2015_ALT3.dds,shared_vehicle_textures,Shared Vehicle Textures,On-track car / shared vehicle,Shared vehicle material texture,damage2015 ALT3,likely,True,indexed,1024,512,1024,512,DXT5,819200,4837336,Mapped from the clean NASCAR 15 shared vehicle texture bank.,
3,NASCAR6_TEXTURES_X.ARC,damage_details.dds,shared_vehicle_textures,Shared Vehicle Textures,On-track car / shared vehicle,Shared vehicle material texture,damage details,likely,True,indexed,64,64,64,64,DXT1,57344,5656648,Mapped from the clean NASCAR 15 shared vehicle texture bank.,
3,NASCAR6_TEXTURES_X.ARC,DaytonaEngineFire03.dds,shared_vehicle_textures,Shared Vehicle Textures,On-track car / shared vehicle,Shared vehicle material texture,DaytonaEngineFire03,likely,True,indexed,256,256,256,256,DXT5,65536,5714072,Mapped from the clean NASCAR 15 shared vehicle texture bank.,
3,NASCAR6_TEXTURES_X.ARC,DaytonaEngineFireNoise.dds,shared_vehicle_textures,Shared Vehicle Textures,On-track car / shared vehicle,Shared vehicle material texture,DaytonaEngineFireNoise,likely,True,indexed,256,256,256,256,DXT1,32768,5779640,Mapped from the clean NASCAR 15 shared vehicle texture bank.,
3,NASCAR6_TEXTURES_X.ARC,dirtMask.dds,shared_vehicle_textures,Shared Vehicle Textures,On-track car / shared vehicle,Shared vehicle material texture,dirtMask,likely,False,indexed,32,16,32,16,A8R8G8B8,24576,5812440,Indexed from the clean game; 32-bit PNG editing remains unavailable.,32-bit format not decoded
3,NASCAR6_TEXTURES_X.ARC,draft_mask2.png,shared_vehicle_textures,Shared Vehicle Textures,On-track car / shared vehicle,Shared vehicle material texture,draft mask2,likely,True,indexed,256,4,256,4,DXT5,163840,5837096,Mapped from the clean NASCAR 15 shared vehicle texture bank.,
3,NASCAR6_TEXTURES_X.ARC,dummyalpha.dds,shared_vehicle_textures,Shared Vehicle Textures,On-track car / shared vehicle,Shared vehicle material texture,dummyalpha,likely,True,indexed,8,8,8,8,DXT1,32768,6001032,Mapped from the clean NASCAR 15 shared vehicle texture bank.,
3,NASCAR6_TEXTURES_X.ARC,GLASS.dds,shared_vehicle_textures,Shared Vehicle Textures,On-track car / shared vehicle,Shared vehicle material texture,GLASS,likely,True,indexed,32,32,32,32,DXT5,98304,6033864,Mapped from the clean NASCAR 15 shared vehicle texture bank.,
3,NASCAR6_TEXTURES_X.ARC,GLASS2.png,shared_vehicle_textures,Shared Vehicle Textures,On-track car / shared vehicle,Shared vehicle material texture,GLASS2,likely,True,indexed,32,32,32,32,DXT5,98304,6132248,Mapped from the clean NASCAR 15 shared vehicle texture bank.,
3,NASCAR6_TEXTURES_X.ARC,Grey.dds,shared_vehicle_textures,Shared Vehicle Textures,On-track car / shared vehicle,Shared vehicle material texture,Grey,likely,True,indexed,32,32,32,32,DXT1,49152,6230632,Mapped from the clean NASCAR 15 shared vehicle texture bank.,
3,NASCAR6_TEXTURES_X.ARC,LOD2_Fuel.dds,shared_vehicle_textures,Shared Vehicle Textures,On-track car / shared vehicle,Shared vehicle material texture,LOD2 Fuel,likely,True,indexed,256,256,256,256,DXT1,98304,6279864,Mapped from the clean NASCAR 15 shared vehicle texture bank.,
3,NASCAR6_TEXTURES_X.ARC,nascar_2013_DLC_UPG0_OCC.dds,shared_vehicle_textures,Shared Vehicle Textures,On-track car / shared vehicle,Shared vehicle material texture,nascar 2013 DLC UPG0 OCC,likely,True,indexed,2048,1024,2048,1024,DXT1,1458176,6378264,Mapped from the clean NASCAR 15 shared vehicle texture bank.,
3,NASCAR6_TEXTURES_X.ARC,nascar_2014_DLC_UPG2_OCC.dds,shared_vehicle_textures,Shared Vehicle Textures,On-track car / shared vehicle,Shared vehicle material texture,nascar 2014 DLC UPG2 OCC,likely,True,indexed,2048,1024,2048,1024,DXT1,1458176,7836568,Mapped from the clean NASCAR 15 shared vehicle texture bank.,
3,NASCAR6_TEXTURES_X.ARC,nascar_2015_DLC_UPG3_OCC.dds,shared_vehicle_textures,Shared Vehicle Textures,On-track car / shared vehicle,Shared vehicle material texture,nascar 2015 DLC UPG3 OCC,likely,True,indexed,2048,1024,2048,1024,DXT1,1458176,9294872,Mapped from the clean NASCAR 15 shared vehicle texture bank.,
3,NASCAR6_TEXTURES_X.ARC,nascarpaint_diffuserefl1.dds,shared_vehicle_textures,Shared Vehicle Textures,On-track car / shared vehicle,Shared vehicle material texture,nascarpaint diffuserefl1,likely,False,indexed,32,32,32,32,A8R8G8B8,4096,10753176,Indexed from the clean game; 32-bit PNG editing remains unavailable.,32-bit format not decoded
3,NASCAR6_TEXTURES_X.ARC,nascarpaint_diffuserefl2.dds,shared_vehicle_textures,Shared Vehicle Textures,On-track car / shared vehicle,Shared vehicle material texture,nascarpaint diffuserefl2,likely,False,indexed,32,32,32,32,A8R8G8B8,4096,10757304,Indexed from the clean game; 32-bit PNG editing remains unavailable.,32-bit format not decoded
3,NASCAR6_TEXTURES_X.ARC,nascarpaint_specular1.dds,shared_vehicle_textures,Shared Vehicle Textures,On-track car / shared vehicle,Shared vehicle material texture,nascarpaint specular1,likely,False,indexed,32,32,32,32,A8R8G8B8,4096,10761432,Indexed from the clean game; 32-bit PNG editing remains unavailable.,32-bit format not decoded
3,NASCAR6_TEXTURES_X.ARC,nascarpaint_specular2.dds,shared_vehicle_textures,Shared Vehicle Textures,On-track car / shared vehicle,Shared vehicle material texture,nascarpaint specular2,likely,False,indexed,32,32,32,32,A8R8G8B8,4096,10765560,Indexed from the clean game; 32-bit PNG editing remains unavailable.,32-bit format not decoded
3,NASCAR6_TEXTURES_X.ARC,noise.tga,shared_vehicle_textures,Shared Vehicle Textures,On-track car / shared vehicle,Shared vehicle material texture,noise,likely,True,indexed,256,256,256,256,DXT1,98304,10769688,Mapped from the clean NASCAR 15 shared vehicle texture bank.,
3,NASCAR6_TEXTURES_X.ARC,noiseMask.tga,shared_vehicle_textures,Shared Vehicle Textures,On-track car / shared vehicle,Shared vehicle material texture,noiseMask,likely,True,indexed,32,32,32,32,DXT1,49152,10868088,Mapped from the clean NASCAR 15 shared vehicle texture bank.,
3,NASCAR6_TEXTURES_X.ARC,PetrolCap.dds,shared_vehicle_textures,Shared Vehicle Textures,On-track car / shared vehicle,Shared vehicle material texture,PetrolCap,likely,True,indexed,128,128,128,128,DXT1,65536,10917320,Mapped from the clean NASCAR 15 shared vehicle texture bank.,
3,NASCAR6_TEXTURES_X.ARC,smoketrail.tga,shared_vehicle_textures,Shared Vehicle Textures,On-track car / shared vehicle,Shared vehicle material texture,smoketrail,likely,True,indexed,64,64,64,64,DXT5,114688,10982952,Mapped from the clean NASCAR 15 shared vehicle texture bank.,
3,NASCAR6_TEXTURES_X.ARC,Tyre02-D.dds,tire_wheel_textures,Tires & Wheels,On-track car / shared vehicle,Worn tire sidewall and tread,Worn tire sidewall and tread,likely,True,indexed,1024,512,1024,512,DXT1,409600,11097720,Mapped from the clean NASCAR 15 shared vehicle texture bank.,
3,NASCAR6_TEXTURES_X.ARC,Tyre02-DN.dds,tire_wheel_textures,Tires & Wheels,On-track car / shared vehicle,Worn tire normal map,Worn tire normal map,likely,True,indexed,2048,1024,2048,1024,DXT1,1458176,11507432,Mapped from the clean NASCAR 15 shared vehicle texture bank.,
3,NASCAR6_TEXTURES_X.ARC,Tyre02-DS.dds,tire_wheel_textures,Tires & Wheels,On-track car / shared vehicle,Worn tire shine/specular map,Worn tire shine/specular map,likely,True,indexed,1024,512,1024,512,DXT1,409600,12965736,Mapped from the clean NASCAR 15 shared vehicle texture bank.,
3,NASCAR6_TEXTURES_X.ARC,Tyre02-N.dds,tire_wheel_textures,Tires & Wheels,On-track car / shared vehicle,Clean tire normal map,Clean tire normal map,likely,True,indexed,2048,1024,2048,1024,DXT1,1458176,13375448,Mapped from the clean NASCAR 15 shared vehicle texture bank.,
3,NASCAR6_TEXTURES_X.ARC,Tyre02-S.dds,tire_wheel_textures,Tires & Wheels,On-track car / shared vehicle,Clean tire shine/specular map,Clean tire shine/specular map,likely,True,indexed,1024,512,1024,512,DXT1,409600,14833752,Mapped from the clean NASCAR 15 shared vehicle texture bank.,
3,NASCAR6_TEXTURES_X.ARC,Tyre02.dds,tire_wheel_textures,Tires & Wheels,On-track car / shared vehicle,Clean tire sidewall and tread,Clean tire sidewall and tread,likely,True,indexed,2048,1024,2048,1024,DXT1,1458176,15243464,Mapped from the clean NASCAR 15 shared vehicle texture bank.,
3,NASCAR6_TEXTURES_X.ARC,wheelblurNEW.dds,tire_wheel_textures,Tires & Wheels,On-track car / shared vehicle,Spinning wheel blur texture,Spinning wheel blur texture,likely,True,indexed,512,512,512,512,DXT1,229376,16701768,Mapped from the clean NASCAR 15 shared vehicle texture bank.,
3,NASCAR6_TEXTURES_X.ARC,White.dds,shared_vehicle_textures,Shared Vehicle Textures,On-track car / shared vehicle,Shared vehicle material texture,White,likely,True,indexed,8,8,8,8,DXT1,32768,16931256,Mapped from the clean NASCAR 15 shared vehicle texture bank.,
3,NASCAR6_TEXTURES_X.ARC,windirt3.dds,shared_vehicle_textures,Shared Vehicle Textures,On-track car / shared vehicle,Shared vehicle material texture,windirt3,likely,True,indexed,1024,512,1024,512,DXT1,409600,16964088,Mapped from the clean NASCAR 15 shared vehicle texture bank.,
3,NASCAR6_TEXTURES_X.ARC,windowbolt.dds,shared_vehicle_textures,Shared Vehicle Textures,On-track car / shared vehicle,Shared vehicle material texture,windowbolt,likely,True,indexed,64,64,64,64,DXT5,114688,17373800,Mapped from the clean NASCAR 15 shared vehicle texture bank.,
3,NASCAR6_TEXTURES_X.ARC,windowbolt_N.dds,shared_vehicle_textures,Shared Vehicle Textures,On-track car / shared vehicle,Shared vehicle material texture,windowbolt N,likely,True,indexed,64,64,64,64,DXT1,57344,17488568,Mapped from the clean NASCAR 15 shared vehicle texture bank.,
3,NASCAR6_TEXTURES_X.ARC,engine.dds,shared_vehicle_textures,Shared Vehicle Textures,On-track car / shared vehicle,Shared vehicle material texture,engine,likely,True,indexed,1024,1024,1024,1024,DXT5,1507328,984,Mapped from the clean NASCAR 15 shared vehicle texture bank.,
3,NASCAR6_TEXTURES_X.ARC,engine_alt0_occ.dds,shared_vehicle_textures,Shared Vehicle Textures,On-track car / shared vehicle,Shared vehicle material texture,engine alt0 occ,likely,True,indexed,512,512,512,512,DXT1,180224,1508424,Mapped from the clean NASCAR 15 shared vehicle texture bank.,
3,NASCAR6_TEXTURES_X.ARC,engine_alt2_occ.dds,shared_vehicle_textures,Shared Vehicle Textures,On-track car / shared vehicle,Shared vehicle material texture,engine alt2 occ,likely,True,indexed,512,512,512,512,DXT1,229376,1688712,Mapped from the clean NASCAR 15 shared vehicle texture bank.,
3,NASCAR6_TEXTURES_X.ARC,engine_alt3_occ.dds,shared_vehicle_textures,Shared Vehicle Textures,On-track car / shared vehicle,Shared vehicle material texture,engine alt3 occ,likely,True,indexed,512,512,512,512,DXT1,229376,1918200,Mapped from the clean NASCAR 15 shared vehicle texture bank.,
